birdnet,ebird2021,comment
Abroscopus albogularis,rufwar1,
Abroscopus superciliaris,yebwar1,
Aburria aburri,watgua1,
Acanthagenys rufogularis,spchon1,
Acanthis cabaret,lesred1,
Acanthis flammea,comred,
Acanthis hornemanni,hoared,
Acanthiza chrysorrhoa,yertho1,
Acanthiza pusilla,brotho1,
Acanthorhynchus tenuirostris,easspi1,
Accipiter badius,shikra1,
Accipiter bicolor,bichaw1,
Accipiter cooperii,coohaw,
Accipiter fasciatus,brogos1,
Accipiter gentilis,norgos,
Accipiter nisus,eurspa1,
Accipiter striatus,shshaw,
Accipiter tachiro,afrgos1,
Acridotheres cristatellus,cremyn,
Acridotheres fuscus,junmyn1,
Acridotheres tristis,commyn,
Acrocephalus agricola,padwar1,
Acrocephalus arundinaceus,grrwar1,
Acrocephalus australis,aurwar1,
Acrocephalus bistrigiceps,bbrwar1,
Acrocephalus dumetorum,blrwar1,
Acrocephalus gracilirostris,leswar1,
Acrocephalus melanopogon,mouwar1,
Acrocephalus orientalis,orrwar1,
Acrocephalus palustris,marwar3,
Acrocephalus schoenobaenus,sedwar1,
Acrocephalus scirpaceus,eurwar1,
Acrocephalus stentoreus,clrwar1,
Acropternis orthonyx,ocetap1,
Actinodura strigula,chtmin1,
Actitis hypoleucos,comsan,
Actitis macularius,sposan,
Adelomyia melanogenys,spehum1,
Aechmophorus clarkii,clagre,
Aechmophorus occidentalis,wesgre,
Aegithalos caudatus,lottit1,
Aegithalos concinnus,blttit2,
Aegithina tiphia,comior1,
Aegolius acadicus,nswowl,
Aegolius funereus,borowl,
Aegotheles cristatus,auonig1,
Aeronautes saxatalis,whtswi,
Aethopyga christinae,fotsun1,
Aethopyga nipalensis,grtsun1,
Aethopyga siparaja,eacsun1,
Agapornis roseicollis,peflov,
Agelaioides badius,bawcow4,
Agelaius phoeniceus,rewbla,
Agelaius tricolor,tribla,
Agelasticus thilius,yewbla2,
Ailuroedus crassirostris,grecat1,
Aimophila rufescens,russpa1,
Aimophila ruficeps,rucspa,
Aix galericulata,manduc,
Aix sponsa,wooduc,
Alauda arvensis,skylar,
Alauda gulgula,orisky1,
Alaudala rufescens,mstlar1,
Alca torda,razorb,
Alcedo atthis,comkin1,
Alcippe morrisonia,gycful1,
Alcippe poioicephala,brcful1,
Alectoris chukar,chukar,
Alectoris rufa,relpar1,
Alisterus scapularis,aukpar1,
Alophoixus ochraceus,ochbul2,
Alopochen aegyptiaca,egygoo,
Amandava amandava,redava,
Amaurornis phoenicurus,whbwat1,
Amazilia rutila,cinhum1,
Amazilia tzacatl,rtlhum,
Amazilia yucatanensis,bubhum,
Amazona aestiva,bufpar,
Amazona albifrons,whfpar1,
Amazona amazonica,orwpar,
Amazona auropalliata,yenpar1,
Amazona autumnalis,relpar,
Amazona farinosa,meapar,
Amazona finschi,licpar,
Amazona mercenarius,scnpar1,
Amazona ochrocephala,ywcpar,
Amazona oratrix,yehpar,
Amazona viridigenalis,recpar,
Amblycercus holosericeus,yebcac1,
Amblyramphus holosericeus,schbla1,
Ammodramus aurifrons,yebspa1,
Ammodramus humeralis,graspa1,
Ammodramus savannarum,graspa,
Ammospiza leconteii,lecspa,
Ammospiza maritima,seaspa,
Ammospiza nelsoni,nstspa,
Amphispiza bilineata,bktspa,
Anabacerthia striaticollis,mofgle1,
Anabacerthia variegaticeps,stfgle1,
Anairetes parulus,tuttyr1,
Anas acuta,norpin,
Anas crecca,gnwtea,
Anas platyrhynchos,mallar3,
Anas poecilorhyncha,isbduc1,
Andigena laminirostris,pbmtou1,
Andropadus importunus,somgre1,
Anhima cornuta,horscr1,
Anhinga anhinga,anhing,
Anisognathus igniventris,sbmtan1,
Anous minutus,blknod,
Anous stolidus,brnnod,
Anser albifrons,gwfgoo,
Anser anser,gragoo,
Anser brachyrhynchus,pifgoo,
Anser caerulescens,snogoo,
Anser fabalis,taibeg1,
Anser rossii,rosgoo,
Anser serrirostris,tunbeg1,
Anthochaera carunculata,redwat1,
Anthochaera chrysoptera,bruwat1,
Anthornis melanura,nezbel1,
Anthracoceros albirostris,orphor1,
Anthreptes malacensis,pltsun2,
Anthus campestris,tawpip1,
Anthus cervinus,retpip,
Anthus cinnamomeus,afrpip1,
Anthus correndera,corpip1,
Anthus hodgsoni,olbpip,
Anthus lutescens,yelpip2,
Anthus petrosus,rocpip1,
Anthus pratensis,meapip1,
Anthus richardi,ricpip1,
Anthus rubescens,amepip,
Anthus rufulus,oripip1,
Anthus similis,lobpip1,
Anthus spinoletta,watpip1,
Anthus spragueii,sprpip,
Anthus trivialis,trepip,
Antigone canadensis,sancra,
Antilophia galeata,helman1,
Antrostomus arizonae,souwpw1,
Antrostomus carolinensis,chwwid,
Antrostomus vociferus,easwpw1,
Anumbius annumbi,firgat1,
Apalis flavida,yebapa1,
Apalis thoracica,batapa2,
Aphelocoma californica,cowscj1,
Aphelocoma coerulescens,flsjay,
Aphelocoma wollweberi,mexjay4,
Aphelocoma woodhouseii,wooscj2,
Aphrastura spinicauda,thtray1,
Aplonis metallica,metsta1,
Aplonis panayensis,asgsta1,
Apus affinis,litswi1,
Apus apus,comswi,
Apus melba,alpswi1,
Apus pallidus,palswi3,
Aquila chrysaetos,goleag,
Ara ararauna,baymac,
Ara chloropterus,ragmac1,
Ara macao,scamac1,
Ara militaris,milmac,
Ara severus,chfmac1,
Arachnothera longirostra,litspi1,
Arachnothera magna,strspi1,
Aramides cajaneus,gycwor1,
Aramides saracura,sbwrai1,
Aramides ypecaha,giwrai1,
Aramus guarauna,limpki,
Aratinga nenday,bkhpar,
Aratinga weddellii,duhpar,
Arborophila torqueola,hilpar1,
Archilochus alexandri,bkchum,
Archilochus colubris,rthhum,
Ardea alba,greegr,
Ardea cinerea,graher1,
Ardea cocoi,cocher1,
Ardea herodias,grbher3,
Ardea purpurea,purher1,
Ardenna grisea,sooshe,
Ardenna pacifica,wetshe,
Ardenna tenuirostris,shtshe,
Arenaria interpres,rudtur,
Arenaria melanocephala,blktur,
Argya affinis,yebbab1,
Argya caudata,combab3,
Argya malcolmi,lagbab2,
Argya striata,junbab2,
Argya subrufa,rufbab3,
Arremon assimilis,sthbrf8,
Arremon aurantiirostris,orbspa1,
Arremon brunneinucha,ccbfin,
Arremon flavirostris,sabspa1,
Arremon taciturnus,pecspa1,
Arremonops chloronotus,grbspa1,
Arremonops conirostris,blsspa1,
Arremonops rufivirgatus,olispa,
Artamus fuscus,ashwoo2,
Artamus leucorynchus,whbwoo4,
Artemisiospiza belli,belspa2,
Artemisiospiza nevadensis,sagspa1,
Arundinax aedon,thbwar1,
Asemospiza obscura,ducgra2,
Asio clamator,strowl1,
Asio flammeus,sheowl,
Asio otus,loeowl,
Asthenes modesta,corcan1,
Asthenes pyrrholeuca,shbcan2,
Atalotriccus pilaris,peptyr1,
Athene brama,spoowl1,
Athene cunicularia,burowl,
Athene noctua,litowl1,
Atlapetes albinucha,wnbfin1,
Atlapetes latinuchus,yebbrf1,
Atlapetes pallidinucha,pnbfin1,
Atlapetes pileatus,rcbfin1,
Atlapetes schistaceus,slbfin2,
Atlapetes tricolor,trbfin1,
Attila cinnamomeus,cinatt1,
Attila rufus,gyhatt1,
Attila spadiceus,brratt1,
Aulacorhynchus albivitta,souemt1,
Aulacorhynchus haematopygus,crrtou1,
Aulacorhynchus prasinus,noremt1,
Auriparus flaviceps,verdin,
Automolus leucophthalmus,wefgle1,
Automolus ochrolaemus,btfgle1,
Aythya affinis,lessca,
Aythya collaris,rinduc,
Aythya ferina,compoc,
Aythya fuligula,tufduc,
Aythya marila,gresca,
Aythya valisineria,canvas,
Baeolophus atricristatus,blctit4,
Baeolophus bicolor,tuftit,
Baeolophus inornatus,oaktit,
Baeolophus ridgwayi,juntit1,
Baeolophus wollweberi,britit,
Bartramia longicauda,uplsan,
Baryphthengus martii,rufmot1,
Baryphthengus ruficapillus,rucmot2,
Basileuterus belli,gobwar1,
Basileuterus culicivorus,gcrwar,
Basileuterus delattrii,rucwar4,
Basileuterus rufifrons,rucwar,
Basileuterus tristriatus,thswar1,
Basilinna leucotis,whehum,
Batis capensis,capbat1,
Batis molitor,chibat1,
Blythipicus pyrrhotis,baywoo1,
Bolborhynchus lineola,barpar1,
Bombycilla cedrorum,cedwax,
Bombycilla garrulus,bohwax,
Bonasa umbellus,rufgro,
Bostrychia hagedash,hadibi1,
Botaurus lentiginosus,amebit,
Botaurus stellaris,grebit1,
Brachypodius priocephalus,gyhbul1,
Brachypteryx leucophris,lessho1,
Brachyramphus marmoratus,marmur,
Branta bernicla,brant,
Branta canadensis,cangoo,
Branta hutchinsii,cacgoo1,
Branta leucopsis,bargoo,
Branta sandvicensis,hawgoo,
Brotogeris chiriri,yecpar,
Brotogeris chrysoptera,gowpar2,
Brotogeris cyanoptera,cowpar1,
Brotogeris jugularis,orcpar,
Brotogeris tirica,plapar1,
Bubo bubo,eueowl1,
Bubo virginianus,grhowl,
Bubulcus ibis,categr,
Bucanetes githagineus,trufin2,
Bucephala albeola,buffle,
Bucephala clangula,comgol,
Buceros bicornis,grehor1,
Buceros rhinoceros,rhihor1,
Bulweria bulwerii,bulpet,
Burhinus grallarius,butkne1,
Burhinus indicus,indthk1,
Burhinus oedicnemus,eutkne1,
Busarellus nigricollis,blchaw1,
Buteo albonotatus,zothaw,
Buteo brachyurus,shthaw,
Buteo buteo,combuz1,
Buteo jamaicensis,rethaw,
Buteo lineatus,reshaw,
Buteo nitidus,gryhaw3,
Buteo plagiatus,gryhaw2,
Buteo platypterus,brwhaw,
Buteo solitarius,hawhaw,
Buteo swainsoni,swahaw,
Buteogallus anthracinus,comblh1,
Buteogallus meridionalis,savhaw1,
Buteogallus urubitinga,grbhaw1,
Butorides striata,strher,
Butorides virescens,grnher,
Cacatua galerita,succoc,
Cacatua goffiniana,tancoc1,
Cacatua sanguinea,litcor2,
Cacicus cela,yercac1,
Cacicus chrysonotus,moucac1,
Cacicus chrysopterus,gowcac1,
Cacicus haemorrhous,rercac1,
Cacicus solitarius,sobcac1,
Cacicus uropygialis,scrcac1,
Cacomantis flabelliformis,fatcuc1,
Cacomantis merulinus,placuc1,
Cacomantis pallidus,palcuc1,
Cacomantis passerinus,placuc3,
Cacomantis sonneratii,babcuc2,
Cacomantis variolosus,brucuc1,
Calamospiza melanocorys,larbun,
Calandrella brachydactyla,gstlar1,
Calandrella cinerea,reclar1,
Calcarius lapponicus,laplon,
Calcarius ornatus,chclon,
Calcarius pictus,smilon,
Calendulauda sabota,sablar2,
Calidris acuminata,shtsan,
Calidris alba,sander,
Calidris alpina,dunlin,
Calidris bairdii,baisan,
Calidris canutus,redkno,
Calidris ferruginea,cursan,
Calidris fuscicollis,whrsan,
Calidris himantopus,stisan,
Calidris maritima,pursan,
Calidris mauri,wessan,
Calidris melanotos,pecsan,
Calidris minuta,litsti,
Calidris minutilla,leasan,
Calidris pugnax,ruff,
Calidris pusilla,semsan,
Calidris subruficollis,bubsan,
Calidris temminckii,temsti,
Caligavis chrysops,yefhon1,
Calliope calliope,sibrub,
Callipepla californica,calqua,
Callipepla gambelii,gamqua,
Callipepla squamata,scaqua,
Calocitta colliei,btmjay,
Calocitta formosa,wtmjay1,
Calonectris diomedea,corshe,
Calypte anna,annhum,
Calypte costae,coshum,
Calyptorhynchus banksii,rtbcoc1,
Calyptorhynchus funereus,ytbcoc1,
Camaroptera brachyura,grbcam1,
Campephilus guatemalensis,pabwoo1,
Campephilus melanoleucos,crcwoo1,
Campephilus pollens,powwoo1,
Campephilus rubricollis,renwoo1,
Camptostoma imberbe,nobtyr,
Camptostoma obsoletum,sobtyr1,
Campylopterus hemileucurus,viosab1,
Campylorhamphus trochilirostris,rebscy1,
Campylorhynchus brunneicapillus,cacwre,
Campylorhynchus fasciatus,faswre1,
Campylorhynchus griseus,bicwre1,
Campylorhynchus rufinucha,runwre1,
Campylorhynchus turdinus,thlwre1,
Campylorhynchus zonatus,babwre1,
Cantorchilus elutus,istwre1,
Cantorchilus leucotis,bubwre1,
Cantorchilus longirostris,lobwre1,
Cantorchilus modestus,plawre1,
Cantorchilus nigricapillus,baywre1,
Cantorchilus semibadius,rivwre1,
Cantorchilus thoracicus,stbwre1,
Capito auratus,gilbar1,
Caprimulgus affinis,savnig1,
Caprimulgus asiaticus,indnig1,
Caprimulgus atripennis,jernig1,
Caprimulgus europaeus,eurnig1,
Caprimulgus macrurus,latnig2,
Caprimulgus ruficollis,rennig1,
Capsiempis flaveola,yeltyr1,
Caracara plancus,crecar1,
Cardellina canadensis,canwar,
Cardellina pusilla,wlswar,
Cardellina rubra,redwar1,
Cardellina rubrifrons,refwar,
Cardinalis cardinalis,norcar,
Cardinalis sinuatus,pyrrhu,
Carduelis carduelis,eurgol,
Carduelis citrinella,citfin1,
Cariama cristata,relser1,
Carpodacus erythrinus,comros,
Caryothraustes poliogaster,blfgro1,
Cassiculus melanicterus,yewcac1,
Catharus aurantiirostris,obnthr1,
Catharus bicknelli,bicthr,
Catharus frantzii,rcnthr1,
Catharus fuscater,sbnthr1,
Catharus fuscescens,veery,
Catharus gracilirostris,bbnthr1,
Catharus guttatus,herthr,
Catharus mexicanus,bhnthr1,
Catharus minimus,gycthr,
Catharus ustulatus,swathr,
Catherpes mexicanus,canwre,
Cecropis abyssinica,lessts1,
Cecropis daurica,rerswa1,
Celeus elegans,chewoo2,
Celeus flavescens,blcwoo2,
Celeus flavus,crcwoo2,
Centrocercus urophasianus,saggro,
Centronyx bairdii,baispa,
Centronyx henslowii,henspa,
Centropus bengalensis,lescou1,
Centropus sinensis,grecou1,
Centropus superciliosus,whbcou1,
Centropus viridis,phicou1,
Ceratopipra erythrocephala,gohman1,
Ceratopipra mentalis,recman1,
Cercomacra cinerascens,gryant2,
Cercomacra nigricans,jetant1,
Cercomacroides tyrannina,dusant1,
Cercotrichas galactotes,rtsrob1,
Cercotrichas leucophrys,rbsrob1,
Certhia americana,brncre,
Certhia brachydactyla,shttre1,
Certhia familiaris,eurtre1,
Certhiaxis cinnamomeus,yecspi2,
Ceryle rudis,piekin1,
Cettia cetti,cetwar1,
Chaetura cinereiventris,grrswi1,
Chaetura meridionalis,sicswi1,
Chaetura pelagica,chiswi,
Chaetura vauxi,vauswi,
Chalcomitra senegalensis,sccsun2,
Chalcophaps indica,emedov2,
Chamaea fasciata,wrenti,
Chamaeza campanisona,shtant1,
Charadrius alexandrinus,kenplo1,
Charadrius dubius,lirplo,
Charadrius hiaticula,corplo,
Charadrius melodus,pipplo,
Charadrius nivosus,snoplo5,
Charadrius semipalmatus,semplo,
Charadrius vociferus,killde,
Charadrius wilsonia,wilplo,
Chasiempis sandwichensis,elepai,
Chauna torquata,souscr1,
Chiroxiphia caudata,swtman1,
Chiroxiphia lanceolata,latman1,
Chiroxiphia linearis,lotman1,
Chiroxiphia pareola,blbman1,
Chlidonias hybrida,whiter2,
Chlidonias leucopterus,whwter,
Chlidonias niger,blkter,
Chlorestes cyanus,whcsap1,
Chloris chloris,eurgre1,
Chloris sinica,origre,
Chloroceryle amazona,amakin1,
Chloroceryle americana,grnkin,
Chlorodrepanis virens,hawama,
Chlorophanes spiza,grehon1,
Chlorophonia cyanea,blnchl1,
Chlorophonia cyanocephala,goreup1,
Chlorophonia elegantissima,eleeup1,
Chloropicus fuscescens,carwoo1,
Chloropsis aurifrons,goflea1,
Chloropsis cochinchinensis,blwlea1,
Chloropsis hardwickii,orblea1,
Chloropsis jerdoni,jerlea1,
Chlorornis riefferii,grgtan1,
Chlorospingus flavigularis,ytbtan1,
Chlorospingus flavopectus,cobtan1,
Chlorospingus pileatus,scbtan1,
Chlorospingus semifuscus,dubtan1,
Chlorostilbon lucidus,glbeme1,
Chlorothraupis carmioli,olitan1,
Chlorothraupis stolzmanni,ocbtan1,
Chondestes grammacus,larspa,
Chordeiles acutipennis,lesnig,
Chordeiles gundlachii,antnig,
Chordeiles minor,comnig,
Chroicocephalus genei,slbgul1,
Chroicocephalus maculipennis,brhgul2,
Chroicocephalus novaehollandiae,silgul1,
Chroicocephalus philadelphia,bongul,
Chroicocephalus ridibundus,bkhgul,
Chroicocephalus serranus,andgul1,
Chrysococcyx basalis,hobcuc1,
Chrysococcyx caprius,didcuc1,
Chrysococcyx cupreus,afecuc1,
Chrysococcyx klaas,klacuc1,
Chrysococcyx lucidus,shbcuc1,
Chrysococcyx minutillus,libcuc1,
Chrysocolaptes guttacristatus,grefla1,
Chrysolophus pictus,golphe,
Chrysomma sinense,yeebab1,
Chrysomus icterocephalus,yehbla2,
Chrysomus ruficapillus,chcbla2,
Chrysuronia oenone,gotsap1,
Ciccaba nigrolineata,bawowl1,
Ciccaba virgata,motowl,
Cichladusa guttata,spmthr1,
Ciconia ciconia,whisto1,
Cinclodes fuscus,buwcin1,
Cincloramphus mathewsi,rufson1,
Cincloramphus timoriensis,tawgra3,
Cinclus cinclus,whtdip1,
Cinclus mexicanus,amedip,
Cinnycerthia olivascens,shawre1,
Cinnycerthia unirufa,rufwre1,
Cinnyris asiaticus,pursun4,
Cinnyris chalybeus,sdcsun3,
Cinnyris jugularis,olbsun4,
Cinnyris lotenius,lobsun2,
Cinnyris talatala,whbsun2,
Cinnyris venustus,varsun2,
Circaetus gallicus,shteag1,
Circus aeruginosus,wemhar1,
Circus hudsonius,norhar2,
Circus pygargus,monhar1,
Cissa chinensis,gremag1,
Cissopis leverianus,magtan2,
Cisticola cantans,sincis1,
Cisticola chiniana,ratcis1,
Cisticola erythrops,refcis1,
Cisticola exilis,gohcis1,
Cisticola juncidis,zitcis1,
Cisticola tinniens,tincis1,
Cistothorus palustris,marwre,
Cistothorus platensis,sedwre,
Cistothorus stellaris,sedwre,
Clamator glandarius,grscuc1,
Clamator jacobinus,piecuc1,
Clangula hyemalis,lotduc,
Claravis pretiosa,blgdov1,
Clibanornis rubiginosus,rufgle1,
Cnemotriccus fuscatus,fusfly1,
Coccothraustes coccothraustes,hawfin,
Coccothraustes vespertinus,evegro,
Coccycua minuta,litcuc2,
Coccyzus americanus,yebcuc,
Coccyzus erythropthalmus,bkbcuc,
Coccyzus melacoryphus,dabcuc1,
Coccyzus minor,mancuc,
Cochlearius cochlearius,bobher1,
Coereba flaveola,banana,
Colaptes auratus,norfli,
Colaptes campestris,camfli1,
Colaptes chrysoides,gilfli,
Colaptes melanochloros,grbwoo3,
Colaptes punctigula,spbwoo1,
Colaptes rivolii,crmwoo2,
Colaptes rubiginosus,goowoo1,
Colaptes rupicola,andfli1,
Colibri coruscans,spvear1,
Colibri cyanotus,lesvio1,
Colibri delphinae,brvear1,
Colibri thalassinus,grnvie1,
Colinus cristatus,crebob1,
Colinus virginianus,norbob,
Colius striatus,spemou2,
Colluricincla harmonica,grysht1,
Colonia colonus,lottyr1,
Colorhamphus parvirostris,pattyr2,
Columba livia,rocpig,
Columba oenas,stodov1,
Columba palumbus,cowpig1,
Columbina inca,incdov,
Columbina minuta,pbgdov1,
Columbina passerina,cogdov,
Columbina picui,pigdov1,
Columbina squammata,scadov1,
Columbina talpacoti,rugdov,
Conirostrum speciosum,chvcon1,
Conopophaga lineata,rufgna3,
Contopus cinereus,tropew1,
Contopus cooperi,olsfly,
Contopus fumigatus,smcpew1,
Contopus pertinax,grepew,
Contopus sordidulus,wewpew,
Contopus virens,eawpew,
Copsychus fulicatus,indrob1,
Copsychus malabaricus,whrsha,
Copsychus saularis,magrob,
Coracias benghalensis,indrol1,
Coracias garrulus,eurrol1,
Coracina macei,larcus1,
Coracina novaehollandiae,bkfcus1,
Coragyps atratus,blkvul,
Corcorax melanorhamphos,whwcho1,
Cormobates leucophaea,whttre3,
Corthylio calendula,ruckin,
Corvus albus,piecro1,
Corvus brachyrhynchos,amecro,
Corvus corax,comrav,
Corvus cornix,hoocro1,
Corvus corone,carcro1,
Corvus coronoides,ausrav1,
Corvus cryptoleucus,chirav,
Corvus enca,slbcro1,
Corvus frugilegus,rook1,
Corvus hawaiiensis,hawcro,
Corvus macrorhynchos,labcro1,
Corvus mellori,litrav1,
Corvus monedula,eurjac,
Corvus orru,torcro2,
Corvus ossifragus,fiscro,
Corvus splendens,houcro1,
Coryphospingus cucullatus,recfin1,
Coryphospingus pileatus,pilfin1,
Corythopis delalandi,souant1,
Cossypha caffra,carcha1,
Cossypha heuglini,wbrcha2,
Cossypha natalensis,rcrcha1,
Coturnicops noveboracensis,yelrai,
Coturnix coturnix,comqua1,
Coturnix japonica,japqua,
Cracticus nigrogularis,piebut1,
Cracticus quoyi,blabut1,
Cracticus torquatus,grybut1,
Cranioleuca erythrops,refspi1,
Cranioleuca pallida,palspi1,
Cranioleuca pyrrhophia,stcspi2,
Crax fasciolata,bafcur1,
Crex crex,corcra,
Crithagra mozambica,yefcan,
Crotophaga ani,smbani,
Crotophaga major,greani1,
Crotophaga sulcirostris,grbani,
Crypturellus boucardi,slbtin1,
Crypturellus cinereus,cintin1,
Crypturellus cinnamomeus,thitin1,
Crypturellus obsoletus,brotin1,
Crypturellus parvirostris,smbtin1,
Crypturellus soui,littin1,
Crypturellus tataupa,tattin1,
Crypturellus undulatus,undtin1,
Crypturellus variegatus,vartin1,
Cuculus canorus,comcuc,
Cuculus clamosus,blacuc1,
Cuculus micropterus,indcuc1,
Cuculus optatus,oricuc2,
Cuculus solitarius,reccuc1,
Culicicapa ceylonensis,gyhcaf1,
Curaeus curaeus,ausbla1,
Curruca communis,grewhi1,
Curruca curruca,leswhi1,
Curruca hortensis,weowar2,
Curruca iberiae,subwar6,
Curruca melanocephala,sarwar1,
Curruca undata,darwar1,
Cyanerpes cyaneus,relhon1,
Cyanistes caeruleus,blutit,
Cyanistes teneriffae,afbtit2,
Cyanocitta cristata,blujay,
Cyanocitta stelleri,stejay,
Cyanocompsa parellina,blubun,
Cyanocorax affinis,blcjay1,
Cyanocorax caeruleus,azujay1,
Cyanocorax chrysops,plcjay1,
Cyanocorax cristatellus,cucjay1,
Cyanocorax cyanomelas,purjay1,
Cyanocorax melanocyaneus,bucjay1,
Cyanocorax violaceus,viojay1,
Cyanocorax yncas,grnjay,
Cyanocorax yucatanicus,yucjay1,
Cyanoderma chrysaeum,golbab1,
Cyanoderma erythropterum,chwbab1,
Cyanoderma ruficeps,rucbab1,
Cyanoliseus patagonus,burpar,
Cyanoloxia brissonii,ultgro1,
Cyanoloxia cyanoides,bubgro1,
Cyanolyca turcosa,turjay1,
Cyanomitra olivacea,eaosun1,
Cyanopica cooki,azwmag3,
Cyanoptila cyanomelana,bawfly2,
Cyclarhis gujanensis,rubpep1,
Cyclarhis nigrirostris,blbpep1,
Cygnus buccinator,truswa,
Cygnus columbianus,tunswa,
Cygnus cygnus,whoswa,
Cygnus olor,mutswa,
Cymbilaimus lineatus,fasant1,
Cynanthus latirostris,brbhum,
Cyornis hainanus,habfly1,
Cyornis rubeculoides,butfly1,
Cyornis tickelliae,tibfly3,
Cyphorhinus phaeocephalus,sonwre1,
Cypsiurus balasiensis,aspswi1,
Cyrtonyx montezumae,monqua,
Dacelo novaeguineae,laukoo1,
Dacnis cayana,bludac1,
Daptrius ater,blacar1,
Delichon urbicum,cohmar1,
Dendragapus fuliginosus,soogro1,
Dendragapus obscurus,dusgro,
Dendrexetastes rufigula,citwoo1,
Dendrocincla anabatina,tawwoo1,
Dendrocincla fuliginosa,plbwoo1,
Dendrocincla turdina,plwwoo1,
Dendrocitta formosae,grytre1,
Dendrocitta vagabunda,ruftre2,
Dendrocolaptes picumnus,blbwoo1,
Dendrocolaptes platyrostris,plawoo1,
Dendrocolaptes sanctithomae,nobwoo1,
Dendrocopos leucotos,whbwoo1,
Dendrocopos major,grswoo,
Dendrocopos syriacus,syrwoo1,
Dendrocoptes medius,miswoo1,
Dendrocygna autumnalis,bbwduc,
Dendrocygna bicolor,fuwduc,
Dendrocygna javanica,lewduc1,
Dendrocygna viduata,wfwduc1,
Dendroma rufa,bffgle,
Dendroplex picus,stbwoo2,
Dendrortyx leucophrys,bcwpar1,
Dicaeum concolor,plaflo1,
Dicaeum cruentatum,scbflo1,
Dicaeum erythrorhynchos,pabflo1,
Dicaeum hirundinaceum,mistle1,
Dicaeum ignipectus,fibflo2,
Dicaeum trigonostigma,orbflo1,
Dicrurus adsimilis,fotdro1,
Dicrurus aeneus,brodro1,
Dicrurus bracteatus,spadro1,
Dicrurus caerulescens,whbdro1,
Dicrurus hottentottus,hacdro1,
Dicrurus leucophaeus,ashdro1,
Dicrurus macrocercus,bladro1,
Dicrurus paradiseus,grtdro1,
Dicrurus remifer,lrtdro1,
Diglossa albilatera,whsflo1,
Diglossa caerulescens,bluflo1,
Diglossa cyanea,masflo1,
Diglossa humeralis,blkflo1,
Diglossa lafresnayii,gloflo1,
Dinopium benghalense,blrfla1,
Diopsittaca nobilis,resmac2,
Diuca diuca,codfin1,
Dives dives,melbla1,
Dives warczewiczi,scrbla1,
Dolichonyx oryzivorus,boboli,
Donacobius atricapilla,bkcdon,
Drepanis coccinea,iiwi,
Dromococcyx phasianellus,phecuc1,
Drymophila ferruginea,ferant1,
Drymophila striaticeps,sthant1,
Dryobates affinis,reswoo1,
Dryobates albolarvatus,whhwoo,
Dryobates arizonae,ariwoo,
Dryobates borealis,recwoo,
Dryobates fumigatus,smbwoo1,
Dryobates lignarius,strwoo6,
Dryobates minor,leswoo1,
Dryobates nuttallii,nutwoo,
Dryobates passerinus,litwoo2,
Dryobates pubescens,dowwoo,
Dryobates scalaris,labwoo,
Dryobates spilogaster,whswoo2,
Dryobates villosus,haiwoo,
Dryocopus javensis,whbwoo2,
Dryocopus lineatus,linwoo1,
Dryocopus martius,blawoo1,
Dryocopus pileatus,pilwoo,
Dryoscopus cubla,blbpuf2,
Dubusia taeniata,bbmtan1,
Ducula aenea,gripig1,
Ducula badia,moipig1,
Dumetella carolinensis,grycat,
Dumetia hyperythra,tabbab1,
Dysithamnus mentalis,plaant1,
Eclectus roratus,eclpar,
Edolisoma tenuirostre,cicada1,
Egretta caerulea,libher,
Egretta garzetta,litegr,
Egretta thula,snoegr,
Egretta tricolor,triher,
Elaenia albiceps,whcela1,
Elaenia chiriquensis,lesela1,
Elaenia cristata,plcela1,
Elaenia flavogaster,yebela1,
Elaenia frantzii,mouela1,
Elaenia martinica,carela1,
Elaenia pallatangae,sieela3,
Elaenia parvirostris,smbela1,
Elaenia spectabilis,larela1,
Elanoides forficatus,swtkit,
Elanus caeruleus,bkskit1,
Elanus leucurus,whtkit,
Electron platyrhynchum,brbmot1,
Emberiza calandra,corbun1,
Emberiza cia,rocbun1,
Emberiza cioides,meabun1,
Emberiza cirlus,cirbun1,
Emberiza citrinella,yellow2,
Emberiza elegans,yetbun1,
Emberiza flaviventris,gobbun1,
Emberiza hortulana,ortbun1,
Emberiza melanocephala,blhbun1,
Emberiza pusilla,litbun,
Emberiza rustica,rusbun,
Emberiza schoeniclus,reebun,
Emberiza spodocephala,blfbun1,
Emberiza tahapisi,cibbun1,
Emberizoides herbicola,wtgfin1,
Embernagra platensis,grpfin1,
Eminia lepida,gycwar3,
Empidonax alnorum,aldfly,
Empidonax difficilis,pasfly,
Empidonax flavescens,yelfly1,
Empidonax flaviventris,yebfly,
Empidonax fulvifrons,bubfly,
Empidonax hammondii,hamfly,
Empidonax minimus,leafly,
Empidonax oberholseri,dusfly,
Empidonax occidentalis,corfly,
Empidonax traillii,wilfly,
Empidonax virescens,acafly,
Empidonax wrightii,gryfly,
Empidonomus aurantioatrocristatus,croslf1,
Empidonomus varius,varfly,
Enicurus leschenaulti,whcfor1,
Entomyzon cyanotis,blfhon1,
Eolophus roseicapilla,galah,
Eopsaltria australis,yelrob1,
Epinecrophylla fulviventris,chtant1,
Eremophila alpestris,horlar,
Eremopterix griseus,ascspl1,
Erithacus rubecula,eurrob1,
Erpornis zantholeuca,whbyuh1,
Erythrogenys erythrocnemis,sbsbab2,
Erythrogenys erythrogenys,rcsbab1,
Estrilda astrild,comwax,
Eubucco bourcierii,rehbar1,
Eucometis penicillata,grhtan1,
Eudocimus albus,whiibi,
Eudynamys orientalis,asikoe3,
Eudynamys scolopaceus,asikoe2,
Eugenes fulgens,maghum1,
Eumomota superciliosa,tubmot1,
Eumyias thalassinus,verfly4,
Euodice cantans,afrsil1,
Euodice malabarica,indsil,
Eupetomena macroura,swthum1,
Euphagus carolinus,rusbla,
Euphagus cyanocephalus,brebla,
Euphonia affinis,screup1,
Euphonia chlorotica,puteup1,
Euphonia chrysopasta,gobeup1,
Euphonia gouldi,olbeup1,
Euphonia hirundinacea,yeteup1,
Euphonia laniirostris,thbeup1,
Euphonia minuta,whveup1,
Euphonia pectoralis,chbeup1,
Euphonia rufiventris,rubeup1,
Euphonia trinitatis,trieup1,
Euphonia violacea,vioeup1,
Euphonia xanthogaster,orbeup1,
Eupsittula aurea,pefpar1,
Eupsittula canicularis,orfpar,
Eupsittula nana,oltpar1,
Eupsittula pertinax,brtpar1,
Eurillas latirostris,yewgre1,
Eurillas virens,litgre2,
Eurylaimus ochromalus,baybro1,
Eurypyga helias,sunbit1,
Eurystomus glaucurus,brbrol1,
Eurystomus orientalis,dollar1,
Euscarthmus meloryphus,tacpyt1,
Falco columbarius,merlin,
Falco naumanni,leskes1,
Falco peregrinus,perfal,
Falco rufigularis,batfal1,
Falco sparverius,amekes,
Falco subbuteo,eurhob,
Falco tinnunculus,eurkes,
Ficedula albicilla,taifly1,
Ficedula albicollis,colfly1,
Ficedula hyperythra,snbfly1,
Ficedula hypoleuca,eupfly1,
Ficedula narcissina,narfly,
Ficedula parva,rebfly,
Ficedula tricolor,slbfly2,
Ficedula westermanni,lipfly1,
Ficedula zanthopygia,korfly1,
Fluvicola nengeta,mawtyr1,
Formicarius analis,blfant1,
Formicarius colma,rucant2,
Formicarius moniliger,bkfant2,
Formicarius rufipectus,rubant1,
Formicivora grisea,whfant1,
Forpus conspicillatus,spepar1,
Forpus passerinus,grrpar1,
Foudia madagascariensis,redfod1,
Francolinus francolinus,blkfra,
Francolinus pictus,paifra1,
Fregata minor,grefri,
Fringilla coelebs,comcha,
Fringilla montifringilla,brambl,
Fulica alai,hawcoo,
Fulica americana,y00475,
Fulica atra,eurcoo,
Fulmarus glacialis,norful,
Furnarius figulus,wibhor1,
Furnarius leucopus,palhor2,
Furnarius rufus,rufhor2,
Galbula cyanescens,blfjac1,
Galbula dea,parjac1,
Galbula ruficauda,rutjac1,
Galerida cristata,crelar2,
Galerida theklae,thelar1,
Gallicrex cinerea,waterc1,
Gallinago delicata,wilsni1,
Gallinago gallinago,comsni,
Gallinago paraguaiae,soasni2,
Gallinula chloropus,commoo3,
Gallinula galeata,comgal1,
Gallirallus philippensis,bubrai1,
Galloperdix spadicea,redspu1,
Gallus gallus,redjun,
Gallus sonneratii,grejun2,
Garrulax canorus,melthr,
Garrulax leucolophus,whclau2,
Garrulus glandarius,eurjay1,
Gavia immer,comloo,
Gavia stellata,retloo,
Gavicalis virescens,sinhon1,
Gelochelidon nilotica,gubter1,
Geococcyx californianus,greroa,
Geoffroyus geoffroyi,recpar2,
Geokichla citrina,orhthr1,
Geopelia humeralis,basdov1,
Geopelia placida,peadov1,
Geopelia striata,zebdov,
Geositta rufipennis,rubmin1,
Geothlypis aequinoctialis,masyel1,
Geothlypis formosa,kenwar,
Geothlypis philadelphia,mouwar,
Geothlypis poliocephala,gycyel,
Geothlypis semiflava,olcyel1,
Geothlypis tolmiei,macwar,
Geothlypis trichas,comyel,
Geotrygon montana,ruqdov,
Geranoaetus albicaudatus,whthaw,
Geranospiza caerulescens,crahaw,
Gerygone igata,gryger1,
Gerygone mouki,broger1,
Gerygone olivacea,whtger1,
Gerygone sulphurea,gobger1,
Glareola pratincola,colpra,
Glaucestrilda caerulescens,lavwax,
Glaucidium brasilianum,fepowl,
Glaucidium cuculoides,asbowl1,
Glaucidium gnoma,nopowl,
Glaucidium nana,aupowl1,
Glaucidium perlatum,pesowl1,
Glaucidium peruanum,pepowl1,
Glaucidium radiatum,junowl1,
Glossopsitta concinna,muslor1,
Glyphorynchus spirurus,webwoo1,
Gnorimopsar chopi,chobla1,
Gracula indica,sohmyn1,
Gracula religiosa,hilmyn,
Gracupica contra,aspsta2,
Gracupica nigricollis,bkcsta1,
Grallaria guatimalensis,scaant1,
Grallaria nuchalis,chnant1,
Grallaria quitensis,tawant1,
Grallaria ruficapilla,chcant2,
Grallaria saturata,equant1,
Grallina cyanoleuca,maglar1,
Grammatoptila striata,strlau2,
Grus grus,comcra,
Gubernetes yetapa,stttyr2,
Guira guira,guicuc1,
Gygis alba,whiter,
Gymnopithys bicolor,bicant2,
Gymnorhina tibicen,ausmag2,
Gymnorhinus cyanocephalus,pinjay,
Gymnoris xanthocollis,chspet1,
Habia fuscicauda,rtatan1,
Habia rubica,rcatan1,
Haematopus bachmani,blkoys,
Haematopus ostralegus,euroys1,
Haematopus palliatus,ameoys,
Haemorhous cassinii,casfin,
Haemorhous mexicanus,houfin,
Haemorhous purpureus,purfin,
Hafferia zeledoni,zelant1,
Halcyon senegalensis,wookin1,
Halcyon smyrnensis,whtkin2,
Haliaeetus albicilla,whteag,
Haliaeetus leucocephalus,baleag,
Haliaeetus leucogaster,wbseag1,
Haliaeetus vocifer,affeag1,
Haliastur indus,brakit1,
Harpactes erythrocephalus,rehtro1,
Hedydipna collaris,colsun2,
Helmitheros vermivorum,woewar1,
Hemignathus wilsoni,akiapo,
Hemithraupis guira,guitan1,
Hemithraupis ruficapilla,ruhtan1,
Hemitriccus margaritaceiventer,pvttyr1,
Hemixos castanonotus,chebul1,
Hemixos flavala,ashbul1,
Henicorhina leucophrys,gbwwre1,
Henicorhina leucosticta,wbwwre1,
Herpetotheres cachinnans,laufal1,
Herpsilochmus atricapillus,blcant2,
Herpsilochmus rufimarginatus,ruwant4,
Heterophasia auricularis,whesib1,
Heterophasia capistrata,rufsib1,
Hieraaetus pennatus,booeag1,
Hierococcyx sparverioides,larhac2,
Hierococcyx varius,cohcuc1,
Himantopus himantopus,bkwsti,
Himantopus leucocephalus,piesti1,
Himantopus mexicanus,bknsti,
Himatione sanguinea,apapan,
Hippolais icterina,ictwar1,
Hippolais polyglotta,melwar1,
Hirundinea ferruginea,clifly1,
Hirundo neoxena,welswa1,
Hirundo rustica,barswa,
Horornis acanthizoides,ybbwar1,
Horornis canturians,manbuw1,
Horornis diphone,jabwar,
Horornis fortipes,bfbwar1,
Hydrobates castro,barpet,
Hydrobates leucorhous,lcspet,
Hydrophasianus chirurgus,phtjac1,
Hydroprogne caspia,caster1,
Hylocharis chrysura,gilhum1,
Hylocichla mustelina,woothr,
Hylomanes momotula,todmot1,
Hylophilus flavipes,scrgre1,
Hylophilus poicilotis,rucgre1,
Hylophylax naevioides,spoant1,
Hypnelus ruficollis,rutpuf1,
Hypocnemis peruviana,perwaa1,
Hypoedaleus guttatus,spbant3,
Hypothymis azurea,blnmon1,
Hypsipetes amaurotis,brebul1,
Hypsipetes ganeesa,sqtbul1,
Hypsipetes leucocephalus,blabul1,
Hypsipetes philippinus,phibul1,
Ibycter americanus,retcar2,
Ichthyaetus melanocephalus,medgul1,
Icteria virens,yebcha,
Icterus bullockii,bulori,
Icterus cayanensis,epaori1,
Icterus chrysater,yebori1,
Icterus croconotus,orbtro3,
Icterus cucullatus,hooori,
Icterus galbula,balori,
Icterus graduacauda,audori,
Icterus gularis,altori,
Icterus icterus,ventro1,
Icterus mesomelas,yetori1,
Icterus nigrogularis,yelori1,
Icterus parisorum,scoori,
Icterus pectoralis,spbori,
Icterus pustulatus,stbori,
Icterus pyrrhopterus,epaori4,
Icterus spurius,orcori,
Icterus wagleri,bkvori,
Ictinia mississippiensis,miskit,
Iduna caligata,boowar1,
Iduna opaca,weowar1,
Iduna pallida,eaowar1,
Iduna rama,sykwar2,
Ilicura militaris,pitman1,
Indicator indicator,grehon2,
Indicator minor,leshon1,
Iole indica,yebbul3,
Irena puella,asfblu1,
Ixobrychus exilis,leabit,
Ixobrychus minutus,litbit1,
Ixoreus naevius,varthr,
Ixos mcclellandii,moubul2,
Jacamerops aureus,grejac2,
Jacana jacana,watjac1,
Jacana spinosa,norjac,
Junco hyemalis,daejun,
Junco phaeonotus,yeejun,
Jynx torquilla,eurwry,
Klais guimeti,vihhum1,
Kleinothraupis atropileus,blchem1,
Lagopus lagopus,wilpta,
Lagopus muta,rocpta1,
Lalage melanoptera,bkhcus1,
Lalage tricolor,whwtri1,
Lampornis clemenciae,buthum,
Lamprotornis chalybaeus,gbesta1,
Lamprotornis splendidus,spgsta1,
Laniarius ferrugineus,soubou1,
Laniarius funebris,slcbou1,
Laniarius major,trobou1,
Lanius borealis,norshr4,
Lanius bucephalus,buhshr1,
Lanius collurio,rebshr1,
Lanius cristatus,brnshr,
Lanius excubitor,norshr1,
Lanius ludovicianus,logshr,
Lanius meridionalis,ibgshr1,
Lanius schach,lotshr1,
Lanius senator,wooshr1,
Lanius vittatus,babshr1,
Larosterna inca,incter1,
Larus argentatus,hergul,
Larus cachinnans,casgul2,
Larus californicus,calgul,
Larus canus,mewgul,
Larus delawarensis,ribgul,
Larus dominicanus,kelgul,
Larus fuscus,lbbgul,
Larus glaucescens,glwgul,
Larus heermanni,heegul,
Larus hyperboreus,glagul,
Larus marinus,gbbgul,
Larus michahellis,yelgul1,
Larus occidentalis,wesgul,
Larvivora brunnea,inbrob1,
Larvivora cyane,sibrob,
Laterallus albigularis,whtcra1,
Laterallus exilis,grbcra1,
Laterallus jamaicensis,blkrai,
Laterallus melanophaius,ruscra1,
Laterallus ruber,rudcra1,
Lathrotriccus euleri,eulfly1,
Legatus leucophaius,pirfly1,
Leiothlypis celata,orcwar,
Leiothlypis luciae,lucwar,
Leiothlypis peregrina,tenwar,
Leiothlypis ruficapilla,naswar,
Leiothlypis virginiae,virwar,
Leiothrix lutea,reblei,
Leistes bellicosus,permea1,
Leistes loyca,lotmea1,
Leistes militaris,rebbla1,
Leistes superciliaris,whbbla2,
Lepidocolaptes affinis,spcwoo1,
Lepidocolaptes angustirostris,nabwoo1,
Lepidocolaptes lacrymiger,monwoo1,
Lepidocolaptes souleyetii,sthwoo1,
Lepidothrix coronata,blcman1,
Leptasthenura aegithaloides,pmtspi1,
Leptocoma minima,crbsun2,
Leptocoma zeylonica,pursun3,
Leptodon cayanensis,grhkit1,
Leptopogon amaurocephalus,secfly1,
Leptopogon rufipectus,rubfly2,
Leptopogon superciliaris,slcfly1,
Leptotila rufaxilla,grfdov1,
Leptotila verreauxi,whtdov,
Leucochloris albicollis,whthum2,
Leucophaeus atricilla,laugul,
Leucophaeus pipixcan,fragul,
Leucosticte tephrocotis,gcrfin,
Lichmera indistincta,brohon1,
Limnodromus griseus,shbdow,
Limnodromus scolopaceus,lobdow,
Limnothlypis swainsonii,swawar,
Limosa fedoa,margod,
Limosa haemastica,hudgod,
Limosa lapponica,batgod,
Limosa limosa,bktgod,
Linaria cannabina,eurlin1,
Linaria flavirostris,twite1,
Liocichla steerii,stelio1,
Lipaugus unirufus,rufpih1,
Lipaugus vociferans,scrpih1,
Lochmias nematura,shtstr1,
Locustella luscinioides,savwar1,
Locustella naevia,cogwar1,
Lonchura atricapilla,chemun,
Lonchura punctulata,nutman,
Lonchura striata,whrmun,
Lophoceros alboterminatus,crohor1,
Lophoceros nasutus,afghor1,
Lophodytes cucullatus,hoomer,
Lophophanes cristatus,cretit2,
Lophostrix cristata,creowl1,
Lophotriccus pileatus,scptyr1,
Lophura leucomelanos,kalphe,
Loriculus vernalis,vehpar1,
Loxia curvirostra,redcro,
Loxia leucoptera,whwcro,
Loxioides bailleui,palila,
Loxops caeruleirostris,akekee,
Loxops coccineus,akepa1,
Loxops mana,hawcre,
Lullula arborea,woolar1,
Lurocalis semitorquatus,shtnig1,
Luscinia luscinia,thrnig1,
Luscinia megarhynchos,comnig1,
Luscinia svecica,blueth,
Lybius torquatus,blcbar1,
Lymnocryptes minimus,jacsni,
Machaeropterus deliciosus,clwman1,
Machetornis rixosa,cattyr,
Machlolophus spilonotus,yectit1,
Mackenziaena severa,tufant1,
Macropygia phasianella,brcdov1,
Malacocincla abbotti,abbbab1,
Malaconotus blanchoti,gyhbus1,
Malurus cyaneus,supfai1,
Manacus candei,whcman1,
Manacus manacus,whbman1,
Manacus vitellinus,gocman1,
Manorina melanocephala,noimin1,
Manorina melanophrys,belmin1,
Mareca americana,amewig,
Mareca penelope,eurwig,
Mareca strepera,gadwal,
Margarops fuscatus,peethr1,
Mecocerculus leucophrys,whttyr2,
Mecocerculus stictopterus,whbtyr1,
Megaceryle alcyon,belkin1,
Megaceryle torquata,rinkin1,
Megalurus palustris,strgra1,
Megapodius reinwardt,orfscr1,
Megarynchus pitangua,bobfly1,
Megascops asio,easowl1,
Megascops choliba,trsowl,
Megascops kennicottii,wesowl1,
Megascops trichopsis,whsowl1,
Megascops watsonii,tabsco1,
Melanerpes aurifrons,gofwoo,
Melanerpes candidus,whiwoo1,
Melanerpes carolinus,rebwoo,
Melanerpes chrysogenys,gocwoo1,
Melanerpes cruentatus,yetwoo2,
Melanerpes erythrocephalus,rehwoo,
Melanerpes flavifrons,yefwoo1,
Melanerpes formicivorus,acowoo,
Melanerpes hoffmannii,hofwoo1,
Melanerpes lewis,lewwoo,
Melanerpes rubricapillus,recwoo1,
Melanerpes uropygialis,gilwoo,
Melanitta americana,blksco2,
Melanitta nigra,blksco1,
Melanochlora sultanea,sultit1,
Melanocorypha calandra,callar1,
Melanoptila glabrirostris,blacat1,
Melanospiza bicolor,bkfgra,
Melanotis caerulescens,blumoc,
Melanotis hypoleucus,bawmoc1,
Meleagris gallopavo,wiltur,
Meliphaga lewinii,lewhon1,
Melithreptus albogularis,whthon1,
Melospiza georgiana,swaspa,
Melospiza lincolnii,linspa,
Melospiza melodia,sonspa,
Melozone aberti,abetow,
Melozone albicollis,whttow1,
Melozone crissalis,caltow,
Melozone fusca,cantow,
Menura novaehollandiae,suplyr1,
Mergus merganser,commer,
Mergus serrator,rebmer,
Merops apiaster,eubeat1,
Merops orientalis,grbeat1,
Merops ornatus,rabeat1,
Merops persicus,bcbeat1,
Merops philippinus,btbeat1,
Mesembrinibis cayennensis,greibi1,
Metallura tyrianthina,tyrmet1,
Metopidius indicus,brwjac1,
Micrastur ruficollis,baffal1,
Micrastur semitorquatus,coffal1,
Micrathene whitneyi,elfowl,
Microbates cinereiventris,tafgna1,
Microcerculus marginatus,scbwre1,
Microcerculus philomela,nigwre1,
Microeca flavigaster,lebfly3,
Micropternus brachyurus,rufwoo2,
Microrhopias quixensis,dowant1,
Milvago chimachima,yehcar1,
Milvago chimango,chicar1,
Milvus migrans,blakit1,
Milvus milvus,redkit1,
Mimus gilvus,tromoc,
Mimus longicaudatus,lotmoc1,
Mimus polyglottos,normoc,
Mimus saturninus,chbmoc1,
Mimus thenca,chimoc1,
Mionectes oleagineus,ocbfly1,
Mionectes olivaceus,olsfly1,
Mionectes rufiventris,gyhfly1,
Mirafra affinis,jerbus2,
Mirafra africana,runlar1,
Mirafra erythroptera,indbus2,
Mirafra javanica,ausbus2,
Mitrephanes phaeocercus,tuffly,
Mitrospingus cassinii,duftan1,
Mixornis gularis,sttbab1,
Mniotilta varia,bawwar,
Mohoua albicilla,whiteh1,
Molothrus aeneus,brocow,
Molothrus ater,bnhcow,
Molothrus bonariensis,shicow,
Molothrus oryzivorus,giacow,
Molothrus rufoaxillaris,scrcow1,
Momotus aequatorialis,higmot1,
Momotus lessonii,bucmot2,
Momotus mexicanus,rucmot1,
Momotus momota,bucmot4,
Momotus subrufescens,bucmot3,
Monasa morphoeus,whfnun1,
Monasa nigrifrons,blfnun1,
Monticola saxatilis,rtrthr1,
Monticola solitarius,burthr,
Morococcyx erythropygus,legcuc1,
Morus bassanus,norgan,
Motacilla aguimp,afpwag1,
Motacilla alba,whiwag,
Motacilla cinerea,grywag,
Motacilla citreola,citwag,
Motacilla flava,eaywag1,
Motacilla maderaspatensis,whbwag1,
Motacilla tschutschensis,eaywag,
Muscicapa adusta,afdfly1,
Muscicapa dauurica,asbfly,
Muscicapa griseisticta,gysfly1,
Muscicapa striata,spofly1,
Mustelirallus albicollis,astcra1,
Myadestes melanops,blfsol1,
Myadestes obscurus,omao,
Myadestes occidentalis,brbsol1,
Myadestes palmeri,puaioh,
Myadestes ralloides,andsol1,
Myadestes townsendi,towsol,
Myadestes unicolor,slcsol1,
Myiagra alecto,shifly1,
Myiagra inquieta,resfly1,
Myiagra rubecula,leafly2,
Myiarchus cephalotes,paefly1,
Myiarchus cinerascens,astfly,
Myiarchus crinitus,grcfly,
Myiarchus ferox,shcfly1,
Myiarchus nuttingi,nutfly,
Myiarchus sagrae,lasfly,
Myiarchus swainsoni,swafly1,
Myiarchus tuberculifer,ducfly,
Myiarchus tyrannulus,bncfly,
Myioborus melanocephalus,spered1,
Myioborus miniatus,sltred,
Myioborus ornatus,gofred1,
Myioborus pictus,paired,
Myiodynastes chrysocephalus,gocfly1,
Myiodynastes luteiventris,subfly,
Myiodynastes maculatus,strfly1,
Myiomela leucura,whtrob2,
Myiopagis caniceps,graela2,
Myiopagis gaimardii,forela1,
Myiopagis viridicata,greela,
Myiophobus fasciatus,brcfly1,
Myiopsitta monachus,monpar,
Myiornis atricapillus,bcptyr1,
Myiornis auricularis,eaptyr1,
Myiornis ecaudatus,stptyr1,
Myiotheretes striaticollis,stbtyr1,
Myiothlypis coronata,rucwar1,
Myiothlypis flaveola,flawar1,
Myiothlypis fulvicauda,burwar1,
Myiothlypis leucoblephara,whbwar2,
Myiothlypis nigrocristata,blcwar2,
Myiothlypis rivularis,rivwar1,
Myiotriccus ornatus,ornfly1,
Myiozetetes cayanensis,rumfly1,
Myiozetetes granadensis,grcfly1,
Myiozetetes similis,socfly1,
Myophonus caeruleus,blwthr1,
Myophonus horsfieldii,mawthr1,
Myrmeciza longipes,whbant1,
Myrmoborus leucophrys,whbant6,
Myrmoborus myotherinus,blfant2,
Myrmophylax atrothorax,bltant2,
Myrmothera dives,thiant1,
Myrmotherula axillaris,whfant2,
Myrmotherula brachyura,pygant1,
Myrmotherula menetriesii,gryant1,
Myrmotherula pacifica,pacant,
Myrmotherula schisticolor,slaant1,
Myzomela sanguinolenta,scamyz1,
Nannopterum auritum,doccor,
Nannopterum brasilianum,neocor,
Nasica longirostris,lobwoo1,
Nectarinia famosa,malsun1,
Nemosia pileata,hootan1,
Nesoptilotis flavicollis,yethon1,
Nilaus afer,brubru1,
Niltava grandis,larnil1,
Niltava macgrigoriae,smanil1,
Ninox boobook,souboo2,
Ninox novaeseelandiae,morepo2,
Ninox scutulata,brnhao1,
Ninox strenua,powowl1,
Nisaetus cirrhatus,y00839,
Notharchus hyperrhynchus,whnpuf2,
Notharchus tectus,piepuf1,
Nothura maculosa,sponot1,
Nucifraga caryocatactes,eurnut1,
Nucifraga columbiana,clanut,
Numenius americanus,lobcur,
Numenius arquata,eurcur,
Numenius phaeopus,whimbr,
Numenius tahitiensis,brtcur,
Numida meleagris,helgui,
Nyctanassa violacea,ycnher,
Nyctibius grandis,grepot1,
Nyctibius griseus,compot1,
Nycticorax nycticorax,bcnher,
Nyctidromus albicollis,compau,
Nystalus chacuru,whepuf1,
Nystalus maculatus,spbpuf1,
Ochthoeca cinnamomeiventris,sbctyr1,
Ochthoeca fumicolor,bbctyr1,
Ochthoeca rufipectoralis,rbctyr1,
Ocreatus underwoodii,bortai1,
Ocyceros birostris,inghor2,
Ocyceros griseus,maghor2,
Odontophorus guttatus,spwqua1,
Odontophorus hyperythrus,chwqua1,
Oenanthe fusca,indcha1,
Oenanthe isabellina,isawhe1,
Oenanthe oenanthe,norwhe,
Oncostoma cinereigulare,norben1,
Onychoprion fuscatus,sooter1,
Onychoprion lunatus,gybter1,
Onychorhynchus coronatus,royfly1,
Opisthocomus hoazin,hoatzi1,
Oporornis agilis,conwar,
Oreomystis bairdi,akikik,
Oreortyx pictus,mouqua,
Oreoscoptes montanus,sagthr,
Oreothlypis superciliosa,crcwar,
Oriolus chinensis,blnori1,
Oriolus flavocinctus,greori1,
Oriolus kundoo,ingori1,
Oriolus larvatus,abhori1,
Oriolus oriolus,eugori2,
Oriolus sagittatus,olbori1,
Oriolus traillii,marori2,
Oriolus xanthornus,blhori1,
Ornithion brunneicapillus,brctyr,
Ornithion inerme,whltyr1,
Ortalis canicollis,chacha1,
Ortalis cinereiceps,grhcha1,
Ortalis columbiana,colcha1,
Ortalis guttata,specha3,
Ortalis leucogastra,whbcha1,
Ortalis poliocephala,wemcha1,
Ortalis ruficauda,ruvcha1,
Ortalis vetula,placha,
Orthopsittaca manilatus,rebmac2,
Orthotomus atrogularis,dantai1,
Orthotomus ruficeps,ashtai1,
Orthotomus sericeus,ruttai1,
Orthotomus sutorius,comtai1,
Ortygornis pondicerianus,gryfra,
Otus bakkamoena,insowl1,
Otus lettia,cosowl1,
Otus scops,eursco1,
Otus spilocephalus,mosowl2,
Oxyura jamaicensis,rudduc,
Pachycephala pectoralis,golwhi1,
Pachycephala rufiventris,rufwhi1,
Pachyramphus aglaiae,rotbec,
Pachyramphus castaneus,chcbec1,
Pachyramphus cinnamomeus,cinbec1,
Pachyramphus polychopterus,whwbec1,
Pachyramphus validus,crebec1,
Pachyramphus versicolor,barbec1,
Pachyramphus viridis,grbbec1,
Pachysylvia aurantiifrons,gofgre1,
Pachysylvia decurtata,lesgre1,
Pachysylvia hypoxantha,ducgre1,
Pachysylvia semibrunnea,rungre1,
Padda oryzivora,javspa,
Palmeria dolei,crehon,
Pandion haliaetus,osprey,
Panurus biarmicus,bearee1,
Parabuteo unicinctus,hrshaw,
Pardalotus punctatus,spopar1,
Pardalotus striatus,strpar1,
Pardirallus nigricans,blarai1,
Pardirallus sanguinolentus,plurai1,
Parkesia motacilla,louwat,
Parkesia noveboracensis,norwat,
Paroaria capitata,yebcar,
Paroaria coronata,reccar,
Paroreomyza montana,mauala,
Parus cinereus,gretit2,
Parus major,gretit1,
Parus minor,gretit4,
Parus monticolus,grbtit1,
Passer cinnamomeus,russpa2,
Passer domesticus,houspa,
Passer griseus,gyhspa1,
Passer hispaniolensis,spaspa1,
Passer italiae,itaspa1,
Passer montanus,eutspa,
Passerculus sandwichensis,savspa,
Passerella iliaca,foxspa,
Passerina amoena,lazbun,
Passerina caerulea,blugrb1,
Passerina ciris,paibun,
Passerina cyanea,indbun,
Passerina versicolor,varbun,
Pastor roseus,rossta2,
Patagioenas cayennensis,pavpig2,
Patagioenas fasciata,batpig1,
Patagioenas flavirostris,rebpig1,
Patagioenas nigrirostris,shbpig,
Patagioenas picazuro,picpig2,
Patagioenas plumbea,plupig2,
Patagioenas speciosa,scapig2,
Patagioenas subvinacea,rudpig,
Patagona gigas,giahum1,
Pavo cristatus,compea,
Pelargopsis capensis,stbkin1,
Pellorneum ruficeps,putbab1,
Penelope jacquacu,spigua1,
Penelope montagnii,andgua1,
Penelope obscura,dulgua1,
Penelope purpurascens,cregua1,
Perdicula asiatica,jubqua1,
Perdix perdix,grypar,
Pericrocotus cinnamomeus,smamin1,
Pericrocotus divaricatus,ashmin1,
Pericrocotus ethologus,lotmin1,
Pericrocotus flammeus,scamin3,
Pericrocotus speciosus,scamin1,
Periparus ater,coatit2,
Perisoreus canadensis,gryjay,
Pernis apivorus,euhbuz1,
Pernis ptilorhynchus,orihob2,
Petrochelidon fulva,cavswa,
Petrochelidon pyrrhonota,cliswa,
Petroica macrocephala,tomtit1,
Petronia petronia,rocpet1,
Peucaea aestivalis,bacspa,
Peucaea botterii,botspa,
Peucaea carpalis,ruwspa,
Peucaea cassinii,casspa,
Peucaea ruficauda,sthspa1,
Peucedramus taeniatus,oliwar,
Phacellodomus ruber,gretho2,
Phacellodomus rufifrons,ruftho1,
Phacellodomus striaticollis,frbtho1,
Phaeochroa cuvierii,scbhum1,
Phaeomyias murina,moctyr1,
Phaethon lepturus,whttro,
Phaethon rubricauda,rettro,
Phaethornis eurynome,scther1,
Phaethornis guy,greher1,
Phaethornis longirostris,lobher,
Phaethornis ruber,redher1,
Phaethornis striigularis,stther2,
Phaethornis yaruqui,whwher1,
Phaetusa simplex,labter1,
Phainopepla nitens,phaino,
Phalacrocorax carbo,grecor,
Phalaenoptilus nuttallii,compoo,
Phalaropus fulicarius,redpha1,
Phalaropus lobatus,renpha,
Phalaropus tricolor,wilpha,
Pharomachrus auriceps,gohque1,
Pharomachrus mocinno,resque1,
Phasianus colchicus,rinphe,
Pheucticus aureoventris,blbgro2,
Pheucticus chrysogaster,gobgro1,
Pheucticus chrysopeplus,yelgro,
Pheucticus ludovicianus,robgro,
Pheucticus melanocephalus,bkhgro,
Pheugopedius atrogularis,bltwre1,
Pheugopedius coraya,corwre1,
Pheugopedius euophrys,pltwre1,
Pheugopedius fasciatoventris,blbwre1,
Pheugopedius felix,hapwre1,
Pheugopedius genibarbis,mouwre2,
Pheugopedius maculipectus,spbwre1,
Pheugopedius mystacalis,whiwre1,
Pheugopedius rutilus,rubwre1,
Pheugopedius sclateri,spbwre2,
Philemon buceroides,helfri1,
Philemon citreogularis,litfri1,
Philemon corniculatus,noifri1,
Phleocryptes melanops,wrlrus1,
Phoebastria immutabilis,layalb,
Phoebastria nigripes,bkfalb,
Phoenicopterus roseus,grefla3,
Phoeniculus purpureus,grewoo2,
Phoenicurus auroreus,daured1,
Phoenicurus fuliginosus,plured1,
Phoenicurus ochruros,blared1,
Phoenicurus phoenicurus,comred2,
Phrygilus gayi,gyhsif1,
Phrygilus patagonicus,pasfin1,
Phylidonyris novaehollandiae,nehhon2,
Phylidonyris pyrrhopterus,crehon2,
Phyllergates cucullatus,moutai2,
Phyllomyias fasciatus,platyr2,
Phyllomyias griseiceps,sohtyr1,
Phyllomyias nigrocapillus,blctyr1,
Phylloscartes ophthalmicus,mfbtyr1,
Phylloscartes ventralis,moctyr2,
Phylloscopus bonelli,webwar1,
Phylloscopus borealis,arcwar1,
Phylloscopus collybita,comchi1,
Phylloscopus coronatus,eacwar1,
Phylloscopus fuscatus,duswar,
Phylloscopus humei,humwar1,
Phylloscopus ibericus,ibechi2,
Phylloscopus inornatus,yebwar3,
Phylloscopus maculipennis,astwar2,
Phylloscopus magnirostris,lblwar1,
Phylloscopus nitidus,grnwar1,
Phylloscopus plumbeitarsus,grewar2,
Phylloscopus proregulus,palwar5,
Phylloscopus pulcher,bubwar1,
Phylloscopus reguloides,blylew1,
Phylloscopus schwarzi,radwar1,
Phylloscopus sibilatrix,woowar,
Phylloscopus tenellipes,pllwar1,
Phylloscopus trochiloides,grewar3,
Phylloscopus trochilus,wlwwar,
Phylloscopus whistleri,whiwar2,
Phylloscopus xanthoschistos,gyhwar2,
Phytotoma rutila,whtpla1,
Piaya cayana,squcuc1,
Pica hudsonia,bkbmag1,
Pica nuttalli,yebmag,
Pica pica,eurmag1,
Picoides arcticus,bkbwoo,
Picoides dorsalis,attwoo1,
Piculus flavigula,yetwoo1,
Picumnus cirratus,whbpic1,
Picumnus temminckii,occpic1,
Picus canus,gyfwoo1,
Picus chlorolophus,lesyel1,
Picus sharpei,grnwoo3,
Picus viridis,grnwoo1,
Pinicola enucleator,pingro,
Pionites melanocephalus,blhpar4,
Pionus chalcopterus,brwpar1,
Pionus maximiliani,schpar1,
Pionus menstruus,blhpar1,
Pionus senilis,whcpar,
Pionus sordidus,rebpar2,
Pionus tumultuosus,spfpar1,
Pipile cumanensis,btpgua1,
Pipilo chlorurus,gnttow,
Pipilo erythrophthalmus,eastow,
Pipilo maculatus,spotow,
Pipra fasciicauda,batman1,
Pipraeidea melanonota,fabtan1,
Pipreola riefferii,gabfru1,
Piprites chloris,wibpip1,
Piranga bidentata,flctan,
Piranga flava,heptan,
Piranga leucoptera,whwtan1,
Piranga ludoviciana,westan,
Piranga olivacea,scatan,
Piranga rubra,sumtan,
Pitangus lictor,leskis1,
Pitangus sulphuratus,grekis,
Pitta brachyura,indpit1,
Platycercus caledonicus,greros2,
Platycercus elegans,criros2,
Platycercus eximius,easros1,
Platyrinchus coronatus,gocspa1,
Platyrinchus mystaceus,whtspa1,
Platysteira cyanea,btweye2,
Plectrophenax nivalis,snobun,
Plegadis chihi,whfibi,
Plegadis falcinellus,gloibi,
Plocepasser mahali,wbswea1,
Ploceus cucullatus,vilwea1,
Ploceus manyar,strwea2,
Ploceus philippinus,baywea1,
Pluvialis apricaria,eugplo,
Pluvialis dominica,amgplo,
Pluvialis fulva,pagplo,
Pluvialis squatarola,bkbplo,
Pnoepyga pusilla,pywbab1,
Podiceps auritus,horgre,
Podiceps cristatus,grcgre1,
Podiceps grisegena,rengre,
Podiceps nigricollis,eargre,
Podilymbus podiceps,pibgre,
Poecile atricapillus,bkcchi,
Poecile carolinensis,carchi,
Poecile gambeli,mouchi,
Poecile hudsonicus,borchi2,
Poecile montanus,wiltit1,
Poecile palustris,martit2,
Poecile rufescens,chbchi,
Poecile sclateri,mexchi,
Poecilotriccus plumbeiceps,ocftof1,
Poecilotriccus sylvia,shtfly1,
Pogoniulus bilineatus,yertin1,
Pogoniulus chrysoconus,yeftin1,
Pogoniulus pusillus,reftin1,
Poliocrania exsul,chbant1,
Polioptila albiloris,whlgna2,
Polioptila bilineata,trogna2,
Polioptila caerulea,buggna,
Polioptila californica,calgna,
Polioptila dumicola,masgna1,
Polioptila melanura,bktgna,
Polioptila nigriceps,bkcgna,
Polioptila plumbea,trogna1,
Pomatorhinus horsfieldii,insbab1,
Pomatorhinus musicus,taiscb1,
Pomatorhinus ruficollis,sbsbab3,
Pomatorhinus schisticeps,wbsbab1,
Poodytes gramineus,litgra1,
Pooecetes gramineus,vesspa,
Poospiza nigrorufa,barwaf1,
Porphyrio martinica,purgal2,
Porphyrio melanotus,purswa6,
Porphyrio poliocephalus,purswa3,
Porphyrio porphyrio,purswa1,
Porzana carolina,sora,
Porzana porzana,spocra1,
Premnoplex brunnescens,spobar1,
Prinia flaviventris,yebpri1,
Prinia gracilis,grapri1,
Prinia hodgsonii,gybpri1,
Prinia inornata,plapri1,
Prinia maculosa,karpri1,
Prinia rufescens,rufpri1,
Prinia socialis,ashpri1,
Prinia subflava,tafpri1,
Prinia sylvatica,junpri1,
Procnias nudicollis,batbel1,
Procnias tricarunculatus,thwbel,
Progne chalybea,gybmar,
Progne subis,purmar,
Progne tapera,brcmar1,
Prosthemadera novaeseelandiae,tui1,
Protonotaria citrea,prowar,
Prunella collaris,alpacc1,
Prunella modularis,dunnoc1,
Psaltriparus minimus,bushti,
Psarocolius angustifrons,ruboro1,
Psarocolius bifasciatus,olioro1,
Psarocolius decumanus,creoro1,
Psarocolius montezuma,monoro1,
Psarocolius wagleri,chhoro1,
Pseudasthenes humicola,dutcan1,
Pseudibis papillosa,renibi1,
Pseudocolaptes boissonneautii,strtuf1,
Pseudoleistes guirahuro,yermar1,
Pseudoleistes virescens,baymar1,
Pseudonestor xanthophrys,maupar,
Pseudopipra pipra,whcman2,
Pseudoseisura lophotes,brncac1,
Psilopogon asiaticus,bltbar2,
Psilopogon chrysopogon,gowbar1,
Psilopogon duvaucelii,blebar1,
Psilopogon franklinii,gotbar2,
Psilopogon haemacephalus,copbar1,
Psilopogon lineatus,linbar1,
Psilopogon malabaricus,crfbar1,
Psilopogon mystacophanos,retbar1,
Psilopogon nuchalis,taibar2,
Psilopogon virens,grebar1,
Psilopogon viridis,whcbar1,
Psilopogon zeylanicus,brhbar1,
Psilorhinus morio,brnjay,
Psiloscops flammeolus,flaowl,
Psittacara erythrogenys,rempar,
Psittacara holochlorus,grnpar,
Psittacara leucophthalmus,whepar2,
Psittacara mitratus,mitpar,
Psittacara wagleri,scfpar1,
Psittacula alexandri,rebpar4,
Psittacula columboides,malpar1,
Psittacula cyanocephala,plhpar1,
Psittacula eupatria,alepar2,
Psittacula krameri,rorpar,
Psittacus erithacus,grepar,
Psophodes olivaceus,easwhi1,
Pternistis erckelii,ercfra,
Pterocles exustus,chbsan,
Pterodroma cookii,coopet,
Pterodroma externa,jufpet,
Pterodroma inexpectata,motpet,
Pterodroma neglecta,kerpet,
Pterodroma nigripennis,bkwpet,
Pterodroma sandwichensis,hawpet1,
Pteroglossus aracari,blnara1,
Pteroglossus castanotis,cheara1,
Pteroglossus torquatus,colara1,
Pteroptochos megapodius,moutur1,
Pterorhinus chinensis,bltlau1,
Pteruthius aeralatus,blyshb1,
Ptilinopus magnificus,wofdov1,
Ptiliogonys caudatus,ltsfly1,
Ptiliogonys cinereus,grsfly1,
Ptilonorhynchus violaceus,satbow1,
Ptilotula fusca,fushon1,
Ptilotula penicillata,whphon1,
Ptyonoprogne rupestris,eurcrm1,
Puffinus nativitatis,chrshe,
Puffinus newelli,towshe2,
Puffinus puffinus,manshe,
Pulsatrix perspicillata,speowl1,
Purnella albifrons,whfhon1,
Pycnonotus aurigaster,sohbul1,
Pycnonotus barbatus,combul2,
Pycnonotus cafer,revbul,
Pycnonotus goiavier,yevbul1,
Pycnonotus jocosus,rewbul,
Pycnonotus leucogenys,whcbul2,
Pycnonotus luteolus,whbbul2,
Pycnonotus plumosus,olwbul1,
Pycnonotus sinensis,livbul1,
Pycnonotus xanthopygos,whsbul1,
Pygochelidon cyanoleuca,bawswa1,
Pyriglena leucoptera,wsfeye1,
Pyrilia haematotis,brhpar1,
Pyrocephalus rubinus,verfly,
Pyroderus scutatus,rerfru1,
Pyrrhocorax graculus,yebcho1,
Pyrrhocorax pyrrhocorax,rebcho1,
Pyrrhomyias cinnamomeus,cinfly2,
Pyrrhula pyrrhula,eurbul,
Pyrrhura frontalis,mabpar,
Pyrrhura melanura,matpar2,
Querula purpurata,putfru1,
Quiscalus lugubris,cargra1,
Quiscalus major,botgra,
Quiscalus mexicanus,grtgra,
Quiscalus quiscula,comgra,
Rallus aquaticus,watrai1,
Rallus crepitans,clarai11,
Rallus elegans,kinrai4,
Rallus limicola,virrai,
Rallus obsoletus,ridrai1,
Ramphastos ambiguus,bkmtou1,
Ramphastos brevis,chotou1,
Ramphastos dicolorus,rebtou2,
Ramphastos sulfuratus,kebtou1,
Ramphastos toco,toctou1,
Ramphastos tucanus,whttou1,
Ramphastos vitellinus,chbtou1,
Ramphocaenus melanurus,lobgna5,
Ramphocelus bresilius,bratan1,
Ramphocelus carbo,sibtan2,
Ramphocelus dimidiatus,crbtan1,
Ramphocelus flammigerus,flrtan1,
Ramphocelus passerinii,y00599,
Recurvirostra americana,ameavo,
Recurvirostra avosetta,pieavo1,
Regulus ignicapilla,firecr1,
Regulus regulus,goldcr1,
Regulus satrapa,gockin,
Remiz pendulinus,euptit1,
Rhipidura albicollis,whtfan1,
Rhipidura albiscapa,gryfan1,
Rhipidura albogularis,spbfan1,
Rhipidura aureola,whbfan2,
Rhipidura fuliginosa,nezfan1,
Rhipidura javanica,piefan1,
Rhipidura leucophrys,wilwag1,
Rhipidura rufifrons,ruffan1,
Rhipidura rufiventris,norfan1,
Rhodinocichla rosea,rottan2,
Rhopospina fruticeti,mosfin1,
Rhynchocyclus olivaceus,olifla1,
Rhynchophanes mccownii,mcclon,
Rhynchotus rufescens,rewtin1,
Rhytipterna holerythra,rufmou1,
Rhytipterna simplex,gramou1,
Riparia riparia,banswa,
Rissa tridactyla,bklkit,
Rostrhamus sociabilis,snakit,
Rubigula erythropthalmos,spebul1,
Rubigula flaviventris,blcbul2,
Rubigula gularis,bkcbul1,
Rupicola peruvianus,andcot1,
Rupornis magnirostris,roahaw,
Rynchops niger,blkski,
Sakesphorus canadensis,blcant4,
Salpinctes obsoletus,rocwre,
Saltator atriceps,blhsal1,
Saltator atripennis,blwsal1,
Saltator aurantiirostris,gobsal1,
Saltator coerulescens,grasal3,
Saltator grandis,grasal2,
Saltator grossus,slcgro1,
Saltator maximus,butsal1,
Saltator olivascens,grasal4,
Saltator similis,grwsal1,
Saltator striatipectus,strsal1,
Saxicola caprata,piebus1,
Saxicola ferreus,grybus1,
Saxicola rubetra,whinch1,
Saxicola rubicola,stonec4,
Saxicola torquatus,afrsto1,
Sayornis nigricans,blkpho,
Sayornis phoebe,easpho,
Sayornis saya,saypho,
Scelorchilus rubecula,chutap1,
Schiffornis veraepacis,thlsch2,
Schiffornis virescens,gresch2,
Schoeniophylax phryganophilus,chospi2,
Schoeniparus brunneus,dusful1,
Sciaphylax hemimelaena,chtant2,
Sclateria naevia,silant1,
Scolopax minor,amewoo,
Scolopax rusticola,eurwoo,
Scytalopus argentifrons,siftap1,
Scytalopus fuscus,dustap1,
Scytalopus latrans,blatap1,
Scytalopus magellanicus,magtap1,
Scytalopus spillmanni,spitap2,
Scytalopus vicinior,nartap2,
Scythrops novaehollandiae,chbcuc2,
Seiurus aurocapilla,ovenbi1,
Selasphorus calliope,calhum,
Selasphorus platycercus,brthum,
Selasphorus rufus,rufhum,
Selasphorus sasin,allhum,
Semnornis ramphastinus,toubar1,
Sephanoides sephaniodes,grbfir1,
Sericornis frontalis,whbscr1,
Sericornis humilis,tasscr1,
Serinus canaria,comcan,
Serinus serinus,eurser1,
Serpophaga griseicapilla,gyctyr2,
Serpophaga subcristata,whctyr1,
Setophaga americana,norpar,
Setophaga caerulescens,btbwar,
Setophaga castanea,babwar,
Setophaga cerulea,cerwar,
Setophaga chrysoparia,gchwar,
Setophaga citrina,hoowar,
Setophaga coronata,yerwar,
Setophaga discolor,prawar,
Setophaga dominica,yetwar,
Setophaga fusca,bkbwar,
Setophaga graciae,grawar,
Setophaga kirtlandii,kirwar,
Setophaga magnolia,magwar,
Setophaga nigrescens,btywar,
Setophaga occidentalis,herwar,
Setophaga palmarum,palwar,
Setophaga pensylvanica,chswar,
Setophaga petechia,yelwar,
Setophaga pinus,pinwar,
Setophaga pitiayumi,tropar,
Setophaga ruticilla,amered,
Setophaga striata,bkpwar,
Setophaga tigrina,camwar,
Setophaga townsendi,towwar,
Setophaga virens,btnwar,
Sialia currucoides,moublu,
Sialia mexicana,wesblu,
Sialia sialis,easblu,
Sicalis flaveola,saffin,
Sicalis luteola,gryfin1,
Sicalis olivascens,gryfin3,
Sinosuthora webbiana,vitpar1,
Sirystes sibilator,sibsir1,
Sitta canadensis,rebnut,
Sitta carolinensis,whbnut,
Sitta europaea,eurnut2,
Sitta frontalis,vefnut1,
Sitta himalayensis,whtnut1,
Sitta pusilla,bnhnut,
Sitta pygmaea,pygnut,
Sittasomus griseicapillus,oliwoo1,
Sittiparus varius,vartit1,
Smicrornis brevirostris,weebil1,
Somateria mollissima,comeid,
Spatula clypeata,norsho,
Spatula cyanoptera,cintea,
Spatula discors,buwtea,
Spatula querquedula,gargan,
Sphecotheres vieilloti,ausfig1,
Sphyrapicus nuchalis,rensap,
Sphyrapicus ruber,rebsap,
Sphyrapicus thyroideus,wilsap,
Sphyrapicus varius,yebsap,
Spilornis cheela,crseag1,
Spinus barbatus,blcsis2,
Spinus lawrencei,lawgol,
Spinus magellanicus,hoosis1,
Spinus pinus,pinsis,
Spinus psaltria,lesgol,
Spinus spinus,eursis,
Spinus tristis,amegfi,
Spinus xanthogastrus,yebsis1,
Spiza americana,dickci,
Spizaetus ornatus,orheag1,
Spizaetus tyrannus,blheag1,
Spizella atrogularis,bkcspa,
Spizella breweri,brespa,
Spizella pallida,clcspa,
Spizella passerina,chispa,
Spizella pusilla,fiespa,
Spizelloides arborea,amtspa,
Sporophila angolensis,cbsfin,
Sporophila caerulescens,docsee1,
Sporophila corvina,varsee3,
Sporophila funerea,tbsfin1,
Sporophila lineola,linsee1,
Sporophila luctuosa,bawsee1,
Sporophila minuta,rubsee1,
Sporophila morelleti,whcsee1,
Sporophila nigricollis,yebsee1,
Sporophila torqueola,whcsee2,
Stachyris nigriceps,gytbab1,
Stelgidopteryx ruficollis,srwswa1,
Stelgidopteryx serripennis,nrwswa,
Stephanophorus diadematus,diatan1,
Stercorarius longicaudus,lotjae,
Stercorarius maccormicki,sopsku1,
Stercorarius parasiticus,parjae,
Stercorarius pomarinus,pomjae,
Sterna aurantia,rivter1,
Sterna dougallii,roster,
Sterna forsteri,forter,
Sterna hirundo,comter,
Sterna paradisaea,arcter,
Sternula albifrons,litter1,
Sternula antillarum,leater1,
Stigmatura budytoides,grwtyr1,
Stilpnia cayana,bubtan2,
Stilpnia larvata,gohtan1,
Strepera graculina,piecur1,
Strepera versicolor,grycur1,
Streptopelia capicola,rindov,
Streptopelia chinensis,spodov,
Streptopelia decaocto,eucdov,
Streptopelia decipiens,afmdov1,
Streptopelia orientalis,ortdov,
Streptopelia semitorquata,reedov1,
Streptopelia senegalensis,laudov1,
Streptopelia turtur,eutdov,
Streptopelia vinacea,vindov1,
Streptoprocne zonaris,whcswi,
Strix aluco,tawowl1,
Strix nebulosa,grgowl,
Strix occidentalis,spoowl,
Strix varia,brdowl,
Sturnella magna,easmea,
Sturnella neglecta,wesmea,
Sturnia malabarica,chtsta2,
Sturnia pagodarum,brasta1,
Sturnus unicolor,sposta1,
Sturnus vulgaris,eursta,
Suiriri suiriri,suifly1,
Sula dactylatra,masboo,
Sula leucogaster,brnboo,
Sula sula,refboo,
Surnia ulula,nohowl,
Surniculus lugubris,asidrc3,
Sylvia atricapilla,blackc1,
Sylvia borin,garwar1,
Sylvietta rufescens,capcro1,
Sylvietta whytii,refcro1,
Sylviorthorhynchus desmursii,demwir1,
Symposiachrus trivirgatus,spemon1,
Synallaxis albescens,pabspi1,
Synallaxis azarae,azaspi1,
Synallaxis brachyura,slaspi1,
Synallaxis erythrothorax,rubspi2,
Synallaxis frontalis,sofspi1,
Synallaxis gujanensis,plcspi1,
Synallaxis ruficapilla,rucspi1,
Synallaxis spixi,spispi1,
Synallaxis unirufa,rufspi1,
Syndactyla rufosuperciliata,bbfgle1,
Syndactyla subalaris,lifgle1,
Synoicus ypsilophorus,broqua1,
Syrigma sibilatrix,whiher1,
Systellura longirostris,bawnig1,
Tachuris rubrigastra,mcrtyr1,
Tachybaptus dominicus,leagre,
Tachybaptus ruficollis,litgre1,
Tachycineta bicolor,treswa,
Tachycineta thalassina,vigswa,
Tachyphonus coronatus,ructan1,
Tachyphonus delatrii,tactan1,
Tachyphonus rufus,whltan1,
Tadorna ferruginea,rudshe,
Tadorna tadorna,comshe,
Taenioptynx brodiei,colowl1,
Tangara arthus,goltan1,
Tangara chilensis,partan1,
Tangara gyrola,bahtan1,
Tapera naevia,strcuc1,
Taraba major,greant1,
Tarphonomus certhioides,chaear1,
Tarsiger cyanurus,refblu,
Tchagra australis,brctch1,
Tchagra senegalus,bkctch1,
Telophorus sulfureopectus,subbus1,
Telophorus zeylonus,bokmak1,
Tephrodornis pondicerianus,comwoo1,
Terenotriccus erythrurus,rutfly2,
Terenura maculata,stcant3,
Terpsiphone paradisi,aspfly1,
Terpsiphone viridis,afpfly1,
Tersina viridis,swatan1,
Thalasseus bergii,grcter1,
Thalasseus elegans,eleter1,
Thalasseus maximus,royter1,
Thalasseus sandvicensis,santer1,
Thalurania glaucopis,vicwoo2,
Thamnistes anabatinus,rusant1,
Thamnomanes ardesiacus,dutant2,
Thamnomanes caesius,cinant1,
Thamnophilus atrinucha,wesant1,
Thamnophilus bridgesi,blhant2,
Thamnophilus caerulescens,varant1,
Thamnophilus doliatus,barant1,
Thamnophilus multistriatus,bacant2,
Thamnophilus murinus,mocant1,
Thamnophilus palliatus,chbant2,
Thamnophilus ruficapillus,rucant1,
Thamnophilus schistaceus,plwant1,
Thectocercus acuticaudatus,bucpar,
Theristicus caerulescens,pluibi1,
Theristicus caudatus,bunibi1,
Theristicus melanopis,blfibi1,
Thlypopsis sordida,orhtan1,
Thlypopsis superciliaris,suphem1,
Thraupis abbas,yewtan1,
Thraupis episcopus,bugtan,
Thraupis palmarum,paltan1,
Thraupis sayaca,saytan1,
Thryomanes bewickii,bewwre,
Thryophilus pleurostictus,banwre1,
Thryophilus rufalbus,rawwre1,
Thryophilus sinaloa,sinwre1,
Thryothorus ludovicianus,carwre,
Tiaris olivaceus,yefgra1,
Tigrisoma lineatum,ruther1,
Tinamus major,gretin1,
Tityra cayana,blttit1,
Tityra semifasciata,mastit1,
Todiramphus chloris,colkin1,
Todiramphus sanctus,sackin1,
Todirostrum chrysocrotaphum,ybtfly1,
Todirostrum cinereum,cotfly1,
Todirostrum maculatum,sptfly1,
Todirostrum poliocephalum,gyhtof1,
Tolmomyias assimilis,yemfly1,
Tolmomyias flaviventris,yebfly1,
Tolmomyias poliocephalus,gycfly1,
Tolmomyias sulphurescens,yeofly1,
Toxostoma bendirei,benthr,
Toxostoma crissale,crithr,
Toxostoma curvirostre,cubthr,
Toxostoma lecontei,lecthr,
Toxostoma longirostre,lobthr,
Toxostoma redivivum,calthr,
Toxostoma rufum,brnthr,
Trachyphonus darnaudii,darbar1,
Trachyphonus vaillantii,crebar1,
Trichoglossus moluccanus,railor1,
Trichothraupis melanops,blgtan1,
Tringa brevipes,gyttat1,
Tringa erythropus,spored,
Tringa flavipes,lesyel,
Tringa glareola,woosan,
Tringa incana,wantat1,
Tringa melanoleuca,greyel,
Tringa nebularia,comgre,
Tringa ochropus,grnsan,
Tringa semipalmata,willet1,
Tringa solitaria,solsan,
Tringa stagnatilis,marsan,
Tringa totanus,comred1,
Trochalopteron erythrocephalum,chclau2,
Trochalopteron lineatum,strlau1,
Trochalopteron morrisonianum,whwlau1,
Troglodytes aedon,houwre,
Troglodytes hiemalis,winwre3,
Troglodytes ochraceus,ochwre1,
Troglodytes pacificus,pacwre1,
Troglodytes rufociliatus,rubwre2,
Troglodytes solstitialis,mouwre1,
Troglodytes troglodytes,winwre4,
Trogon caligatus,gartro1,
Trogon chionurus,whttro1,
Trogon collaris,coltro1,
Trogon curucui,blctro1,
Trogon elegans,eletro,
Trogon massena,slttro1,
Trogon melanocephalus,blhtro1,
Trogon melanurus,blttro1,
Trogon mexicanus,moutro1,
Trogon personatus,mastro1,
Trogon ramonianus,viotro3,
Trogon rufus,blttro2,
Trogon surrucura,surtro1,
Trogon viridis,gnbtro1,
Tunchiornis ochraceiceps,tacgre1,
Turdoides jardineii,armbab1,
Turdus albicollis,whnrob1,
Turdus amaurochalinus,crbthr1,
Turdus assimilis,whtrob1,
Turdus chiguanco,chithr1,
Turdus eunomus,dusthr2,
Turdus falcklandii,austhr1,
Turdus flavipes,yelthr1,
Turdus fumigatus,cocthr1,
Turdus fuscater,grethr1,
Turdus grayi,clcrob,
Turdus hortulorum,gybthr1,
Turdus ignobilis,blbthr1,
Turdus iliacus,redwin,
Turdus leucomelas,pabthr1,
Turdus libonyana,kurthr1,
Turdus merula,eurbla,
Turdus migratorius,amerob,
Turdus nudigenis,baerob1,
Turdus obscurus,eyethr,
Turdus pallidus,palthr1,
Turdus pelios,afrthr1,
Turdus philomelos,sonthr1,
Turdus pilaris,fieldf,
Turdus plebejus,mourob1,
Turdus plumbeus,relthr1,
Turdus rufiventris,rubthr1,
Turdus rufopalliatus,rubrob,
Turdus serranus,glbthr1,
Turdus simillimus,eurbla2,
Turdus torquatus,rinouz1,
Turdus viscivorus,misthr1,
Turtur chalcospilos,eswdov1,
Turtur tympanistria,tamdov1,
Tympanuchus cupido,grpchi,
Tympanuchus phasianellus,shtgro,
Tyranneutes stolzmanni,dwtman1,
Tyrannulus elatus,yectyr1,
Tyrannus couchii,coukin,
Tyrannus crassirostris,thbkin,
Tyrannus dominicensis,grykin,
Tyrannus forficatus,sctfly,
Tyrannus melancholicus,trokin,
Tyrannus savana,fotfly,
Tyrannus tyrannus,easkin,
Tyrannus verticalis,weskin,
Tyrannus vociferans,caskin,
Tyto alba,brnowl,
Upucerthia dumetaria,sctear1,
Upupa epops,hoopoe,
Uraeginthus bengalus,reccor,
Uria aalge,commur,
Urocissa erythroryncha,rbbmag,
Uropsila leucogastra,whbwre1,
Urosphena squameiceps,asistu1,
Vanellus armatus,blaplo1,
Vanellus chilensis,soulap1,
Vanellus coronatus,crolap1,
Vanellus indicus,rewlap1,
Vanellus malabaricus,yewlap2,
Vanellus miles,maslap1,
Vanellus resplendens,andlap1,
Vanellus spinosus,spwlap1,
Vanellus vanellus,norlap,
Vermivora chrysoptera,gowwar,
Vermivora cyanoptera,buwwar,
Vidua macroura,pitwhy,
Vireo altiloquus,bkwvir,
Vireo atricapilla,bkcvir1,
Vireo bellii,belvir,
Vireo cassinii,casvir,
Vireo chivi,chivir1,
Vireo crassirostris,thbvir,
Vireo flavifrons,yetvir,
Vireo flavoviridis,yegvir,
Vireo gilvus,warvir,
Vireo griseus,whevir,
Vireo gundlachii,cubvir1,
Vireo huttoni,hutvir,
Vireo hypochryseus,golvir1,
Vireo leucophrys,brcvir1,
Vireo olivaceus,reevir,
Vireo pallens,manvir1,
Vireo philadelphicus,phivir,
Vireo plumbeus,plsvir,
Vireo solitarius,buhvir,
Vireo vicinior,gryvir,
Vireolanius leucotis,scsvir1,
Vireolanius pulchellus,grsvir1,
Volatinia jacarina,blbgra1,
Xanthocephalus xanthocephalus,yehbla,
Xenops minutus,plaxen1,
Xenops rutilans,strxen1,
Xenus cinereus,tersan,
Xiphocolaptes promeropirhynchus,stbwoo1,
Xiphorhynchus erythropygius,spowoo1,
Xiphorhynchus flavigaster,ivbwoo1,
Xiphorhynchus fuscus,leswoo2,
Xiphorhynchus guttatus,butwoo1,
Xiphorhynchus lachrymosus,blswoo1,
Xiphorhynchus susurrans,cocwoo1,
Yuhina flavicollis,whiyuh1,
Yuhina gularis,sttyuh1,
Zapornia flavirostra,blacra1,
Zapornia fusca,rubcra1,
Zapornia parva,litcra1,
Zapornia pusilla,baicra1,
Zapornia tabuensis,spocra2,
Zenaida asiatica,whwdov,
Zenaida auriculata,eardov1,
Zenaida macroura,moudov,
Zenaida meloda,wepdov1,
Zentrygon frenata,wtqdov1,
Zimmerius chrysops,goftyr1,
Zimmerius parvus,paltyr3,
Zonotrichia albicollis,whtspa,
Zonotrichia atricapilla,gocspa,
Zonotrichia capensis,rucspa1,
Zonotrichia leucophrys,whcspa,
Zonotrichia querula,harspa,
Zoothera aurea,scathr2,
Zosterops japonicus,warwhe1,
Zosterops lateralis,silver3,
Zosterops palpebrosus,indwhe1,
Zosterops simplex,swiwhe1,
Zosterops virens,capwhe2,
