bird_genera,bird_families,comment
abeillia,trochilidae,
abroscopus,scotocercidae,
aburria,cracidae,
acanthagenys,meliphagidae,
acanthidops,thraupidae,
acanthis,fringillidae,
acanthisitta,acanthisittidae,
acanthiza,acanthizidae,
acanthorhynchus,meliphagidae,
acanthornis,acanthizidae,
accipiter,accipitridae,
aceros,bucerotidae,
achaetops,macrosphenidae,
acridotheres,sturnidae,
acrobatornis,furnariidae,
acrocephalus,acrocephalidae,
acropternis,rhinocryptidae,
acryllium,numididae,
actenoides,alcedinidae,
actinodura,leiothrichidae,
actitis,scolopacidae,
actophilornis,jacanidae,
adelomyia,trochilidae,
aechmophorus,podicipedidae,
aegithalos,aegithalidae,
aegithina,aegithinidae,
aegolius,strigidae,
aegotheles,aegothelidae,
aegypius,accipitridae,
aepypodius,megapodiidae,
aerodramus,apodidae,
aeronautes,apodidae,
aethia,alcidae,
aethopyga,nectariniidae,
afropavo,phasianidae,
agamia,ardeidae,
agapornis,psittaculidae,
agelaioides,icteridae,
agelaius,icteridae,
agelastes,numididae,
agelasticus,icteridae,
aglaeactis,trochilidae,
aglaiocercus,trochilidae,
agraphospiza,fringillidae,
agricola,muscicapidae,
agriornis,tyrannidae,
agropsar,sturnidae,
aidemosyne,estrildidae,
ailuroedus,ptilonorhynchidae,
aimophila,passerellidae,
aix,anatidae,
akialoa,fringillidae,
akletos,thamnophilidae,
alaemon,alaudidae,
alauda,alaudidae,
alaudala,alaudidae,
alca,alcidae,
alcedo,alcedinidae,
alcippe,leiothrichidae,
aleadryas,oreoicidae,
alectoris,phasianidae,
alectroenas,columbidae,
alectrurus,tyrannidae,
alectura,megapodiidae,
alethe,muscicapidae,
alipiopsitta,psittacidae,
alisterus,psittaculidae,
alle,alcidae,
allenia,mimidae,
alopecoenas,columbidae,
alophoixus,pycnonotidae,
alopochelidon,hirundinidae,
alopochen,anatidae,
amadina,estrildidae,
amalocichla,petroicidae,
amandava,estrildidae,
amaurolimnas,rallidae,
amaurornis,rallidae,
amaurospiza,cardinalidae,
amazilia,trochilidae,
amazilis,trochilidae,
amazona,psittacidae,
amazonetta,anatidae,
amblycercus,icteridae,
amblyornis,ptilonorhynchidae,
amblyospiza,ploceidae,
amblyramphus,icteridae,
ammodramus,passerellidae,
ammomanes,alaudidae,
ammomanopsis,alaudidae,
ammonastes,thamnophilidae,
ammoperdix,phasianidae,
ammospiza,passerellidae,
ampeliceps,sturnidae,
ampelioides,cotingidae,
ampelion,cotingidae,
ampelornis,thamnophilidae,
amphispiza,passerellidae,
amphispizopsis,passerellidae,
amytornis,maluridae,
anabacerthia,furnariidae,
anabathmis,nectariniidae,
anabazenops,furnariidae,
anairetes,tyrannidae,
analisoma,campephagidae,
anaplectes,ploceidae,
anarhynchus,charadriidae,
anas,anatidae,
anastomus,ciconiidae,
ancistrops,furnariidae,
andigena,ramphastidae,
androdon,trochilidae,
andropadus,pycnonotidae,
androphobus,psophodidae,
anhima,anhimidae,
anhinga,anhingidae,
anisognathus,thraupidae,
anodorhynchus,psittacidae,
anomalospiza,viduidae,
anopetia,trochilidae,
anorrhinus,bucerotidae,
anous,laridae,
anser,anatidae,
anseranas,anseranatidae,
anthipes,muscicapidae,
anthobaphes,nectariniidae,
anthocephala,trochilidae,
anthochaera,meliphagidae,
anthornis,meliphagidae,
anthoscopus,remizidae,
anthracoceros,bucerotidae,
anthracothorax,trochilidae,
anthreptes,nectariniidae,
anthropoides,gruidae,
anthus,motacillidae,
antigone,gruidae,
antilophia,pipridae,
antrostomus,caprimulgidae,
anumara,icteridae,
anumbius,furnariidae,
anurolimnas,rallidae,
apalis,cisticolidae,
apaloderma,trogonidae,
apalopteron,zosteropidae,
aphanapteryx,rallidae,
aphanotriccus,tyrannidae,
aphelocephala,acanthizidae,
aphelocoma,corvidae,
aphrastura,furnariidae,
aphrodroma,procellariidae,
aplonis,sturnidae,
aprositornis,thamnophilidae,
aprosmictus,psittaculidae,
aptenodytes,spheniscidae,
apteryx,apterygidae,
apus,apodidae,
aquila,accipitridae,
ara,psittacidae,
arachnothera,nectariniidae,
aramides,rallidae,
aramidopsis,rallidae,
aramus,aramidae,
aratinga,psittacidae,
arborophila,phasianidae,
arcanator,modulatricidae,
archboldia,ptilonorhynchidae,
archilochus,trochilidae,
ardea,ardeidae,
ardenna,procellariidae,
ardeola,ardeidae,
ardeotis,otididae,
arenaria,scolopacidae,
argusianus,phasianidae,
argya,leiothrichidae,
arizelocichla,pycnonotidae,
arremon,passerellidae,
arremonops,passerellidae,
arses,monarchidae,
artamella,vangidae,
artamus,artamidae,
artemisiospiza,passerellidae,
artisornis,cisticolidae,
arundinax,acrocephalidae,
arundinicola,tyrannidae,
asarcornis,anatidae,
asemospiza,thraupidae,
ashbyia,meliphagidae,
asio,strigidae,
aspatha,momotidae,
asthenes,furnariidae,
astrapia,paradisaeidae,
atalotriccus,tyrannidae,
atelornis,brachypteraciidae,
athene,strigidae,
atimastillas,pycnonotidae,
atlantisia,rallidae,
atlapetes,passerellidae,
atrichornis,atrichornithidae,
atronanus,hirundinidae,
attagis,thinocoridae,
atticora,hirundinidae,
attila,tyrannidae,
augastes,trochilidae,
aulacorhynchus,ramphastidae,
auriparus,remizidae,
automolus,furnariidae,
aviceda,accipitridae,
avocettula,trochilidae,
aythya,anatidae,
baeolophus,paridae,
baeopogon,pycnonotidae,
balaeniceps,balaenicipitidae,
balearica,gruidae,
bambusicola,phasianidae,
bangsia,thraupidae,
barnardius,psittaculidae,
bartramia,scolopacidae,
baryphthengus,momotidae,
basileuterus,parulidae,
basilinna,trochilidae,
basilornis,sturnidae,
batara,thamnophilidae,
bathilda,estrildidae,
bathmocercus,cisticolidae,
batis,platysteiridae,
batrachostomus,podargidae,
berenicornis,bucerotidae,
berlepschia,furnariidae,
bermuteo,accipitridae,
bernieria,bernieridae,
bias,vangidae,
biatas,thamnophilidae,
biziura,anatidae,
bleda,pycnonotidae,
blythipicus,picidae,
boissonneaua,trochilidae,
bolbopsittacus,psittaculidae,
bolborhynchus,psittacidae,
bolemoreus,meliphagidae,
bombycilla,bombycillidae,
bonasa,phasianidae,
bostrychia,threskiornithidae,
botaurus,ardeidae,
brachycope,ploceidae,
brachygalba,galbulidae,
brachypodius,pycnonotidae,
brachypteracias,brachypteraciidae,
brachypteryx,muscicapidae,
brachyramphus,alcidae,
bradornis,muscicapidae,
bradypterus,locustellidae,
branta,anatidae,
brotogeris,psittacidae,
brunhilda,estrildidae,
bubalornis,ploceidae,
bubo,strigidae,
bubulcus,ardeidae,
bucanetes,fringillidae,
buccanodon,lybiidae,
bucco,bucconidae,
bucephala,anatidae,
buceros,bucerotidae,
bucorvus,bucorvidae,
bugeranus,gruidae,
bulweria,procellariidae,
buphagus,buphagidae,
burhinus,burhinidae,
busarellus,accipitridae,
butastur,accipitridae,
buteo,accipitridae,
buteogallus,accipitridae,
buthraupis,thraupidae,
butorides,ardeidae,
bycanistes,bucerotidae,
cacatua,cacatuidae,
cacicus,icteridae,
cacomantis,cuculidae,
cairina,anatidae,
calamanthus,acanthizidae,
calamonastes,cisticolidae,
calamonastides,acrocephalidae,
calamornis,sylviidae,
calamospiza,passerellidae,
calandrella,alaudidae,
calcarius,calcariidae,
calendulauda,alaudidae,
calicalicus,vangidae,
calidris,scolopacidae,
caligavis,meliphagidae,
callacanthis,fringillidae,
callaeas,callaeidae,
calliope,muscicapidae,
callipepla,odontophoridae,
calliphlox,trochilidae,
callocephalon,cacatuidae,
callonetta,anatidae,
calochaetes,thraupidae,
calocitta,corvidae,
caloenas,columbidae,
calonectris,procellariidae,
caloperdix,phasianidae,
caloramphus,megalaimidae,
calothorax,trochilidae,
calypte,trochilidae,
calyptocichla,pycnonotidae,
calyptomena,calyptomenidae,
calyptophilus,calyptophilidae,
calyptorhynchus,cacatuidae,
calyptura,tyrannidae,
camarhynchus,thraupidae,
camaroptera,cisticolidae,
campephaga,campephagidae,
campephilus,picidae,
campethera,picidae,
campicoloides,muscicapidae,
campochaera,campephagidae,
campocolinus,phasianidae,
camptorhynchus,anatidae,
camptostoma,tyrannidae,
campylopterus,trochilidae,
campylorhamphus,furnariidae,
campylorhynchus,troglodytidae,
canachites,phasianidae,
canirallus,rallidae,
cantorchilus,troglodytidae,
capito,capitonidae,
caprimulgus,caprimulgidae,
capsiempis,tyrannidae,
caracara,falconidae,
cardellina,parulidae,
cardinalis,cardinalidae,
carduelis,fringillidae,
cariama,cariamidae,
caridonax,alcedinidae,
carpococcyx,cuculidae,
carpodacus,fringillidae,
carpodectes,cotingidae,
carpornis,cotingidae,
carpospiza,passeridae,
carterornis,monarchidae,
caryothraustes,cardinalidae,
casiornis,tyrannidae,
cassiculus,icteridae,
castanozoster,thraupidae,
casuarius,casuariidae,
catamblyrhynchus,thraupidae,
catamenia,thraupidae,
cataponera,turdidae,
catharopeza,parulidae,
cathartes,cathartidae,
catharus,turdidae,
catherpes,troglodytidae,
catreus,phasianidae,
catriscus,locustellidae,
cecropis,hirundinidae,
celebesia,campephagidae,
celeus,picidae,
centrocercus,phasianidae,
centronyx,passerellidae,
centropus,cuculidae,
cephalopterus,cotingidae,
cephalopyrus,paridae,
cepphus,alcidae,
ceratogymna,bucerotidae,
ceratopipra,pipridae,
cercibis,threskiornithidae,
cercococcyx,cuculidae,
cercomacra,thamnophilidae,
cercomacroides,thamnophilidae,
cercotrichas,muscicapidae,
cereopsis,anatidae,
cerorhinca,alcidae,
certhia,certhiidae,
certhiasomus,furnariidae,
certhiaxis,furnariidae,
certhidea,thraupidae,
certhilauda,alaudidae,
certhionyx,meliphagidae,
ceryle,alcedinidae,
cettia,scotocercidae,
ceuthmochares,cuculidae,
ceyx,alcedinidae,
chaetocercus,trochilidae,
chaetops,chaetopidae,
chaetoptila,mohoidae,
chaetorhynchus,rhipiduridae,
chaetura,apodidae,
chalcomitra,nectariniidae,
chalcoparia,nectariniidae,
chalcophaps,columbidae,
chalcopsitta,psittaculidae,
chalcostigma,trochilidae,
chalcothraupis,thraupidae,
chalybura,trochilidae,
chamaea,sylviidae,
chamaepetes,cracidae,
chamaetylas,muscicapidae,
chamaeza,formicariidae,
charadrius,charadriidae,
charitospiza,thraupidae,
charminetta,psittaculidae,
charmosyna,psittaculidae,
charmosynoides,psittaculidae,
charmosynopsis,psittaculidae,
chasiempis,monarchidae,
chauna,anhimidae,
chelictinia,accipitridae,
chelidoptera,bucconidae,
chelidorhynx,stenostiridae,
chenonetta,anatidae,
chenorhamphus,maluridae,
cheramoeca,hirundinidae,
chersomanes,alaudidae,
chersophilus,alaudidae,
chionis,chionidae,
chionomesa,trochilidae,
chiroxiphia,pipridae,
chlamydera,ptilonorhynchidae,
chlamydochaera,turdidae,
chlamydotis,otididae,
chleuasicus,sylviidae,
chlidonias,laridae,
chloebia,estrildidae,
chloephaga,anatidae,
chlorestes,trochilidae,
chloridops,fringillidae,
chloris,fringillidae,
chloroceryle,alcedinidae,
chlorochrysa,thraupidae,
chlorocichla,pycnonotidae,
chlorodrepanis,fringillidae,
chlorophanes,thraupidae,
chlorophonia,fringillidae,
chloropicus,picidae,
chloropipo,pipridae,
chloropsis,chloropseidae,
chlorornis,thraupidae,
chlorospingus,passerellidae,
chlorostilbon,trochilidae,
chlorothraupis,cardinalidae,
cholornis,sylviidae,
chondestes,passerellidae,
chondrohierax,accipitridae,
chordeiles,caprimulgidae,
chroicocephalus,laridae,
chrysococcyx,cuculidae,
chrysocolaptes,picidae,
chrysocorythus,fringillidae,
chrysolampis,trochilidae,
chrysolophus,phasianidae,
chrysomma,sylviidae,
chrysomus,icteridae,
chrysophlegma,picidae,
chrysothlypis,thraupidae,
chrysuronia,trochilidae,
chunga,cariamidae,
ciccaba,strigidae,
cichladusa,muscicapidae,
cichlocolaptes,furnariidae,
cichlopsis,turdidae,
cicinnurus,paradisaeidae,
ciconia,ciconiidae,
cinclidium,muscicapidae,
cinclocerthia,mimidae,
cinclodes,furnariidae,
cincloramphus,locustellidae,
cinclosoma,cinclosomatidae,
cinclus,cinclidae,
cinnycerthia,troglodytidae,
cinnyricinclus,sturnidae,
cinnyris,nectariniidae,
circaetus,accipitridae,
circus,accipitridae,
ciridops,fringillidae,
cissa,corvidae,
cissomela,meliphagidae,
cissopis,thraupidae,
cisticola,cisticolidae,
cistothorus,troglodytidae,
cittura,alcedinidae,
cladorhynchus,recurvirostridae,
clamator,cuculidae,
clanga,accipitridae,
clangula,anatidae,
claravis,columbidae,
cleptornis,zosteropidae,
clibanornis,furnariidae,
climacteris,climacteridae,
clytoceyx,alcedinidae,
clytoctantes,thamnophilidae,
clytolaema,trochilidae,
clytomyias,maluridae,
clytorhynchus,monarchidae,
clytospiza,estrildidae,
cnemarchus,tyrannidae,
cnemathraupis,thraupidae,
cnemophilus,cnemophilidae,
cnemoscopus,thraupidae,
cnemotriccus,tyrannidae,
cnipodectes,tyrannidae,
coccopygia,estrildidae,
coccothraustes,fringillidae,
coccycua,cuculidae,
coccyzus,cuculidae,
cochlearius,ardeidae,
cochoa,turdidae,
coeligena,trochilidae,
coenocorypha,scolopacidae,
coereba,thraupidae,
colaptes,picidae,
colibri,trochilidae,
colinus,odontophoridae,
colius,coliidae,
collocalia,apodidae,
colluricincla,pachycephalidae,
colonia,tyrannidae,
colorhamphus,tyrannidae,
columba,columbidae,
columbina,columbidae,
compsothraupis,thraupidae,
conioptilon,cotingidae,
conirostrum,thraupidae,
conopias,tyrannidae,
conopophaga,conopophagidae,
conopophila,meliphagidae,
conostoma,sylviidae,
conothraupis,thraupidae,
contopus,tyrannidae,
conuropsis,psittacidae,
copsychus,muscicapidae,
coracias,coraciidae,
coracina,campephagidae,
coracopsis,psittaculidae,
coracornis,pachycephalidae,
coragyps,cathartidae,
corapipo,pipridae,
corcorax,corcoracidae,
cormobates,climacteridae,
corthylio,regulidae,
corvus,corvidae,
corydon,eurylaimidae,
coryphaspiza,thraupidae,
coryphistera,furnariidae,
coryphospingus,thraupidae,
corythaeola,musophagidae,
corythaixoides,musophagidae,
corythopis,tyrannidae,
corythornis,alcedinidae,
coscoroba,anatidae,
cossypha,muscicapidae,
cossyphicula,muscicapidae,
cotinga,cotingidae,
coturnicops,rallidae,
coturnix,phasianidae,
coua,cuculidae,
cracticus,artamidae,
cranioleuca,furnariidae,
crateroscelis,acanthizidae,
crax,cracidae,
creagrus,laridae,
creatophora,sturnidae,
creurgops,thraupidae,
crex,rallidae,
crinifer,musophagidae,
criniger,pycnonotidae,
crithagra,fringillidae,
crossleyia,bernieridae,
crossoptilon,phasianidae,
crotophaga,cuculidae,
crypsirina,corvidae,
cryptillas,macrosphenidae,
cryptoleucopteryx,accipitridae,
cryptopezus,grallariidae,
cryptophaps,columbidae,
cryptopipo,pipridae,
cryptospiza,estrildidae,
cryptosylvicola,bernieridae,
crypturellus,tinamidae,
cuculus,cuculidae,
culicicapa,stenostiridae,
culicivora,tyrannidae,
curaeus,icteridae,
curruca,sylviidae,
cursorius,glareolidae,
cutia,leiothrichidae,
cyanerpes,thraupidae,
cyanicterus,thraupidae,
cyanistes,paridae,
cyanochen,anatidae,
cyanocitta,corvidae,
cyanocompsa,cardinalidae,
cyanocorax,corvidae,
cyanoderma,timaliidae,
cyanograucalus,campephagidae,
cyanolanius,vangidae,
cyanolimnas,rallidae,
cyanoliseus,psittacidae,
cyanoloxia,cardinalidae,
cyanolyca,corvidae,
cyanomitra,nectariniidae,
cyanopica,corvidae,
cyanopsitta,psittacidae,
cyanoptila,muscicapidae,
cyanoramphus,psittaculidae,
cyclarhis,vireonidae,
cyclopsitta,psittaculidae,
cygnus,anatidae,
cymbilaimus,thamnophilidae,
cymbirhynchus,eurylaimidae,
cynanthus,trochilidae,
cyornis,muscicapidae,
cyphorhinus,troglodytidae,
cypseloides,apodidae,
cypsiurus,apodidae,
cypsnagra,thraupidae,
cyrtonyx,odontophoridae,
dacelo,alcedinidae,
dacnis,thraupidae,
dactylortyx,odontophoridae,
daphoenositta,neosittidae,
daption,procellariidae,
daptrius,falconidae,
dasycrotapha,zosteropidae,
dasylophus,cuculidae,
dasyornis,dasyornithidae,
deconychura,furnariidae,
delacourella,estrildidae,
deleornis,nectariniidae,
delichon,hirundinidae,
dendragapus,phasianidae,
dendrexetastes,furnariidae,
dendrocincla,furnariidae,
dendrocitta,corvidae,
dendrocolaptes,furnariidae,
dendrocopos,picidae,
dendrocoptes,picidae,
dendrocygna,anatidae,
dendroma,furnariidae,
dendronanthus,motacillidae,
dendroplex,furnariidae,
dendrortyx,odontophoridae,
deroptyus,psittacidae,
diaphorapteryx,rallidae,
dicaeum,dicaeidae,
dichrozona,thamnophilidae,
dicrurus,dicruridae,
didunculus,columbidae,
diglossa,thraupidae,
dinemellia,ploceidae,
dinopium,picidae,
diomedea,diomedeidae,
diopsittaca,psittacidae,
discosura,trochilidae,
diuca,thraupidae,
dives,icteridae,
dolichonyx,icteridae,
doliornis,cotingidae,
donacobius,donacobiidae,
donacospiza,thraupidae,
doricha,trochilidae,
doryfera,trochilidae,
drepanis,fringillidae,
drepanoptila,columbidae,
drepanorhynchus,nectariniidae,
drepanornis,paradisaeidae,
dreptes,nectariniidae,
dromaius,casuariidae,
dromas,dromadidae,
dromococcyx,cuculidae,
drymocichla,cisticolidae,
drymodes,petroicidae,
drymophila,thamnophilidae,
drymornis,furnariidae,
drymotoxeres,furnariidae,
dryobates,picidae,
dryocopus,picidae,
dryolimnas,rallidae,
dryoscopus,malaconotidae,
dryotriorchis,accipitridae,
dubusia,thraupidae,
ducula,columbidae,
dulus,dulidae,
dumetella,mimidae,
dumetia,timaliidae,
dysithamnus,thamnophilidae,
dysmorodrepanis,fringillidae,
eclectus,psittaculidae,
ectopistes,columbidae,
edolisoma,campephagidae,
egretta,ardeidae,
elachura,elachuridae,
elaenia,tyrannidae,
elanoides,accipitridae,
elanus,accipitridae,
elaphrornis,locustellidae,
electron,momotidae,
eleoscytalopus,rhinocryptidae,
eleothreptus,caprimulgidae,
elliotomyia,trochilidae,
elminia,stenostiridae,
elseyornis,charadriidae,
emarginata,muscicapidae,
emberiza,emberizidae,
emberizoides,thraupidae,
embernagra,thraupidae,
emblema,estrildidae,
eminia,cisticolidae,
empidonax,tyrannidae,
empidonomus,tyrannidae,
enicognathus,psittacidae,
enicurus,muscicapidae,
enodes,sturnidae,
ensifera,trochilidae,
entomodestes,turdidae,
entomyzon,meliphagidae,
eolophus,cacatuidae,
eophona,fringillidae,
eopsaltria,petroicidae,
eos,psittaculidae,
ephippiorhynchus,ciconiidae,
epimachus,paradisaeidae,
epinecrophylla,thamnophilidae,
epthianura,meliphagidae,
eremalauda,alaudidae,
eremomela,cisticolidae,
eremophila,alaudidae,
eremopterix,alaudidae,
eriocnemis,trochilidae,
erithacus,muscicapidae,
erpornis,vireonidae,
erythrocercus,scotocercidae,
erythrogenys,timaliidae,
erythrogonys,charadriidae,
erythromachus,rallidae,
erythropitta,pittidae,
erythrotriorchis,accipitridae,
erythrura,estrildidae,
esacus,burhinidae,
estrilda,estrildidae,
eubucco,capitonidae,
euchrepomis,thamnophilidae,
eucometis,thraupidae,
eudocimus,threskiornithidae,
eudromia,tinamidae,
eudynamys,cuculidae,
eudyptes,spheniscidae,
eudyptula,spheniscidae,
eugenes,trochilidae,
eugerygone,petroicidae,
eugralla,rhinocryptidae,
eulacestoma,eulacestomatidae,
eulampis,trochilidae,
eulidia,trochilidae,
eulipoa,megapodiidae,
eumomota,momotidae,
eumyias,muscicapidae,
euneornis,thraupidae,
eunymphicus,psittaculidae,
euodice,estrildidae,
eupetes,eupetidae,
eupetomena,trochilidae,
euphagus,icteridae,
eupherusa,trochilidae,
euphonia,fringillidae,
euplectes,ploceidae,
eupodotis,otididae,
eupsittula,psittacidae,
euptilotis,trogonidae,
eurillas,pycnonotidae,
eurocephalus,laniidae,
eurostopodus,caprimulgidae,
euryceros,vangidae,
eurylaimus,eurylaimidae,
euryptila,cisticolidae,
eurypyga,eurypygidae,
eurystomus,coraciidae,
euscarthmus,tyrannidae,
euschistospiza,estrildidae,
eutoxeres,trochilidae,
eutrichomyias,rhipiduridae,
eutriorchis,accipitridae,
falcipennis,phasianidae,
falco,falconidae,
falculea,vangidae,
falcunculus,falcunculidae,
ferminia,troglodytidae,
ficedula,muscicapidae,
florisuga,trochilidae,
fluvicola,tyrannidae,
formicarius,formicariidae,
formicivora,thamnophilidae,
forpus,psittacidae,
foudia,ploceidae,
foulehaio,meliphagidae,
francolinus,phasianidae,
fraseria,muscicapidae,
fratercula,alcidae,
frederickena,thamnophilidae,
fregata,fregatidae,
fregetta,oceanitidae,
fregilupus,sturnidae,
fringilla,fringillidae,
fulica,rallidae,
fulmarus,procellariidae,
fulvetta,sylviidae,
furnarius,furnariidae,
gactornis,caprimulgidae,
galbalcyrhynchus,galbulidae,
galbula,galbulidae,
galerida,alaudidae,
gallicolumba,columbidae,
gallicrex,rallidae,
gallinago,scolopacidae,
gallinula,rallidae,
gallirallus,rallidae,
galloperdix,phasianidae,
gallus,phasianidae,
gampsonyx,accipitridae,
gampsorhynchus,pellorneidae,
garrodia,oceanitidae,
garrulax,leiothrichidae,
garrulus,corvidae,
gavia,gaviidae,
gavicalis,meliphagidae,
gecinulus,picidae,
gelochelidon,laridae,
geocerthia,furnariidae,
geococcyx,cuculidae,
geocolaptes,picidae,
geoffroyus,psittaculidae,
geokichla,turdidae,
geopelia,columbidae,
geophaps,columbidae,
geositta,furnariidae,
geospiza,thraupidae,
geospizopsis,thraupidae,
geothlypis,parulidae,
geotrygon,columbidae,
geranoaetus,accipitridae,
geranospiza,accipitridae,
geronticus,threskiornithidae,
gerygone,acanthizidae,
glareola,glareolidae,
glaucestrilda,estrildidae,
glaucidium,strigidae,
glaucis,trochilidae,
gliciphila,meliphagidae,
glossopsitta,psittaculidae,
glossoptila,psittaculidae,
glycichaera,meliphagidae,
glyphorynchus,furnariidae,
gnorimopsar,icteridae,
goldmania,trochilidae,
goodfellowia,sturnidae,
gorsachius,ardeidae,
goura,columbidae,
gracula,sturnidae,
gracupica,sturnidae,
grafisia,sturnidae,
grallaria,grallariidae,
grallaricula,grallariidae,
grallina,monarchidae,
graminicola,pellorneidae,
grammatoptila,leiothrichidae,
granatellus,cardinalidae,
granatina,estrildidae,
grandala,turdidae,
grantiella,meliphagidae,
graueria,macrosphenidae,
graydidascalus,psittacidae,
grus,gruidae,
guadalcanaria,meliphagidae,
guaruba,psittacidae,
gubernatrix,thraupidae,
gubernetes,tyrannidae,
guira,cuculidae,
gulosus,phalacrocoracidae,
guttera,numididae,
guyramemua,tyrannidae,
gygis,laridae,
gymnasio,strigidae,
gymnobucco,lybiidae,
gymnocichla,thamnophilidae,
gymnocrex,rallidae,
gymnoderus,cotingidae,
gymnogyps,cathartidae,
gymnomystax,icteridae,
gymnomyza,meliphagidae,
gymnophaps,columbidae,
gymnopithys,thamnophilidae,
gymnorhina,artamidae,
gymnorhinus,corvidae,
gymnoris,passeridae,
gypaetus,accipitridae,
gypohierax,accipitridae,
gyps,accipitridae,
gypsophila,pellorneidae,
habia,cardinalidae,
haematoderus,cotingidae,
haematopus,haematopodidae,
haematortyx,phasianidae,
haemorhous,fringillidae,
hafferia,thamnophilidae,
halcyon,alcedinidae,
haliaeetus,accipitridae,
haliastur,accipitridae,
halobaena,procellariidae,
hamirostra,accipitridae,
hapalocrex,rallidae,
hapalopsittaca,psittacidae,
hapaloptila,bucconidae,
haplophaedia,trochilidae,
haplospiza,thraupidae,
harpactes,trogonidae,
harpagus,accipitridae,
harpia,accipitridae,
harpyopsis,accipitridae,
hartertula,bernieridae,
hartlaubius,sturnidae,
hedydipna,nectariniidae,
heinrichia,muscicapidae,
heleia,zosteropidae,
heliactin,trochilidae,
heliangelus,trochilidae,
helicolestes,accipitridae,
heliobletus,furnariidae,
heliodoxa,trochilidae,
heliomaster,trochilidae,
heliopais,heliornithidae,
heliornis,heliornithidae,
heliothryx,trochilidae,
hellmayrea,furnariidae,
helmitheros,parulidae,
helopsaltes,locustellidae,
hemicircus,picidae,
hemignathus,fringillidae,
hemimacronyx,motacillidae,
hemiphaga,columbidae,
hemiprocne,hemiprocnidae,
hemipus,vangidae,
hemithraupis,thraupidae,
hemitriccus,tyrannidae,
hemixos,pycnonotidae,
henicopernis,accipitridae,
henicophaps,columbidae,
henicorhina,troglodytidae,
herpetotheres,falconidae,
herpsilochmus,thamnophilidae,
heteralocha,callaeidae,
heterocercus,pipridae,
heteromirafra,alaudidae,
heteromunia,estrildidae,
heteromyias,petroicidae,
heteronetta,anatidae,
heterophasia,leiothrichidae,
heterospingus,thraupidae,
heteroxolmis,tyrannidae,
hieraaetus,accipitridae,
hierococcyx,cuculidae,
himantopus,recurvirostridae,
himantornis,rallidae,
himatione,fringillidae,
hippolais,acrocephalidae,
hirundapus,apodidae,
hirundinea,tyrannidae,
hirundo,hirundinidae,
histrionicus,anatidae,
histurgops,ploceidae,
horizocerus,bucerotidae,
horornis,scotocercidae,
houbaropsis,otididae,
humblotia,muscicapidae,
hydrobates,hydrobatidae,
hydrochous,apodidae,
hydrocoloeus,laridae,
hydrophasianus,jacanidae,
hydroprogne,laridae,
hydropsalis,caprimulgidae,
hydrornis,pittidae,
hylacola,acanthizidae,
hylexetastes,furnariidae,
hylia,macrosphenidae,
hyliota,hyliotidae,
hylocharis,trochilidae,
hylocichla,turdidae,
hylocitrea,hylocitreidae,
hylomanes,momotidae,
hylonympha,trochilidae,
hylopezus,grallariidae,
hylophilus,vireonidae,
hylophylax,thamnophilidae,
hylopsar,sturnidae,
hylorchilus,troglodytidae,
hymenolaimus,anatidae,
hymenops,tyrannidae,
hypargos,estrildidae,
hypergerus,cisticolidae,
hypnelus,bucconidae,
hypocharmosyna,psittaculidae,
hypocnemis,thamnophilidae,
hypocnemoides,thamnophilidae,
hypocolius,hypocoliidae,
hypocryptadius,passeridae,
hypoedaleus,thamnophilidae,
hypopyrrhus,icteridae,
hypositta,vangidae,
hypothymis,monarchidae,
hypsipetes,pycnonotidae,
ianthocincla,leiothrichidae,
ibidorhyncha,ibidorhynchidae,
ibycter,falconidae,
ichthyaetus,laridae,
icteria,icteriidae,
icterus,icteridae,
ictinaetus,accipitridae,
ictinia,accipitridae,
idiopsar,thraupidae,
iduna,acrocephalidae,
ifrita,ifritidae,
ilicura,pipridae,
illadopsis,pellorneidae,
incana,cisticolidae,
incaspiza,thraupidae,
indicator,indicatoridae,
inezia,tyrannidae,
iodopleura,tityridae,
iole,pycnonotidae,
irania,muscicapidae,
irediparra,jacanidae,
irena,irenidae,
iridophanes,thraupidae,
iridosornis,thraupidae,
isleria,thamnophilidae,
ispidina,alcedinidae,
ithaginis,phasianidae,
ixobrychus,ardeidae,
ixonotus,pycnonotidae,
ixoreus,turdidae,
ixos,pycnonotidae,
ixothraupis,thraupidae,
jabiru,ciconiidae,
jacamaralcyon,galbulidae,
jacamerops,galbulidae,
jacana,jacanidae,
jubula,strigidae,
junco,passerellidae,
jynx,picidae,
kakamega,modulatricidae,
kaupifalco,accipitridae,
kenopia,pellorneidae,
ketupa,strigidae,
klais,trochilidae,
kleinothraupis,thraupidae,
knipolegus,tyrannidae,
kurochkinegramma,nectariniidae,
lacedo,alcedinidae,
lafresnaya,trochilidae,
lagonosticta,estrildidae,
lagopus,phasianidae,
lalage,campephagidae,
lampornis,trochilidae,
lamprolaima,trochilidae,
lamprolia,rhipiduridae,
lampropsar,icteridae,
lamprospiza,mitrospingidae,
lamprotornis,sturnidae,
laniarius,malaconotidae,
laniellus,leiothrichidae,
laniisoma,tityridae,
lanio,thraupidae,
laniocera,tityridae,
lanioturdus,platysteiridae,
lanius,laniidae,
larosterna,laridae,
larus,laridae,
larvivora,muscicapidae,
laterallus,rallidae,
lathamus,psittaculidae,
lathrotriccus,tyrannidae,
laticilla,pellorneidae,
legatus,tyrannidae,
leiopicus,picidae,
leioptila,leiothrichidae,
leiothlypis,parulidae,
leiothrix,leiothrichidae,
leipoa,megapodiidae,
leistes,icteridae,
leonardina,muscicapidae,
lepidocolaptes,furnariidae,
lepidopygia,estrildidae,
lepidothrix,pipridae,
leptasthenura,furnariidae,
leptocoma,nectariniidae,
leptodon,accipitridae,
leptopoecile,aegithalidae,
leptopogon,tyrannidae,
leptopterus,vangidae,
leptoptilos,ciconiidae,
leptosittaca,psittacidae,
leptosomus,leptosomidae,
leptotila,columbidae,
leptotrygon,columbidae,
lerwa,phasianidae,
lesbia,trochilidae,
lessonia,tyrannidae,
leucippus,trochilidae,
leucocarbo,phalacrocoracidae,
leucochloris,trochilidae,
leucogeranus,gruidae,
leucolia,trochilidae,
leucopeza,parulidae,
leucophaeus,laridae,
leucopsar,sturnidae,
leucopternis,accipitridae,
leucosarcia,columbidae,
leucosticte,fringillidae,
lewinia,rallidae,
lichenostomus,meliphagidae,
lichmera,meliphagidae,
limnoctites,furnariidae,
limnodromus,scolopacidae,
limnornis,furnariidae,
limnothlypis,parulidae,
limosa,scolopacidae,
linaria,fringillidae,
linurgus,fringillidae,
liocichla,leiothrichidae,
lioparus,sylviidae,
liosceles,rhinocryptidae,
lipaugus,cotingidae,
lissotis,otididae,
loboparadisea,cnemophilidae,
lobotos,campephagidae,
lochmias,furnariidae,
locustella,locustellidae,
loddigesia,trochilidae,
lonchura,estrildidae,
lophaetus,accipitridae,
lophoceros,bucerotidae,
lophochroa,cacatuidae,
lophodytes,anatidae,
lophoictinia,accipitridae,
lopholaimus,columbidae,
lophonetta,anatidae,
lophophanes,paridae,
lophophorus,phasianidae,
lophopsittacus,psittaculidae,
lophorina,paradisaeidae,
lophornis,trochilidae,
lophospingus,thraupidae,
lophostrix,strigidae,
lophotibis,threskiornithidae,
lophotriccus,tyrannidae,
lophotriorchis,accipitridae,
lophura,phasianidae,
loriculus,psittaculidae,
loriotus,thraupidae,
lorius,psittaculidae,
loxia,fringillidae,
loxigilla,thraupidae,
loxioides,fringillidae,
loxipasser,thraupidae,
loxops,fringillidae,
lullula,alaudidae,
lurocalis,caprimulgidae,
luscinia,muscicapidae,
lybius,lybiidae,
lycocorax,paradisaeidae,
lymnocryptes,scolopacidae,
lyncornis,caprimulgidae,
lyrurus,phasianidae,
macgregoria,meliphagidae,
machaerirhynchus,machaerirhynchidae,
machaeropterus,pipridae,
macheiramphus,accipitridae,
machetornis,tyrannidae,
machlolophus,paridae,
mackenziaena,thamnophilidae,
macroagelaius,icteridae,
macrocephalon,megapodiidae,
macronectes,procellariidae,
macronus,timaliidae,
macronyx,motacillidae,
macropsalis,caprimulgidae,
macropygia,columbidae,
macrosphenus,macrosphenidae,
madanga,motacillidae,
magumma,fringillidae,
malacocincla,pellorneidae,
malaconotus,malaconotidae,
malacopteron,pellorneidae,
malacoptila,bucconidae,
malacorhynchus,anatidae,
malcorus,cisticolidae,
malia,locustellidae,
malimbus,ploceidae,
malindangia,campephagidae,
malurus,maluridae,
manacus,pipridae,
mandingoa,estrildidae,
manorina,meliphagidae,
manucodia,paradisaeidae,
mareca,anatidae,
margarobyas,strigidae,
margaroperdix,phasianidae,
margarops,mimidae,
margarornis,furnariidae,
marmaronetta,anatidae,
mascarinus,psittaculidae,
masius,pipridae,
mayrimunia,estrildidae,
mayrornis,monarchidae,
mazaria,furnariidae,
mearnsia,apodidae,
mecocerculus,tyrannidae,
megabyas,vangidae,
megaceryle,alcedinidae,
megacrex,rallidae,
megadyptes,spheniscidae,
megalurus,locustellidae,
megapodius,megapodiidae,
megarynchus,tyrannidae,
megascops,strigidae,
megastictus,thamnophilidae,
megatriorchis,accipitridae,
megaxenops,furnariidae,
megazosterops,zosteropidae,
meiglyptes,picidae,
melaenornis,muscicapidae,
melampitta,melampittidae,
melamprosops,fringillidae,
melanerpes,picidae,
melaniparus,paridae,
melanitta,anatidae,
melanocharis,melanocharitidae,
melanochlora,paridae,
melanocichla,timaliidae,
melanocorypha,alaudidae,
melanodera,thraupidae,
melanodryas,petroicidae,
melanopareia,melanopareiidae,
melanoperdix,phasianidae,
melanoptila,mimidae,
melanorectes,pachycephalidae,
melanospiza,thraupidae,
melanotis,mimidae,
meleagris,phasianidae,
meliarchus,meliphagidae,
melichneutes,indicatoridae,
melidectes,meliphagidae,
melidora,alcedinidae,
melierax,accipitridae,
melignomon,indicatoridae,
melilestes,meliphagidae,
meliphacator,meliphagidae,
meliphaga,meliphagidae,
melipotes,meliphagidae,
melithreptus,meliphagidae,
melitograis,meliphagidae,
mellisuga,trochilidae,
melocichla,macrosphenidae,
melopsittacus,psittaculidae,
melopyrrha,thraupidae,
melospiza,passerellidae,
melozone,passerellidae,
mentocrex,sarothruridae,
menura,menuridae,
merganetta,anatidae,
mergellus,anatidae,
mergus,anatidae,
meropogon,meropidae,
merops,meropidae,
merulaxis,rhinocryptidae,
mesembrinibis,threskiornithidae,
mesitornis,mesitornithidae,
metabolus,monarchidae,
metallura,trochilidae,
metopidius,jacanidae,
metopothrix,furnariidae,
metriopelia,columbidae,
micrastur,falconidae,
micrathene,strigidae,
microbates,polioptilidae,
microcarbo,phalacrocoracidae,
microcerculus,troglodytidae,
microchera,trochilidae,
microdynamis,cuculidae,
microeca,petroicidae,
microgoura,columbidae,
microhierax,falconidae,
microligea,phaenicophilidae,
micromacronus,cisticolidae,
micromonacha,bucconidae,
micronisus,accipitridae,
microparra,jacanidae,
micropsitta,psittaculidae,
micropternus,picidae,
microptilotis,meliphagidae,
micropygia,rallidae,
microrhopias,thamnophilidae,
microspingus,thraupidae,
microstilbon,trochilidae,
microxenops,furnariidae,
milvago,falconidae,
milvus,accipitridae,
mimus,mimidae,
minla,leiothrichidae,
mino,sturnidae,
mionectes,tyrannidae,
mirafra,alaudidae,
mitrephanes,tyrannidae,
mitrospingus,mitrospingidae,
mitu,cracidae,
mixornis,timaliidae,
mniotilta,parulidae,
modulatrix,modulatricidae,
moho,mohoidae,
mohoua,mohouidae,
molothrus,icteridae,
momotus,momotidae,
monachella,petroicidae,
monarcha,monarchidae,
monasa,bucconidae,
monias,mesitornithidae,
montecincla,leiothrichidae,
monticola,muscicapidae,
montifringilla,passeridae,
morococcyx,cuculidae,
morphnarchus,accipitridae,
morphnus,accipitridae,
morus,sulidae,
motacilla,motacillidae,
moupinia,sylviidae,
mulleripicus,picidae,
mundia,rallidae,
muscicapa,muscicapidae,
muscigralla,tyrannidae,
muscipipra,tyrannidae,
muscisaxicola,tyrannidae,
musophaga,musophagidae,
mustelirallus,rallidae,
myadestes,turdidae,
mycerobas,fringillidae,
mycteria,ciconiidae,
myiagra,monarchidae,
myiarchus,tyrannidae,
myiobius,oxyruncidae,
myioborus,parulidae,
myiodynastes,tyrannidae,
myiomela,muscicapidae,
myiopagis,tyrannidae,
myiophobus,tyrannidae,
myiopsitta,psittacidae,
myiornis,tyrannidae,
myiotheretes,tyrannidae,
myiothlypis,parulidae,
myiotriccus,tyrannidae,
myiozetetes,tyrannidae,
myophonus,muscicapidae,
myornis,rhinocryptidae,
myrmeciza,thamnophilidae,
myrmecocichla,muscicapidae,
myrmelastes,thamnophilidae,
myrmia,trochilidae,
myrmoborus,thamnophilidae,
myrmochanes,thamnophilidae,
myrmoderus,thamnophilidae,
myrmophylax,thamnophilidae,
myrmorchilus,thamnophilidae,
myrmornis,thamnophilidae,
myrmothera,grallariidae,
myrmotherula,thamnophilidae,
myrtis,trochilidae,
mystacornis,vangidae,
myza,meliphagidae,
myzomela,meliphagidae,
myzornis,sylviidae,
nannococcyx,cuculidae,
nannopsittaca,psittacidae,
nannopterum,phalacrocoracidae,
napothera,pellorneidae,
nasica,furnariidae,
neafrapus,apodidae,
necropsar,sturnidae,
necropsittacus,psittaculidae,
necrosyrtes,accipitridae,
nectarinia,nectariniidae,
nemosia,thraupidae,
nengetus,tyrannidae,
neochmia,estrildidae,
neocichla,sturnidae,
neocossyphus,turdidae,
neoctantes,thamnophilidae,
neodrepanis,philepittidae,
neolalage,monarchidae,
neolestes,pycnonotidae,
neomixis,cisticolidae,
neomorphus,cuculidae,
neopelma,pipridae,
neophedina,hirundinidae,
neophema,psittaculidae,
neophron,accipitridae,
neopipo,tyrannidae,
neopsittacus,psittaculidae,
neosuthora,sylviidae,
neothraupis,thraupidae,
neotis,otididae,
neoxolmis,tyrannidae,
nephelomyias,tyrannidae,
nephelornis,thraupidae,
nesillas,acrocephalidae,
nesocharis,estrildidae,
nesoctites,picidae,
nesoenas,columbidae,
nesofregetta,oceanitidae,
nesophlox,trochilidae,
nesopsar,icteridae,
nesoptilotis,meliphagidae,
nesospingus,nesospingidae,
nesospiza,thraupidae,
nesotriccus,tyrannidae,
nestor,strigopidae,
netta,anatidae,
nettapus,anatidae,
newtonia,vangidae,
nicator,nicatoridae,
nigrita,estrildidae,
nilaus,malaconotidae,
niltava,muscicapidae,
ninox,strigidae,
nipponia,threskiornithidae,
nisaetus,accipitridae,
nok,pycnonotidae,
nomonyx,anatidae,
nonnula,bucconidae,
northiella,psittaculidae,
notharchus,bucconidae,
nothocercus,tinamidae,
nothocrax,cracidae,
nothoprocta,tinamidae,
nothura,tinamidae,
notiomystis,notiomystidae,
notopholia,sturnidae,
nucifraga,corvidae,
numenius,scolopacidae,
numida,numididae,
nyctanassa,ardeidae,
nyctibius,nyctibiidae,
nycticorax,ardeidae,
nycticryphes,rostratulidae,
nyctidromus,caprimulgidae,
nyctiphrynus,caprimulgidae,
nyctipolus,caprimulgidae,
nyctiprogne,caprimulgidae,
nyctyornis,meropidae,
nymphicus,cacatuidae,
nystalus,bucconidae,
oceanites,oceanitidae,
ochetorhynchus,furnariidae,
ochthoeca,tyrannidae,
ochthornis,tyrannidae,
ocreatus,trochilidae,
ocyceros,bucerotidae,
ocyphaps,columbidae,
odontophorus,odontophoridae,
odontorchilus,troglodytidae,
oedistoma,melanocharitidae,
oena,columbidae,
oenanthe,muscicapidae,
ognorhynchus,psittacidae,
oncostoma,tyrannidae,
oneillornis,thamnophilidae,
onychognathus,sturnidae,
onychoprion,laridae,
onychorhynchus,oxyruncidae,
ophrysia,phasianidae,
opisthocomus,opisthocomidae,
opisthoprora,trochilidae,
oporornis,parulidae,
orchesticus,thraupidae,
oreocharis,paramythiidae,
oreoica,oreoicidae,
oreolais,cisticolidae,
oreomystis,fringillidae,
oreonympha,trochilidae,
oreophasis,cracidae,
oreophilais,cisticolidae,
oreopholus,charadriidae,
oreopsar,icteridae,
oreopsittacus,psittaculidae,
oreornis,meliphagidae,
oreortyx,odontophoridae,
oreoscoptes,mimidae,
oreoscopus,acanthizidae,
oreostruthus,estrildidae,
oreothlypis,parulidae,
oreothraupis,passerellidae,
oreotrochilus,trochilidae,
oressochen,anatidae,
origma,acanthizidae,
oriolia,vangidae,
oriolus,oriolidae,
oriturus,passerellidae,
ornithion,tyrannidae,
ornorectes,oreoicidae,
orochelidon,hirundinidae,
ortalis,cracidae,
orthogonys,mitrospingidae,
orthonyx,orthonychidae,
orthopsittaca,psittacidae,
orthorhyncus,trochilidae,
orthotomus,cisticolidae,
ortygornis,phasianidae,
ortygospiza,estrildidae,
ortyxelos,turnicidae,
otidiphaps,columbidae,
otis,otididae,
otocichla,turdidae,
otus,strigidae,
oxylabes,bernieridae,
oxypogon,trochilidae,
oxyruncus,oxyruncidae,
oxyura,anatidae,
pachycare,acanthizidae,
pachycephala,pachycephalidae,
pachycephalopsis,petroicidae,
pachycoccyx,cuculidae,
pachyphantes,ploceidae,
pachyptila,procellariidae,
pachyramphus,tityridae,
pachysylvia,vireonidae,
padda,estrildidae,
pagodroma,procellariidae,
pagophila,laridae,
palmeria,fringillidae,
paludipasser,estrildidae,
pampa,trochilidae,
pandion,pandionidae,
panterpe,trochilidae,
panurus,panuridae,
panyptila,apodidae,
papasula,sulidae,
parabuteo,accipitridae,
paraclaravis,columbidae,
paradigalla,paradisaeidae,
paradisaea,paradisaeidae,
paradoxornis,sylviidae,
paragallinula,rallidae,
paramythia,paramythiidae,
parayuhina,zosteropidae,
pardalotus,pardalotidae,
pardirallus,rallidae,
parkerthraustes,thraupidae,
parkesia,parulidae,
parmoptila,estrildidae,
paroaria,thraupidae,
paroreomyza,fringillidae,
parotia,paradisaeidae,
parus,paridae,
parvipsitta,psittaculidae,
passer,passeridae,
passerculus,passerellidae,
passerella,passerellidae,
passerina,cardinalidae,
pastor,sturnidae,
patagioenas,columbidae,
patagona,trochilidae,
pauxi,cracidae,
pavo,phasianidae,
pedionomus,pedionomidae,
pelagodroma,oceanitidae,
pelargopsis,alcedinidae,
pelecanoides,procellariidae,
pelecanus,pelecanidae,
peliperdix,phasianidae,
pellorneum,pellorneidae,
peltohyas,charadriidae,
peltops,artamidae,
penelope,cracidae,
penelopides,bucerotidae,
penelopina,cracidae,
peneothello,petroicidae,
percnostola,thamnophilidae,
perdicula,phasianidae,
perdix,phasianidae,
pericrocotus,campephagidae,
periparus,paridae,
periporphyrus,cardinalidae,
perisoreus,corvidae,
perissocephalus,cotingidae,
pernis,accipitridae,
petrochelidon,hirundinidae,
petroica,petroicidae,
petronia,passeridae,
petrophassa,columbidae,
peucaea,passerellidae,
peucedramus,peucedramidae,
pezopetes,passerellidae,
pezophaps,columbidae,
pezoporus,psittaculidae,
phacellodomus,furnariidae,
phaenicophaeus,cuculidae,
phaenicophilus,phaenicophilidae,
phaenostictus,thamnophilidae,
phaeochroa,trochilidae,
phaeomyias,tyrannidae,
phaeoptila,trochilidae,
phaethon,phaethontidae,
phaethornis,trochilidae,
phaetusa,laridae,
phainopepla,ptiliogonatidae,
phainoptila,ptiliogonatidae,
phalacrocorax,phalacrocoracidae,
phalaenoptilus,caprimulgidae,
phalaropus,scolopacidae,
phalcoboenus,falconidae,
phapitreron,columbidae,
phaps,columbidae,
pharomachrus,trogonidae,
phasianus,phasianidae,
phedina,hirundinidae,
phegornis,charadriidae,
phelpsia,tyrannidae,
pheucticus,cardinalidae,
pheugopedius,troglodytidae,
phibalura,cotingidae,
philemon,meliphagidae,
philentoma,vangidae,
philepitta,philepittidae,
philesturnus,callaeidae,
philetairus,ploceidae,
philodice,trochilidae,
philortyx,odontophoridae,
philydor,furnariidae,
phimosus,threskiornithidae,
phlegopsis,thamnophilidae,
phleocryptes,furnariidae,
phlogophilus,trochilidae,
phodilus,tytonidae,
phoebastria,diomedeidae,
phoebetria,diomedeidae,
phoenicircus,cotingidae,
phoeniconaias,phoenicopteridae,
phoenicoparrus,phoenicopteridae,
phoenicopterus,phoenicopteridae,
phoeniculus,phoeniculidae,
phoenicurus,muscicapidae,
pholia,sturnidae,
pholidornis,macrosphenidae,
phonipara,thraupidae,
phonygammus,paradisaeidae,
phragmacia,cisticolidae,
phrygilus,thraupidae,
phylidonyris,meliphagidae,
phyllastrephus,pycnonotidae,
phyllergates,scotocercidae,
phyllolais,cisticolidae,
phyllomyias,tyrannidae,
phylloscartes,tyrannidae,
phylloscopus,phylloscopidae,
phytotoma,cotingidae,
piaya,cuculidae,
pica,corvidae,
picathartes,picathartidae,
picoides,picidae,
piculus,picidae,
picumnus,picidae,
picus,picidae,
piezorina,thraupidae,
pilherodius,ardeidae,
pinarochroa,muscicapidae,
pinarocorys,alaudidae,
pinaroloxias,thraupidae,
pinarornis,muscicapidae,
pinguinus,alcidae,
pinicola,fringillidae,
pionites,psittacidae,
pionopsitta,psittacidae,
pionus,psittacidae,
pipile,cracidae,
pipilo,passerellidae,
pipra,pipridae,
pipraeidea,thraupidae,
pipreola,cotingidae,
piprites,tyrannidae,
piranga,cardinalidae,
pitangus,tyrannidae,
pithecophaga,accipitridae,
pithys,thamnophilidae,
pitohui,oriolidae,
pitta,pittidae,
pittasoma,conopophagidae,
pityriasis,pityriasidae,
platalea,threskiornithidae,
platycercus,psittaculidae,
platylophus,platylophidae,
platyrinchus,tyrannidae,
platysmurus,corvidae,
platyspiza,thraupidae,
platysteira,platysteiridae,
plectorhyncha,meliphagidae,
plectrophenax,calcariidae,
plectropterus,anatidae,
plegadis,threskiornithidae,
plocepasser,ploceidae,
ploceus,ploceidae,
pluvialis,charadriidae,
pluvianellus,pluvianellidae,
pluvianus,pluvianidae,
pnoepyga,pnoepygidae,
podargus,podargidae,
podica,heliornithidae,
podiceps,podicipedidae,
podilymbus,podicipedidae,
podoces,corvidae,
poecile,paridae,
poecilodryas,petroicidae,
poecilostreptus,thraupidae,
poecilotriccus,tyrannidae,
poeoptera,sturnidae,
poephila,estrildidae,
pogoniulus,lybiidae,
pogonocichla,muscicapidae,
poicephalus,psittacidae,
poikilocarbo,phalacrocoracidae,
polemaetus,accipitridae,
polihierax,falconidae,
poliocephalus,podicipedidae,
poliocrania,thamnophilidae,
poliolais,cisticolidae,
poliolimnas,rallidae,
polioptila,polioptilidae,
polyboroides,accipitridae,
polyerata,trochilidae,
polyonymus,trochilidae,
polyplectron,phasianidae,
polysticta,anatidae,
polystictus,tyrannidae,
polytelis,psittaculidae,
polytmus,trochilidae,
pomarea,monarchidae,
pomatorhinus,timaliidae,
pomatostomus,pomatostomidae,
poodytes,locustellidae,
pooecetes,passerellidae,
poospiza,thraupidae,
poospizopsis,thraupidae,
porphyrio,rallidae,
porphyriops,rallidae,
porphyrolaema,cotingidae,
porzana,rallidae,
premnoplex,furnariidae,
premnornis,furnariidae,
primolius,psittacidae,
prinia,cisticolidae,
prioniturus,psittaculidae,
prionochilus,dicaeidae,
prionops,vangidae,
priotelus,trogonidae,
probosciger,cacatuidae,
procarduelis,fringillidae,
procellaria,procellariidae,
procnias,cotingidae,
prodotiscus,indicatoridae,
progne,hirundinidae,
promerops,promeropidae,
prosobonia,scolopacidae,
prosopeia,psittaculidae,
prosthemadera,meliphagidae,
protonotaria,parulidae,
prunella,prunellidae,
psalidoprocne,hirundinidae,
psaltria,aegithalidae,
psaltriparus,aegithalidae,
psarisomus,eurylaimidae,
psarocolius,icteridae,
psephotus,psittaculidae,
pseudasthenes,furnariidae,
pseudastur,accipitridae,
pseudelaenia,tyrannidae,
pseudeos,psittaculidae,
pseudhirundo,hirundinidae,
pseudibis,threskiornithidae,
pseudobias,vangidae,
pseudobulweria,procellariidae,
pseudocalyptomena,eurylaimidae,
pseudochelidon,hirundinidae,
pseudocolaptes,furnariidae,
pseudocolopteryx,tyrannidae,
pseudoleistes,icteridae,
pseudonestor,fringillidae,
pseudonigrita,ploceidae,
pseudopipra,pipridae,
pseudopodoces,paridae,
pseudorectes,pachycephalidae,
pseudosaltator,thraupidae,
pseudoseisura,furnariidae,
pseudospingus,thraupidae,
pseudotriccus,tyrannidae,
psilopogon,megalaimidae,
psilopsiagon,psittacidae,
psilorhamphus,rhinocryptidae,
psilorhinus,corvidae,
psiloscops,strigidae,
psittacara,psittacidae,
psittacella,psittaculidae,
psittacula,psittaculidae,
psittaculirostris,psittaculidae,
psittacus,psittacidae,
psitteuteles,psittaculidae,
psittinus,psittaculidae,
psittiparus,sylviidae,
psittirostra,fringillidae,
psittrichas,psittaculidae,
psophia,psophiidae,
psophocichla,turdidae,
psophodes,psophodidae,
pteridophora,paradisaeidae,
pternistis,phasianidae,
pterocles,pteroclidae,
pterodroma,procellariidae,
pteroglossus,ramphastidae,
pteronetta,anatidae,
pterophanes,trochilidae,
pteroptochos,rhinocryptidae,
pterorhinus,leiothrichidae,
pteruthius,vireonidae,
ptilinopus,columbidae,
ptiliogonys,ptiliogonatidae,
ptilocichla,pellorneidae,
ptilonorhynchus,ptilonorhynchidae,
ptilopachus,odontophoridae,
ptiloprora,meliphagidae,
ptilopsis,strigidae,
ptiloris,paradisaeidae,
ptilorrhoa,cinclosomatidae,
ptilostomus,corvidae,
ptilotula,meliphagidae,
ptiloxena,icteridae,
ptychoramphus,alcidae,
ptyonoprogne,hirundinidae,
pucrasia,phasianidae,
puffinus,procellariidae,
pulsatrix,strigidae,
purnella,meliphagidae,
purpureicephalus,psittaculidae,
pycnonotus,pycnonotidae,
pycnoptilus,acanthizidae,
pycnopygius,meliphagidae,
pygarrhichas,furnariidae,
pygiptila,thamnophilidae,
pygochelidon,hirundinidae,
pygoscelis,spheniscidae,
pyrenestes,estrildidae,
pyriglena,thamnophilidae,
pyrilia,psittacidae,
pyrocephalus,tyrannidae,
pyroderus,cotingidae,
pyrope,tyrannidae,
pyrrhocorax,corvidae,
pyrrholaemus,acanthizidae,
pyrrhomyias,tyrannidae,
pyrrhoplectes,fringillidae,
pyrrhula,fringillidae,
pyrrhura,psittacidae,
pyrroglaux,strigidae,
pytilia,estrildidae,
quelea,ploceidae,
querula,cotingidae,
quiscalus,icteridae,
radjah,anatidae,
rallina,rallidae,
rallus,rallidae,
ramphastos,ramphastidae,
ramphocaenus,polioptilidae,
ramphocelus,thraupidae,
ramphocinclus,mimidae,
ramphocoris,alaudidae,
ramphodon,trochilidae,
ramphomicron,trochilidae,
ramphotrigon,tyrannidae,
ramsayornis,meliphagidae,
randia,bernieridae,
raphus,columbidae,
rauenia,thraupidae,
recurvirostra,recurvirostridae,
regulus,regulidae,
reinwardtipicus,picidae,
reinwardtoena,columbidae,
remiz,remizidae,
rhabdornis,sturnidae,
rhabdotorrhinus,bucerotidae,
rhagologus,rhagologidae,
rhamphococcyx,cuculidae,
rhaphidura,apodidae,
rhea,rheidae,
rhegmatorhina,thamnophilidae,
rheinardia,phasianidae,
rhinocrypta,rhinocryptidae,
rhinopomastus,phoeniculidae,
rhinoptilus,glareolidae,
rhinortha,cuculidae,
rhipidura,rhipiduridae,
rhizothera,phasianidae,
rhodacanthis,fringillidae,
rhodinocichla,rhodinocichlidae,
rhodonessa,anatidae,
rhodopechys,fringillidae,
rhodophoneus,malaconotidae,
rhodopis,trochilidae,
rhodospingus,thraupidae,
rhodospiza,fringillidae,
rhodostethia,laridae,
rhodothraupis,cardinalidae,
rhopias,thamnophilidae,
rhopophilus,sylviidae,
rhopornis,thamnophilidae,
rhopospina,thraupidae,
rhynchocyclus,tyrannidae,
rhynchophanes,calcariidae,
rhynchopsitta,psittacidae,
rhynchortyx,odontophoridae,
rhynchospiza,passerellidae,
rhynchostruthus,fringillidae,
rhynchotus,tinamidae,
rhynochetos,rhynochetidae,
rhyticeros,bucerotidae,
rhytipterna,tyrannidae,
riccordia,trochilidae,
ridgwayia,turdidae,
rigidipenna,podargidae,
riparia,hirundinidae,
rissa,laridae,
robsonius,locustellidae,
rollandia,podicipedidae,
rollulus,phasianidae,
roraimia,furnariidae,
rostratula,rostratulidae,
rostrhamus,accipitridae,
rougetius,rallidae,
rowettia,thraupidae,
rubigula,pycnonotidae,
rukia,zosteropidae,
rupicola,cotingidae,
rupornis,accipitridae,
ruwenzorornis,musophagidae,
rynchops,laridae,
sagittarius,sagittariidae,
sakesphorus,thamnophilidae,
salpinctes,troglodytidae,
salpornis,certhiidae,
saltator,thraupidae,
saltatricula,thraupidae,
salvadorina,anatidae,
sapayoa,sapayoidae,
sappho,trochilidae,
sarcogyps,accipitridae,
sarcophanops,eurylaimidae,
sarcops,sturnidae,
sarcoramphus,cathartidae,
sarkidiornis,anatidae,
saroglossa,sturnidae,
sarothrura,sarothruridae,
sasia,picidae,
satrapa,tyrannidae,
saucerottia,trochilidae,
saudareos,psittaculidae,
saundersilarus,laridae,
saxicola,muscicapidae,
sayornis,tyrannidae,
sceloglaux,strigidae,
scelorchilus,rhinocryptidae,
scenopoeetes,ptilonorhynchidae,
scepomycter,cisticolidae,
schetba,vangidae,
schiffornis,tityridae,
schistes,trochilidae,
schistochlamys,thraupidae,
schistolais,cisticolidae,
schoenicola,locustellidae,
schoeniophylax,furnariidae,
schoeniparus,pellorneidae,
schoutedenapus,apodidae,
sciaphylax,thamnophilidae,
scissirostrum,sturnidae,
sclateria,thamnophilidae,
scleroptila,phasianidae,
sclerurus,furnariidae,
scolopax,scolopacidae,
scopus,scopidae,
scotocerca,scotocercidae,
scotopelia,strigidae,
scytalopus,rhinocryptidae,
scythrops,cuculidae,
seiurus,parulidae,
selasphorus,trochilidae,
selenidera,ramphastidae,
seleucidis,paradisaeidae,
semioptera,paradisaeidae,
semnornis,semnornithidae,
sephanoides,trochilidae,
sericornis,acanthizidae,
sericossypha,thraupidae,
sericulus,ptilonorhynchidae,
serilophus,eurylaimidae,
serinus,fringillidae,
serpophaga,tyrannidae,
setopagis,caprimulgidae,
setophaga,parulidae,
setornis,pycnonotidae,
sheppardia,muscicapidae,
sholicola,muscicapidae,
sialia,turdidae,
sibirionetta,anatidae,
sicalis,thraupidae,
sinosuthora,sylviidae,
siphonorhis,caprimulgidae,
sipia,thamnophilidae,
sipodotus,maluridae,
siptornis,furnariidae,
sirystes,tyrannidae,
sitta,sittidae,
sittasomus,furnariidae,
sittiparus,paridae,
smicrornis,acanthizidae,
smithornis,calyptomenidae,
smutsornis,glareolidae,
snowornis,cotingidae,
somateria,anatidae,
spartonoica,furnariidae,
spatula,anatidae,
speculanas,anatidae,
speculipastor,sturnidae,
spelaeornis,timaliidae,
spermestes,estrildidae,
spermophaga,estrildidae,
sphecotheres,oriolidae,
spheniscus,spheniscidae,
sphenoeacus,macrosphenidae,
sphenopsis,thraupidae,
sphyrapicus,picidae,
spiloptila,cisticolidae,
spilornis,accipitridae,
spindalis,spindalidae,
spinus,fringillidae,
spiza,cardinalidae,
spizaetus,accipitridae,
spizella,passerellidae,
spizelloides,passerellidae,
spiziapteryx,falconidae,
spizixos,pycnonotidae,
spizocorys,alaudidae,
spodiopsar,sturnidae,
spodiornis,thraupidae,
sporathraupis,thraupidae,
sporophila,thraupidae,
sporopipes,ploceidae,
stachyris,timaliidae,
stactolaema,lybiidae,
stagonopleura,estrildidae,
staphida,zosteropidae,
starnoenas,columbidae,
steatornis,steatornithidae,
stelgidillas,pycnonotidae,
stelgidopteryx,hirundinidae,
stenostira,stenostiridae,
stephanoaetus,accipitridae,
stephanophorus,thraupidae,
stephanoxis,trochilidae,
stercorarius,stercorariidae,
sterna,laridae,
sternoclyta,trochilidae,
sternula,laridae,
sterrhoptilus,zosteropidae,
stictonetta,anatidae,
stigmatura,tyrannidae,
stilpnia,thraupidae,
stiltia,glareolidae,
stiphrornis,muscicapidae,
stipiturus,maluridae,
stizoptera,estrildidae,
stomiopera,meliphagidae,
strepera,artamidae,
streptocitta,sturnidae,
streptopelia,columbidae,
streptoprocne,apodidae,
stresemannia,meliphagidae,
strigops,strigopidae,
strix,strigidae,
struthidea,corcoracidae,
struthio,struthionidae,
sturnella,icteridae,
sturnia,sturnidae,
sturnornis,sturnidae,
sturnus,sturnidae,
sublegatus,tyrannidae,
sugomel,meliphagidae,
suiriri,tyrannidae,
sula,sulidae,
surnia,strigidae,
surniculus,cuculidae,
suthora,sylviidae,
swynnertonia,muscicapidae,
sylvia,sylviidae,
sylvietta,macrosphenidae,
sylviorthorhynchus,furnariidae,
sylviparus,paridae,
syma,alcedinidae,
symposiachrus,monarchidae,
synallaxis,furnariidae,
syndactyla,furnariidae,
synoicus,phasianidae,
synorhacma,psittaculidae,
synthliboramphus,alcidae,
sypheotides,otididae,
syrigma,ardeidae,
syrmaticus,phasianidae,
syrrhaptes,pteroclidae,
syrtidicola,tyrannidae,
systellura,caprimulgidae,
taccocua,cuculidae,
tachornis,apodidae,
tachuris,tyrannidae,
tachybaptus,podicipedidae,
tachycineta,hirundinidae,
tachyeres,anatidae,
tachyphonus,thraupidae,
tadorna,anatidae,
taenioptynx,strigidae,
taeniopygia,estrildidae,
taeniotriccus,tyrannidae,
talaphorus,trochilidae,
talegalla,megapodiidae,
tangara,thraupidae,
tanygnathus,psittaculidae,
tanysiptera,alcedinidae,
taoniscus,tinamidae,
tapera,cuculidae,
taphrolesbia,trochilidae,
taphrospilus,trochilidae,
taraba,thamnophilidae,
tarphonomus,furnariidae,
tarsiger,muscicapidae,
tauraco,musophagidae,
tchagra,malaconotidae,
telacanthura,apodidae,
teledromas,rhinocryptidae,
telespiza,fringillidae,
telophorus,malaconotidae,
temnurus,corvidae,
tephrodornis,vangidae,
tephrophilus,thraupidae,
tephrozosterops,zosteropidae,
terathopius,accipitridae,
terenotriccus,oxyruncidae,
terenura,thamnophilidae,
teretistris,teretistridae,
terpsiphone,monarchidae,
territornis,meliphagidae,
tersina,thraupidae,
tesia,scotocercidae,
tetrao,phasianidae,
tetraogallus,phasianidae,
tetraophasis,phasianidae,
tetrastes,phasianidae,
tetrax,otididae,
thalassarche,diomedeidae,
thalasseus,laridae,
thalassoica,procellariidae,
thalassornis,anatidae,
thalurania,trochilidae,
thamnistes,thamnophilidae,
thamnolaea,muscicapidae,
thamnomanes,thamnophilidae,
thamnophilus,thamnophilidae,
thamnornis,bernieridae,
thaumasius,trochilidae,
thaumastura,trochilidae,
thectocercus,psittacidae,
theristicus,threskiornithidae,
thescelocichla,pycnonotidae,
thinocorus,thinocoridae,
thinornis,charadriidae,
thlypopsis,thraupidae,
thraupis,thraupidae,
threnetes,trochilidae,
threskiornis,threskiornithidae,
thripadectes,furnariidae,
thripophaga,furnariidae,
thryomanes,troglodytidae,
thryophilus,troglodytidae,
thryorchilus,troglodytidae,
thryothorus,troglodytidae,
tiaris,thraupidae,
tichodroma,tichodromidae,
tickellia,scotocercidae,
tigriornis,ardeidae,
tigrisoma,ardeidae,
tilmatura,trochilidae,
timalia,timaliidae,
timeliopsis,meliphagidae,
tinamotis,tinamidae,
tinamus,tinamidae,
tityra,tityridae,
tmetothylacus,motacillidae,
tockus,bucerotidae,
todiramphus,alcedinidae,
todirostrum,tyrannidae,
todus,todidae,
tolmomyias,tyrannidae,
topaza,trochilidae,
torgos,accipitridae,
torreornis,passerellidae,
touit,psittacidae,
toxorhamphus,melanocharitidae,
toxostoma,mimidae,
trachyphonus,lybiidae,
tragopan,phasianidae,
traversia,acanthisittidae,
tregellasia,petroicidae,
treron,columbidae,
tribonyx,rallidae,
trichodere,meliphagidae,
trichoglossus,psittaculidae,
tricholaema,lybiidae,
tricholestes,pycnonotidae,
trichothraupis,thraupidae,
triclaria,psittacidae,
trigonoceps,accipitridae,
tringa,scolopacidae,
trochalopteron,leiothrichidae,
trochilus,trochilidae,
trochocercus,monarchidae,
troglodytes,troglodytidae,
trogon,trogonidae,
tropicoperdix,phasianidae,
trugon,columbidae,
tumbezia,tyrannidae,
tunchiornis,vireonidae,
turacoena,columbidae,
turdinus,pellorneidae,
turdoides,leiothrichidae,
turdus,turdidae,
turnagra,oriolidae,
turnix,turnicidae,
turtur,columbidae,
tylas,vangidae,
tympanuchus,phasianidae,
tyranneutes,pipridae,
tyrannopsis,tyrannidae,
tyrannulus,tyrannidae,
tyrannus,tyrannidae,
tyto,tytonidae,
upucerthia,furnariidae,
upupa,upupidae,
uraeginthus,estrildidae,
uranomitra,trochilidae,
uratelornis,brachypteraciidae,
uria,alcidae,
urile,phalacrocoracidae,
urochroa,trochilidae,
urocissa,corvidae,
urocolius,coliidae,
urocynchramus,urocynchramidae,
urodynamis,cuculidae,
uroglaux,strigidae,
urolais,cisticolidae,
uromyias,tyrannidae,
uropelia,columbidae,
uropsalis,caprimulgidae,
uropsila,troglodytidae,
urosphena,scotocercidae,
urosticte,trochilidae,
urothraupis,thraupidae,
urotriorchis,accipitridae,
vanellus,charadriidae,
vanga,vangidae,
vauriella,muscicapidae,
vermivora,parulidae,
verreauxia,picidae,
vidua,viduidae,
vini,psittaculidae,
vireo,vireonidae,
vireolanius,vireonidae,
viridonia,fringillidae,
volatinia,thraupidae,
vosea,meliphagidae,
vultur,cathartidae,
wetmorethraupis,thraupidae,
willisornis,thamnophilidae,
xanthocephalus,icteridae,
xanthomixis,bernieridae,
xanthopsar,icteridae,
xanthotis,meliphagidae,
xema,laridae,
xenerpestes,furnariidae,
xenicus,acanthisittidae,
xenocopsychus,muscicapidae,
xenodacnis,thraupidae,
xenoglaux,strigidae,
xenoligea,phaenicophilidae,
xenoperdix,phasianidae,
xenopipo,pipridae,
xenopirostris,vangidae,
xenops,furnariidae,
xenopsaris,tityridae,
xenornis,thamnophilidae,
xenospingus,thraupidae,
xenospiza,passerellidae,
xenotriccus,tyrannidae,
xenus,scolopacidae,
xiphidiopicus,picidae,
xiphocolaptes,furnariidae,
xipholena,cotingidae,
xiphorhynchus,furnariidae,
xolmis,tyrannidae,
yuhina,zosteropidae,
yungipicus,picidae,
zanclostomus,cuculidae,
zapornia,rallidae,
zaratornis,cotingidae,
zavattariornis,corvidae,
zebrilus,ardeidae,
zeledonia,zeledoniidae,
zenaida,columbidae,
zentrygon,columbidae,
zimmerius,tyrannidae,
zonerodius,ardeidae,
zonotrichia,passerellidae,
zoonavena,apodidae,
zoothera,turdidae,
zosterops,zosteropidae,
zosterornis,zosteropidae,
