birdnet,comment
Abroscopus albogularis,Rufous-faced Warbler
Abroscopus superciliaris,Yellow-bellied Warbler
Aburria aburri,Wattled Guan
Acanthagenys rufogularis,Spiny-cheeked Honeyeater
Acanthis cabaret,Lesser Redpoll
Acanthis flammea,Common Redpoll
Acanthis hornemanni,Hoary Redpoll
Acanthiza chrysorrhoa,Yellow-rumped Thornbill
Acanthiza pusilla,Brown Thornbill
Acanthorhynchus tenuirostris,Eastern Spinebill
Accipiter badius,Shikra
Accipiter bicolor,Bicolored Hawk
Accipiter cooperii,Cooper's Hawk
Accipiter fasciatus,Brown Goshawk
Accipiter gentilis,Northern Goshawk
Accipiter nisus,Eurasian Sparrowhawk
Accipiter striatus,Sharp-shinned Hawk
Accipiter tachiro,African Goshawk
Acridotheres cristatellus,Crested Myna
Acridotheres fuscus,Jungle Myna
Acridotheres tristis,Common Myna
Acris crepitans,Northern Cricket Frog
Acris gryllus,Southern Cricket Frog
Acrocephalus agricola,Paddyfield Warbler
Acrocephalus arundinaceus,Great Reed Warbler
Acrocephalus australis,Australian Reed Warbler
Acrocephalus bistrigiceps,Black-browed Reed Warbler
Acrocephalus dumetorum,Blyth's Reed Warbler
Acrocephalus gracilirostris,Lesser Swamp Warbler
Acrocephalus melanopogon,Moustached Warbler
Acrocephalus orientalis,Oriental Reed Warbler
Acrocephalus palustris,Marsh Warbler
Acrocephalus schoenobaenus,Sedge Warbler
Acrocephalus scirpaceus,Eurasian Reed Warbler
Acrocephalus stentoreus,Clamorous Reed Warbler
Acropternis orthonyx,Ocellated Tapaculo
Actinodura strigula,Chestnut-tailed Minla
Actitis hypoleucos,Common Sandpiper
Actitis macularius,Spotted Sandpiper
Adelomyia melanogenys,Speckled Hummingbird
Aechmophorus clarkii,Clark's Grebe
Aechmophorus occidentalis,Western Grebe
Aegithalos caudatus,Long-tailed Tit
Aegithalos concinnus,Black-throated Tit
Aegithina tiphia,Common Iora
Aegolius acadicus,Northern Saw-whet Owl
Aegolius funereus,Boreal Owl
Aegotheles cristatus,Australian Owlet-nightjar
Aeronautes saxatalis,White-throated Swift
Aethopyga christinae,Fork-tailed Sunbird
Aethopyga nipalensis,Green-tailed Sunbird
Aethopyga siparaja,Crimson Sunbird
Agapornis roseicollis,Rosy-faced Lovebird
Agelaioides badius,Grayish Baywing
Agelaius phoeniceus,Red-winged Blackbird
Agelaius tricolor,Tricolored Blackbird
Agelasticus thilius,Yellow-winged Blackbird
Ailuroedus crassirostris,Green Catbird
Aimophila rufescens,Rusty Sparrow
Aimophila ruficeps,Rufous-crowned Sparrow
Aix galericulata,Mandarin Duck
Aix sponsa,Wood Duck
Alauda arvensis,Eurasian Skylark
Alauda gulgula,Oriental Skylark
Alaudala rufescens,Mediterranean Short-toed Lark
Alca torda,Razorbill
Alcedo atthis,Common Kingfisher
Alcippe morrisonia,Morrison's Fulvetta
Alcippe poioicephala,Brown-cheeked Fulvetta
Alectoris chukar,Chukar
Alectoris rufa,Red-legged Partridge
Alisterus scapularis,Australian King-Parrot
Allonemobius allardi,Allard's Ground Cricket
Allonemobius tinnulus,Tinkling Ground Cricket
Allonemobius walkeri,Walker's Ground Cricket
Alophoixus ochraceus,Ochraceous Bulbul
Alopochen aegyptiaca,Egyptian Goose
Alouatta pigra,Mexican Black Howler Monkey
Amandava amandava,Red Avadavat
Amaurornis phoenicurus,White-breasted Waterhen
Amazilia rutila,Cinnamon Hummingbird
Amazilia tzacatl,Rufous-tailed Hummingbird
Amazilia yucatanensis,Buff-bellied Hummingbird
Amazona aestiva,Turquoise-fronted Parrot
Amazona albifrons,White-fronted Parrot
Amazona amazonica,Orange-winged Parrot
Amazona auropalliata,Yellow-naped Parrot
Amazona autumnalis,Red-lored Parrot
Amazona farinosa,Mealy Parrot
Amazona finschi,Lilac-crowned Parrot
Amazona mercenarius,Scaly-naped Parrot
Amazona ochrocephala,Yellow-crowned Parrot
Amazona oratrix,Yellow-headed Parrot
Amazona viridigenalis,Red-crowned Parrot
Amblycercus holosericeus,Yellow-billed Cacique
Amblycorypha alexanderi,Clicker Round-winged Katydid
Amblycorypha longinicta,Common Virtuoso Katydid
Amblycorypha oblongifolia,Oblong-winged Katydid
Amblycorypha rotundifolia,Rattler Round-winged Katydid
Amblyramphus holosericeus,Scarlet-headed Blackbird
Ammodramus aurifrons,Yellow-browed Sparrow
Ammodramus humeralis,Grassland Sparrow
Ammodramus savannarum,Grasshopper Sparrow
Ammospiza leconteii,LeConte's Sparrow
Ammospiza maritima,Seaside Sparrow
Ammospiza nelsoni,Nelson's Sparrow
Amphispiza bilineata,Black-throated Sparrow
Anabacerthia striaticollis,Montane Foliage-gleaner
Anabacerthia variegaticeps,Scaly-throated Foliage-gleaner
Anairetes parulus,Tufted Tit-Tyrant
Anas acuta,Northern Pintail
Anas crecca,Green-winged Teal
Anas platyrhynchos,Mallard
Anas poecilorhyncha,Indian Spot-billed Duck
Anaxipha exigua,Say's Trig
Anaxyrus americanus,American Toad
Anaxyrus canorus,Yosemite Toad
Anaxyrus cognatus,Great Plains Toad
Anaxyrus fowleri,Fowler's Toad
Anaxyrus houstonensis,Houston Toad
Anaxyrus microscaphus,Arizona Toad
Anaxyrus quercicus,Oak Toad
Anaxyrus speciosus,Texas Toad
Anaxyrus terrestris,Southern Toad
Anaxyrus woodhousii,Woodhouse's Toad
Andigena laminirostris,Plate-billed Mountain-Toucan
Andropadus importunus,Sombre Greenbul
Anhima cornuta,Horned Screamer
Anhinga anhinga,Anhinga
Anisognathus igniventris,Scarlet-bellied Mountain Tanager
Anous minutus,Black Noddy
Anous stolidus,Brown Noddy
Anser albifrons,Greater White-fronted Goose
Anser anser,Graylag Goose
Anser brachyrhynchus,Pink-footed Goose
Anser caerulescens,Snow Goose
Anser fabalis,Taiga Bean-Goose
Anser rossii,Ross's Goose
Anser serrirostris,Tundra Bean-Goose
Anthochaera carunculata,Red Wattlebird
Anthochaera chrysoptera,Little Wattlebird
Anthornis melanura,New Zealand Bellbird
Anthracoceros albirostris,Oriental Pied-Hornbill
Anthreptes malacensis,Brown-throated Sunbird
Anthus campestris,Tawny Pipit
Anthus cervinus,Red-throated Pipit
Anthus cinnamomeus,African Pipit
Anthus correndera,Correndera Pipit
Anthus hodgsoni,Olive-backed Pipit
Anthus lutescens,Yellowish Pipit
Anthus petrosus,Rock Pipit
Anthus pratensis,Meadow Pipit
Anthus richardi,Richard's Pipit
Anthus rubescens,American Pipit
Anthus rufulus,Paddyfield Pipit
Anthus similis,Long-billed Pipit
Anthus spinoletta,Water Pipit
Anthus spragueii,Sprague's Pipit
Anthus trivialis,Tree Pipit
Antigone canadensis,Sandhill Crane
Antilophia galeata,Helmeted Manakin
Antrostomus arizonae,Mexican Whip-poor-will
Antrostomus carolinensis,Chuck-will's-widow
Antrostomus vociferus,Eastern Whip-poor-will
Anumbius annumbi,Firewood-gatherer
Apalis flavida,Yellow-breasted Apalis
Apalis thoracica,Bar-throated Apalis
Aphelocoma californica,California Scrub-Jay
Aphelocoma coerulescens,Florida Scrub-Jay
Aphelocoma wollweberi,Mexican Jay
Aphelocoma woodhouseii,Woodhouse's Scrub-Jay
Aphrastura spinicauda,Thorn-tailed Rayadito
Apis mellifera,Honey Bee
Aplonis metallica,Metallic Starling
Aplonis panayensis,Asian Glossy Starling
Apus affinis,Little Swift
Apus apus,Common Swift
Apus melba,Alpine Swift
Apus pallidus,Pallid Swift
Aquila chrysaetos,Golden Eagle
Ara ararauna,Blue-and-yellow Macaw
Ara chloropterus,Red-and-green Macaw
Ara macao,Scarlet Macaw
Ara militaris,Military Macaw
Ara severus,Chestnut-fronted Macaw
Arachnothera longirostra,Little Spiderhunter
Arachnothera magna,Streaked Spiderhunter
Aramides cajaneus,Gray-cowled Wood-Rail
Aramides saracura,Slaty-breasted Wood-Rail
Aramides ypecaha,Giant Wood-Rail
Aramus guarauna,Limpkin
Aratinga nenday,Nanday Parakeet
Aratinga weddellii,Dusky-headed Parakeet
Arborophila torqueola,Hill Partridge
Archilochus alexandri,Black-chinned Hummingbird
Archilochus colubris,Ruby-throated Hummingbird
Ardea alba,Great Egret
Ardea cinerea,Gray Heron
Ardea cocoi,Cocoi Heron
Ardea herodias,Great Blue Heron
Ardea purpurea,Purple Heron
Ardenna grisea,Sooty Shearwater
Ardenna pacifica,Wedge-tailed Shearwater
Ardenna tenuirostris,Short-tailed Shearwater
Arenaria interpres,Ruddy Turnstone
Arenaria melanocephala,Black Turnstone
Argya affinis,Yellow-billed Babbler
Argya caudata,Common Babbler
Argya malcolmi,Large Gray Babbler
Argya striata,Jungle Babbler
Argya subrufa,Rufous Babbler
Arremon assimilis,Gray-browed Brushfinch
Arremon aurantiirostris,Orange-billed Sparrow
Arremon brunneinucha,Chestnut-capped Brushfinch
Arremon flavirostris,Saffron-billed Sparrow
Arremon taciturnus,Pectoral Sparrow
Arremonops chloronotus,Green-backed Sparrow
Arremonops conirostris,Black-striped Sparrow
Arremonops rufivirgatus,Olive Sparrow
Artamus fuscus,Ashy Woodswallow
Artamus leucorynchus,White-breasted Woodswallow
Artemisiospiza belli,Bell's Sparrow
Artemisiospiza nevadensis,Sagebrush Sparrow
Arundinax aedon,Thick-billed Warbler
Asemospiza obscura,Dull-colored Grassquit
Asio clamator,Striped Owl
Asio flammeus,Short-eared Owl
Asio otus,Long-eared Owl
Asthenes modesta,Cordilleran Canastero
Asthenes pyrrholeuca,Sharp-billed Canastero
Atalotriccus pilaris,Pale-eyed Pygmy-Tyrant
Athene brama,Spotted Owlet
Athene cunicularia,Burrowing Owl
Athene noctua,Little Owl
Atlanticus testaceus,Protean Shieldback
Atlapetes albinucha,White-naped Brushfinch
Atlapetes latinuchus,Yellow-breasted Brushfinch
Atlapetes pallidinucha,Pale-naped Brushfinch
Atlapetes pileatus,Rufous-capped Brushfinch
Atlapetes schistaceus,Slaty Brushfinch
Atlapetes tricolor,Tricolored Brushfinch
Attila cinnamomeus,Cinnamon Attila
Attila rufus,Gray-hooded Attila
Attila spadiceus,Bright-rumped Attila
Aulacorhynchus albivitta,Southern Emerald-Toucanet
Aulacorhynchus haematopygus,Crimson-rumped Toucanet
Aulacorhynchus prasinus,Northern Emerald-Toucanet
Auriparus flaviceps,Verdin
Automolus leucophthalmus,White-eyed Foliage-gleaner
Automolus ochrolaemus,Buff-throated Foliage-gleaner
Aythya affinis,Lesser Scaup
Aythya collaris,Ring-necked Duck
Aythya ferina,Common Pochard
Aythya fuligula,Tufted Duck
Aythya marila,Greater Scaup
Aythya valisineria,Canvasback
Baeolophus atricristatus,Black-crested Titmouse
Baeolophus bicolor,Tufted Titmouse
Baeolophus inornatus,Oak Titmouse
Baeolophus ridgwayi,Juniper Titmouse
Baeolophus wollweberi,Bridled Titmouse
Bartramia longicauda,Upland Sandpiper
Baryphthengus martii,Rufous Motmot
Baryphthengus ruficapillus,Rufous-capped Motmot
Basileuterus belli,Golden-browed Warbler
Basileuterus culicivorus,Golden-crowned Warbler
Basileuterus delattrii,Chestnut-capped Warbler
Basileuterus rufifrons,Rufous-capped Warbler
Basileuterus tristriatus,Three-striped Warbler
Basilinna leucotis,White-eared Hummingbird
Batis capensis,Cape Batis
Batis molitor,Chinspot Batis
Blythipicus pyrrhotis,Bay Woodpecker
Bolborhynchus lineola,Barred Parakeet
Bombycilla cedrorum,Cedar Waxwing
Bombycilla garrulus,Bohemian Waxwing
Bonasa umbellus,Ruffed Grouse
Bostrychia hagedash,Hadada Ibis
Botaurus lentiginosus,American Bittern
Botaurus stellaris,Great Bittern
Brachypodius priocephalus,Gray-headed Bulbul
Brachypteryx leucophris,Lesser Shortwing
Brachyramphus marmoratus,Marbled Murrelet
Branta bernicla,Brant
Branta canadensis,Canada Goose
Branta hutchinsii,Cackling Goose
Branta leucopsis,Barnacle Goose
Branta sandvicensis,Hawaiian Goose
Brotogeris chiriri,Yellow-chevroned Parakeet
Brotogeris chrysoptera,Golden-winged Parakeet
Brotogeris cyanoptera,Cobalt-winged Parakeet
Brotogeris jugularis,Orange-chinned Parakeet
Brotogeris tirica,Plain Parakeet
Bubo bubo,Eurasian Eagle-Owl
Bubo virginianus,Great Horned Owl
Bubulcus ibis,Cattle Egret
Bucanetes githagineus,Trumpeter Finch
Bucephala albeola,Bufflehead
Bucephala clangula,Common Goldeneye
Buceros bicornis,Great Hornbill
Buceros rhinoceros,Rhinoceros Hornbill
Bulweria bulwerii,Bulwer's Petrel
Burhinus grallarius,Bush Thick-knee
Burhinus indicus,Indian Thick-knee
Burhinus oedicnemus,Eurasian Thick-knee
Busarellus nigricollis,Black-collared Hawk
Buteo albonotatus,Zone-tailed Hawk
Buteo brachyurus,Short-tailed Hawk
Buteo buteo,Common Buzzard
Buteo jamaicensis,Red-tailed Hawk
Buteo lineatus,Red-shouldered Hawk
Buteo nitidus,Gray-lined Hawk
Buteo plagiatus,Gray Hawk
Buteo platypterus,Broad-winged Hawk
Buteo solitarius,Hawaiian Hawk
Buteo swainsoni,Swainson's Hawk
Buteogallus anthracinus,Common Black Hawk
Buteogallus meridionalis,Savanna Hawk
Buteogallus urubitinga,Great Black Hawk
Butorides striata,Striated Heron
Butorides virescens,Green Heron
Cacatua galerita,Sulphur-crested Cockatoo
Cacatua goffiniana,Tanimbar Corella
Cacatua sanguinea,Little Corella
Cacicus cela,Yellow-rumped Cacique
Cacicus chrysonotus,Mountain Cacique
Cacicus chrysopterus,Golden-winged Cacique
Cacicus haemorrhous,Red-rumped Cacique
Cacicus solitarius,Solitary Black Cacique
Cacicus uropygialis,Scarlet-rumped Cacique
Cacomantis flabelliformis,Fan-tailed Cuckoo
Cacomantis merulinus,Plaintive Cuckoo
Cacomantis pallidus,Pallid Cuckoo
Cacomantis passerinus,Gray-bellied Cuckoo
Cacomantis sonneratii,Banded Bay Cuckoo
Cacomantis variolosus,Brush Cuckoo
Calamospiza melanocorys,Lark Bunting
Calandrella brachydactyla,Greater Short-toed Lark
Calandrella cinerea,Red-capped Lark
Calcarius lapponicus,Lapland Longspur
Calcarius ornatus,Chestnut-collared Longspur
Calcarius pictus,Smith's Longspur
Calendulauda sabota,Sabota Lark
Calidris acuminata,Sharp-tailed Sandpiper
Calidris alba,Sanderling
Calidris alpina,Dunlin
Calidris bairdii,Baird's Sandpiper
Calidris canutus,Red Knot
Calidris ferruginea,Curlew Sandpiper
Calidris fuscicollis,White-rumped Sandpiper
Calidris himantopus,Stilt Sandpiper
Calidris maritima,Purple Sandpiper
Calidris mauri,Western Sandpiper
Calidris melanotos,Pectoral Sandpiper
Calidris minuta,Little Stint
Calidris minutilla,Least Sandpiper
Calidris pugnax,Ruff
Calidris pusilla,Semipalmated Sandpiper
Calidris subruficollis,Buff-breasted Sandpiper
Calidris temminckii,Temminck's Stint
Caligavis chrysops,Yellow-faced Honeyeater
Calliope calliope,Siberian Rubythroat
Callipepla californica,California Quail
Callipepla gambelii,Gambel's Quail
Callipepla squamata,Scaled Quail
Calocitta colliei,Black-throated Magpie-Jay
Calocitta formosa,White-throated Magpie-Jay
Calonectris diomedea,Cory's Shearwater
Calypte anna,Anna's Hummingbird
Calypte costae,Costa's Hummingbird
Calyptorhynchus banksii,Red-tailed Black-Cockatoo
Calyptorhynchus funereus,Yellow-tailed Black-Cockatoo
Camaroptera brachyura,Green-backed Camaroptera
Campephilus guatemalensis,Pale-billed Woodpecker
Campephilus melanoleucos,Crimson-crested Woodpecker
Campephilus pollens,Powerful Woodpecker
Campephilus rubricollis,Red-necked Woodpecker
Camptostoma imberbe,Northern Beardless-Tyrannulet
Camptostoma obsoletum,Southern Beardless-Tyrannulet
Campylopterus hemileucurus,Violet Sabrewing
Campylorhamphus trochilirostris,Red-billed Scythebill
Campylorhynchus brunneicapillus,Cactus Wren
Campylorhynchus fasciatus,Fasciated Wren
Campylorhynchus griseus,Bicolored Wren
Campylorhynchus rufinucha,Rufous-naped Wren
Campylorhynchus turdinus,Thrush-like Wren
Campylorhynchus zonatus,Band-backed Wren
Canis latrans,Coyote
Canis lupus,Gray Wolf
Cantorchilus elutus,Isthmian Wren
Cantorchilus leucotis,Buff-breasted Wren
Cantorchilus longirostris,Long-billed Wren
Cantorchilus modestus,Cabanis's Wren
Cantorchilus nigricapillus,Bay Wren
Cantorchilus semibadius,Riverside Wren
Cantorchilus thoracicus,Stripe-breasted Wren
Capito auratus,Gilded Barbet
Caprimulgus affinis,Savanna Nightjar
Caprimulgus asiaticus,Indian Nightjar
Caprimulgus atripennis,Jerdon's Nightjar
Caprimulgus europaeus,Eurasian Nightjar
Caprimulgus macrurus,Large-tailed Nightjar
Caprimulgus ruficollis,Red-necked Nightjar
Capsiempis flaveola,Yellow Tyrannulet
Caracara plancus,Crested Caracara
Cardellina canadensis,Canada Warbler
Cardellina pusilla,Wilson's Warbler
Cardellina rubra,Red Warbler
Cardellina rubrifrons,Red-faced Warbler
Cardinalis cardinalis,Northern Cardinal
Cardinalis sinuatus,Pyrrhuloxia
Carduelis carduelis,European Goldfinch
Carduelis citrinella,Citril Finch
Cariama cristata,Red-legged Seriema
Carpodacus erythrinus,Common Rosefinch
Caryothraustes poliogaster,Black-faced Grosbeak
Cassiculus melanicterus,Yellow-winged Cacique
Catharus aurantiirostris,Orange-billed Nightingale-Thrush
Catharus bicknelli,Bicknell's Thrush
Catharus frantzii,Ruddy-capped Nightingale-Thrush
Catharus fuscater,Slaty-backed Nightingale-Thrush
Catharus fuscescens,Veery
Catharus gracilirostris,Black-billed Nightingale-Thrush
Catharus guttatus,Hermit Thrush
Catharus mexicanus,Black-headed Nightingale-Thrush
Catharus minimus,Gray-cheeked Thrush
Catharus ustulatus,Swainson's Thrush
Catherpes mexicanus,Canyon Wren
Cecropis abyssinica,Lesser Striped Swallow
Cecropis daurica,Red-rumped Swallow
Celeus elegans,Chestnut Woodpecker
Celeus flavescens,Blond-crested Woodpecker
Celeus flavus,Cream-colored Woodpecker
Centrocercus urophasianus,Greater Sage-Grouse
Centronyx bairdii,Baird's Sparrow
Centronyx henslowii,Henslow's Sparrow
Centropus bengalensis,Lesser Coucal
Centropus sinensis,Greater Coucal
Centropus superciliosus,White-browed Coucal
Centropus viridis,Philippine Coucal
Ceratopipra erythrocephala,Golden-headed Manakin
Ceratopipra mentalis,Red-capped Manakin
Cercomacra cinerascens,Gray Antbird
Cercomacra nigricans,Jet Antbird
Cercomacroides tyrannina,Dusky Antbird
Cercotrichas galactotes,Rufous-tailed Scrub-Robin
Cercotrichas leucophrys,Red-backed Scrub-Robin
Certhia americana,Brown Creeper
Certhia brachydactyla,Short-toed Treecreeper
Certhia familiaris,Eurasian Treecreeper
Certhiaxis cinnamomeus,Yellow-chinned Spinetail
Ceryle rudis,Pied Kingfisher
Cettia cetti,Cetti's Warbler
Chaetura cinereiventris,Gray-rumped Swift
Chaetura meridionalis,Sick's Swift
Chaetura pelagica,Chimney Swift
Chaetura vauxi,Vaux's Swift
Chalcomitra senegalensis,Scarlet-chested Sunbird
Chalcophaps indica,Asian Emerald Dove
Chamaea fasciata,Wrentit
Chamaeza campanisona,Short-tailed Antthrush
Charadrius alexandrinus,Kentish Plover
Charadrius dubius,Little Ringed Plover
Charadrius hiaticula,Common Ringed Plover
Charadrius melodus,Piping Plover
Charadrius nivosus,Snowy Plover
Charadrius semipalmatus,Semipalmated Plover
Charadrius vociferus,Killdeer
Charadrius wilsonia,Wilson's Plover
Chasiempis sandwichensis,Hawaii Elepaio
Chauna torquata,Southern Screamer
Chiroxiphia caudata,Swallow-tailed Manakin
Chiroxiphia lanceolata,Lance-tailed Manakin
Chiroxiphia linearis,Long-tailed Manakin
Chiroxiphia pareola,Blue-backed Manakin
Chlidonias hybrida,Whiskered Tern
Chlidonias leucopterus,White-winged Tern
Chlidonias niger,Black Tern
Chlorestes cyanus,White-chinned Sapphire
Chloris chloris,European Greenfinch
Chloris sinica,Oriental Greenfinch
Chloroceryle amazona,Amazon Kingfisher
Chloroceryle americana,Green Kingfisher
Chlorodrepanis virens,Hawaii Amakihi
Chlorophanes spiza,Green Honeycreeper
Chlorophonia cyanea,Blue-naped Chlorophonia
Chlorophonia cyanocephala,Golden-rumped Euphonia
Chlorophonia elegantissima,Elegant Euphonia
Chloropicus fuscescens,Cardinal Woodpecker
Chloropsis aurifrons,Golden-fronted Leafbird
Chloropsis cochinchinensis,Blue-winged Leafbird
Chloropsis hardwickii,Orange-bellied Leafbird
Chloropsis jerdoni,Jerdon's Leafbird
Chlorornis riefferii,Grass-green Tanager
Chlorospingus flavigularis,Yellow-throated Chlorospingus
Chlorospingus flavopectus,Common Chlorospingus
Chlorospingus pileatus,Sooty-capped Chlorospingus
Chlorospingus semifuscus,Dusky Chlorospingus
Chlorostilbon lucidus,Glittering-bellied Emerald
Chlorothraupis carmioli,Carmiol's Tanager
Chlorothraupis stolzmanni,Ochre-breasted Tanager
Chondestes grammacus,Lark Sparrow
Chordeiles acutipennis,Lesser Nighthawk
Chordeiles gundlachii,Antillean Nighthawk
Chordeiles minor,Common Nighthawk
Chroicocephalus genei,Slender-billed Gull
Chroicocephalus maculipennis,Brown-hooded Gull
Chroicocephalus novaehollandiae,Silver Gull
Chroicocephalus philadelphia,Bonaparte's Gull
Chroicocephalus ridibundus,Black-headed Gull
Chroicocephalus serranus,Andean Gull
Chrysococcyx basalis,Horsfield's Bronze-Cuckoo
Chrysococcyx caprius,Dideric Cuckoo
Chrysococcyx cupreus,African Emerald Cuckoo
Chrysococcyx klaas,Klaas's Cuckoo
Chrysococcyx lucidus,Shining Bronze-Cuckoo
Chrysococcyx minutillus,Little Bronze-Cuckoo
Chrysocolaptes guttacristatus,Greater Flameback
Chrysolophus pictus,Golden Pheasant
Chrysomma sinense,Yellow-eyed Babbler
Chrysomus icterocephalus,Yellow-hooded Blackbird
Chrysomus ruficapillus,Chestnut-capped Blackbird
Chrysuronia oenone,Golden-tailed Sapphire
Ciccaba nigrolineata,Black-and-white Owl
Ciccaba virgata,Mottled Owl
Cichladusa guttata,Spotted Morning-Thrush
Ciconia ciconia,White Stork
Cinclodes fuscus,Buff-winged Cinclodes
Cincloramphus mathewsi,Rufous Songlark
Cincloramphus timoriensis,Tawny Grassbird
Cinclus cinclus,White-throated Dipper
Cinclus mexicanus,American Dipper
Cinnycerthia olivascens,Sharpe's Wren
Cinnycerthia unirufa,Rufous Wren
Cinnyris asiaticus,Purple Sunbird
Cinnyris chalybeus,Southern Double-collared Sunbird
Cinnyris jugularis,Olive-backed Sunbird
Cinnyris lotenius,Loten's Sunbird
Cinnyris talatala,White-breasted Sunbird
Cinnyris venustus,Variable Sunbird
Circaetus gallicus,Short-toed Snake-Eagle
Circus aeruginosus,Eurasian Marsh-Harrier
Circus hudsonius,Northern Harrier
Circus pygargus,Montagu's Harrier
Cissa chinensis,Common Green-Magpie
Cissopis leverianus,Magpie Tanager
Cisticola cantans,Singing Cisticola
Cisticola chiniana,Rattling Cisticola
Cisticola erythrops,Red-faced Cisticola
Cisticola exilis,Golden-headed Cisticola
Cisticola juncidis,Zitting Cisticola
Cisticola tinniens,Levaillant's Cisticola
Cistothorus palustris,Marsh Wren
Cistothorus platensis,Grass Wren
Cistothorus stellaris,Sedge Wren
Clamator glandarius,Great Spotted Cuckoo
Clamator jacobinus,Pied Cuckoo
Clangula hyemalis,Long-tailed Duck
Claravis pretiosa,Blue Ground Dove
Clibanornis rubiginosus,Ruddy Foliage-gleaner
Cnemotriccus fuscatus,Fuscous Flycatcher
Coccothraustes coccothraustes,Hawfinch
Coccothraustes vespertinus,Evening Grosbeak
Coccycua minuta,Little Cuckoo
Coccyzus americanus,Yellow-billed Cuckoo
Coccyzus erythropthalmus,Black-billed Cuckoo
Coccyzus melacoryphus,Dark-billed Cuckoo
Coccyzus minor,Mangrove Cuckoo
Cochlearius cochlearius,Boat-billed Heron
Coereba flaveola,Bananaquit
Colaptes auratus,Northern Flicker
Colaptes campestris,Campo Flicker
Colaptes chrysoides,Gilded Flicker
Colaptes melanochloros,Green-barred Woodpecker
Colaptes punctigula,Spot-breasted Woodpecker
Colaptes rivolii,Crimson-mantled Woodpecker
Colaptes rubiginosus,Golden-olive Woodpecker
Colaptes rupicola,Andean Flicker
Colibri coruscans,Sparkling Violetear
Colibri cyanotus,Lesser Violetear
Colibri delphinae,Brown Violetear
Colibri thalassinus,Mexican Violetear
Colinus cristatus,Crested Bobwhite
Colinus virginianus,Northern Bobwhite
Colius striatus,Speckled Mousebird
Colluricincla harmonica,Gray Shrikethrush
Colonia colonus,Long-tailed Tyrant
Colorhamphus parvirostris,Patagonian Tyrant
Columba livia,Rock Pigeon
Columba oenas,Stock Dove
Columba palumbus,Common Wood-Pigeon
Columbina inca,Inca Dove
Columbina minuta,Plain-breasted Ground Dove
Columbina passerina,Common Ground Dove
Columbina picui,Picui Ground Dove
Columbina squammata,Scaled Dove
Columbina talpacoti,Ruddy Ground Dove
Conirostrum speciosum,Chestnut-vented Conebill
Conocephalus brevipennis,Short-winged Meadow Katydid
Conocephalus fasciatus,Slender Meadow Katydid
Conopophaga lineata,Rufous Gnateater
Contopus cinereus,Tropical Pewee
Contopus cooperi,Olive-sided Flycatcher
Contopus fumigatus,Smoke-colored Pewee
Contopus pertinax,Greater Pewee
Contopus sordidulus,Western Wood-Pewee
Contopus virens,Eastern Wood-Pewee
Copsychus fulicatus,Indian Robin
Copsychus malabaricus,White-rumped Shama
Copsychus saularis,Oriental Magpie-Robin
Coracias benghalensis,Indian Roller
Coracias garrulus,European Roller
Coracina macei,Large Cuckooshrike
Coracina novaehollandiae,Black-faced Cuckooshrike
Coragyps atratus,Black Vulture
Corcorax melanorhamphos,White-winged Chough
Cormobates leucophaea,White-throated Treecreeper
Corthylio calendula,Ruby-crowned Kinglet
Corvus albus,Pied Crow
Corvus brachyrhynchos,American Crow
Corvus corax,Common Raven
Corvus cornix,Hooded Crow
Corvus corone,Carrion Crow
Corvus coronoides,Australian Raven
Corvus cryptoleucus,Chihuahuan Raven
Corvus enca,Slender-billed Crow
Corvus frugilegus,Rook
Corvus hawaiiensis,Hawaiian Crow
Corvus macrorhynchos,Large-billed Crow
Corvus mellori,Little Raven
Corvus monedula,Eurasian Jackdaw
Corvus orru,Torresian Crow
Corvus ossifragus,Fish Crow
Corvus splendens,House Crow
Coryphospingus cucullatus,Red-crested Finch
Coryphospingus pileatus,Pileated Finch
Corythopis delalandi,Southern Antpipit
Cossypha caffra,Cape Robin-Chat
Cossypha heuglini,White-browed Robin-Chat
Cossypha natalensis,Red-capped Robin-Chat
Coturnicops noveboracensis,Yellow Rail
Coturnix coturnix,Common Quail
Coturnix japonica,Japanese Quail
Cracticus nigrogularis,Pied Butcherbird
Cracticus quoyi,Black Butcherbird
Cracticus torquatus,Gray Butcherbird
Cranioleuca erythrops,Red-faced Spinetail
Cranioleuca pallida,Pallid Spinetail
Cranioleuca pyrrhophia,Stripe-crowned Spinetail
Crax fasciolata,Bare-faced Curassow
Crex crex,Corn Crake
Crithagra mozambica,Yellow-fronted Canary
Crotophaga ani,Smooth-billed Ani
Crotophaga major,Greater Ani
Crotophaga sulcirostris,Groove-billed Ani
Crypturellus boucardi,Slaty-breasted Tinamou
Crypturellus cinereus,Cinereous Tinamou
Crypturellus cinnamomeus,Thicket Tinamou
Crypturellus obsoletus,Brown Tinamou
Crypturellus parvirostris,Small-billed Tinamou
Crypturellus soui,Little Tinamou
Crypturellus tataupa,Tataupa Tinamou
Crypturellus undulatus,Undulated Tinamou
Crypturellus variegatus,Variegated Tinamou
Cuculus canorus,Common Cuckoo
Cuculus clamosus,Black Cuckoo
Cuculus micropterus,Indian Cuckoo
Cuculus optatus,Oriental Cuckoo
Cuculus solitarius,Red-chested Cuckoo
Culicicapa ceylonensis,Gray-headed Canary-Flycatcher
Curaeus curaeus,Austral Blackbird
Curruca communis,Greater Whitethroat
Curruca curruca,Lesser Whitethroat
Curruca hortensis,Western Orphean Warbler
Curruca iberiae,Western Subalpine Warbler
Curruca melanocephala,Sardinian Warbler
Curruca undata,Dartford Warbler
Cyanerpes cyaneus,Red-legged Honeycreeper
Cyanistes caeruleus,Eurasian Blue Tit
Cyanistes teneriffae,African Blue Tit
Cyanocitta cristata,Blue Jay
Cyanocitta stelleri,Steller's Jay
Cyanocompsa parellina,Blue Bunting
Cyanocorax affinis,Black-chested Jay
Cyanocorax caeruleus,Azure Jay
Cyanocorax chrysops,Plush-crested Jay
Cyanocorax cristatellus,Curl-crested Jay
Cyanocorax cyanomelas,Purplish Jay
Cyanocorax melanocyaneus,Bushy-crested Jay
Cyanocorax violaceus,Violaceous Jay
Cyanocorax yncas,Green Jay
Cyanocorax yucatanicus,Yucatan Jay
Cyanoderma chrysaeum,Golden Babbler
Cyanoderma erythropterum,Chestnut-winged Babbler
Cyanoderma ruficeps,Rufous-capped Babbler
Cyanoliseus patagonus,Burrowing Parakeet
Cyanoloxia brissonii,Ultramarine Grosbeak
Cyanoloxia cyanoides,Blue-black Grosbeak
Cyanolyca turcosa,Turquoise Jay
Cyanomitra olivacea,Olive Sunbird
Cyanopica cooki,Iberian Magpie
Cyanoptila cyanomelana,Blue-and-white Flycatcher
Cyclarhis gujanensis,Rufous-browed Peppershrike
Cyclarhis nigrirostris,Black-billed Peppershrike
Cygnus buccinator,Trumpeter Swan
Cygnus columbianus,Tundra Swan
Cygnus cygnus,Whooper Swan
Cygnus olor,Mute Swan
Cymbilaimus lineatus,Fasciated Antshrike
Cynanthus latirostris,Broad-billed Hummingbird
Cyornis hainanus,Hainan Blue Flycatcher
Cyornis rubeculoides,Blue-throated Flycatcher
Cyornis tickelliae,Tickell's Blue Flycatcher
Cyphorhinus phaeocephalus,Song Wren
Cypsiurus balasiensis,Asian Palm-Swift
Cyrtonyx montezumae,Montezuma Quail
Cyrtoxipha columbiana,Columbian Trig
Dacelo novaeguineae,Laughing Kookaburra
Dacnis cayana,Blue Dacnis
Daptrius ater,Black Caracara
Delichon urbicum,Common House-Martin
Dendragapus fuliginosus,Sooty Grouse
Dendragapus obscurus,Dusky Grouse
Dendrexetastes rufigula,Cinnamon-throated Woodcreeper
Dendrocincla anabatina,Tawny-winged Woodcreeper
Dendrocincla fuliginosa,Plain-brown Woodcreeper
Dendrocincla turdina,Plain-winged Woodcreeper
Dendrocitta formosae,Gray Treepie
Dendrocitta vagabunda,Rufous Treepie
Dendrocolaptes picumnus,Black-banded Woodcreeper
Dendrocolaptes platyrostris,Planalto Woodcreeper
Dendrocolaptes sanctithomae,Northern Barred-Woodcreeper
Dendrocopos leucotos,White-backed Woodpecker
Dendrocopos major,Great Spotted Woodpecker
Dendrocopos syriacus,Syrian Woodpecker
Dendrocoptes medius,Middle Spotted Woodpecker
Dendrocygna autumnalis,Black-bellied Whistling-Duck
Dendrocygna bicolor,Fulvous Whistling-Duck
Dendrocygna javanica,Lesser Whistling-Duck
Dendrocygna viduata,White-faced Whistling-Duck
Dendroma rufa,Buff-fronted Foliage-gleaner
Dendroplex picus,Straight-billed Woodcreeper
Dendrortyx leucophrys,Buffy-crowned Wood-Partridge
Dicaeum concolor,Nilgiri Flowerpecker
Dicaeum cruentatum,Scarlet-backed Flowerpecker
Dicaeum erythrorhynchos,Pale-billed Flowerpecker
Dicaeum hirundinaceum,Mistletoebird
Dicaeum ignipectus,Fire-breasted Flowerpecker
Dicaeum trigonostigma,Orange-bellied Flowerpecker
Dicrurus adsimilis,Fork-tailed Drongo
Dicrurus aeneus,Bronzed Drongo
Dicrurus bracteatus,Spangled Drongo
Dicrurus caerulescens,White-bellied Drongo
Dicrurus hottentottus,Hair-crested Drongo
Dicrurus leucophaeus,Ashy Drongo
Dicrurus macrocercus,Black Drongo
Dicrurus paradiseus,Greater Racket-tailed Drongo
Dicrurus remifer,Lesser Racket-tailed Drongo
Diglossa albilatera,White-sided Flowerpiercer
Diglossa caerulescens,Bluish Flowerpiercer
Diglossa cyanea,Masked Flowerpiercer
Diglossa humeralis,Black Flowerpiercer
Diglossa lafresnayii,Glossy Flowerpiercer
Dinopium benghalense,Black-rumped Flameback
Diopsittaca nobilis,Red-shouldered Macaw
Diuca diuca,Diuca Finch
Dives dives,Melodious Blackbird
Dives warczewiczi,Scrub Blackbird
Dog,Dog
Dolichonyx oryzivorus,Bobolink
Donacobius atricapilla,Black-capped Donacobius
Drepanis coccinea,Iiwi
Dromococcyx phasianellus,Pheasant Cuckoo
Drymophila ferruginea,Ferruginous Antbird
Drymophila striaticeps,Streak-headed Antbird
Dryobates affinis,Red-stained Woodpecker
Dryobates albolarvatus,White-headed Woodpecker
Dryobates arizonae,Arizona Woodpecker
Dryobates borealis,Red-cockaded Woodpecker
Dryobates fumigatus,Smoky-brown Woodpecker
Dryobates lignarius,Striped Woodpecker
Dryobates minor,Lesser Spotted Woodpecker
Dryobates nuttallii,Nuttall's Woodpecker
Dryobates passerinus,Little Woodpecker
Dryobates pubescens,Downy Woodpecker
Dryobates scalaris,Ladder-backed Woodpecker
Dryobates spilogaster,White-spotted Woodpecker
Dryobates villosus,Hairy Woodpecker
Dryocopus javensis,White-bellied Woodpecker
Dryocopus lineatus,Lineated Woodpecker
Dryocopus martius,Black Woodpecker
Dryocopus pileatus,Pileated Woodpecker
Dryophytes andersonii,Pine Barrens Treefrog
Dryophytes arenicolor,Canyon Treefrog
Dryophytes avivoca,Bird-voiced Treefrog
Dryophytes chrysoscelis,Cope's Gray Treefrog
Dryophytes cinereus,Green Treefrog
Dryophytes femoralis,Pine Woods Treefrog
Dryophytes gratiosus,Barking Treefrog
Dryophytes squirellus,Squirrel Treefrog
Dryophytes versicolor,Gray Treefrog
Dryoscopus cubla,Black-backed Puffback
Dubusia taeniata,Buff-breasted Mountain Tanager
Ducula aenea,Green Imperial-Pigeon
Ducula badia,Mountain Imperial-Pigeon
Dumetella carolinensis,Gray Catbird
Dumetia hyperythra,Tawny-bellied Babbler
Dysithamnus mentalis,Plain Antvireo
Eclectus roratus,Eclectus Parrot
Edolisoma tenuirostre,Common Cicadabird
Egretta caerulea,Little Blue Heron
Egretta garzetta,Little Egret
Egretta thula,Snowy Egret
Egretta tricolor,Tricolored Heron
Elaenia albiceps,White-crested Elaenia
Elaenia chiriquensis,Lesser Elaenia
Elaenia cristata,Plain-crested Elaenia
Elaenia flavogaster,Yellow-bellied Elaenia
Elaenia frantzii,Mountain Elaenia
Elaenia martinica,Caribbean Elaenia
Elaenia pallatangae,Sierran Elaenia
Elaenia parvirostris,Small-billed Elaenia
Elaenia spectabilis,Large Elaenia
Elanoides forficatus,Swallow-tailed Kite
Elanus caeruleus,Black-winged Kite
Elanus leucurus,White-tailed Kite
Electron platyrhynchum,Broad-billed Motmot
Eleutherodactylus planirostris,Greenhouse Frog
Emberiza calandra,Corn Bunting
Emberiza cia,Rock Bunting
Emberiza cioides,Meadow Bunting
Emberiza cirlus,Cirl Bunting
Emberiza citrinella,Yellowhammer
Emberiza elegans,Yellow-throated Bunting
Emberiza flaviventris,Golden-breasted Bunting
Emberiza hortulana,Ortolan Bunting
Emberiza melanocephala,Black-headed Bunting
Emberiza pusilla,Little Bunting
Emberiza rustica,Rustic Bunting
Emberiza schoeniclus,Reed Bunting
Emberiza spodocephala,Black-faced Bunting
Emberiza tahapisi,Cinnamon-breasted Bunting
Emberizoides herbicola,Wedge-tailed Grass-Finch
Embernagra platensis,Great Pampa-Finch
Eminia lepida,Gray-capped Warbler
Empidonax alnorum,Alder Flycatcher
Empidonax difficilis,Pacific-slope Flycatcher
Empidonax flavescens,Yellowish Flycatcher
Empidonax flaviventris,Yellow-bellied Flycatcher
Empidonax fulvifrons,Buff-breasted Flycatcher
Empidonax hammondii,Hammond's Flycatcher
Empidonax minimus,Least Flycatcher
Empidonax oberholseri,Dusky Flycatcher
Empidonax occidentalis,Cordilleran Flycatcher
Empidonax traillii,Willow Flycatcher
Empidonax virescens,Acadian Flycatcher
Empidonax wrightii,Gray Flycatcher
Empidonomus aurantioatrocristatus,Crowned Slaty Flycatcher
Empidonomus varius,Variegated Flycatcher
Engine,Engine
Enicurus leschenaulti,White-crowned Forktail
Entomyzon cyanotis,Blue-faced Honeyeater
Environmental,Environmental
Eolophus roseicapilla,Galah
Eopsaltria australis,Eastern Yellow Robin
Epinecrophylla fulviventris,Checker-throated Stipplethroat
Eremophila alpestris,Horned Lark
Eremopterix griseus,Ashy-crowned Sparrow-Lark
Erithacus rubecula,European Robin
Erpornis zantholeuca,White-bellied Erpornis
Erythrogenys erythrocnemis,Black-necklaced Scimitar-Babbler
Erythrogenys erythrogenys,Rusty-cheeked Scimitar-Babbler
Estrilda astrild,Common Waxbill
Eubucco bourcierii,Red-headed Barbet
Eucometis penicillata,Gray-headed Tanager
Eudocimus albus,White Ibis
Eudynamys orientalis,Pacific Koel
Eudynamys scolopaceus,Asian Koel
Eugenes fulgens,Rivoli's Hummingbird
Eumomota superciliosa,Turquoise-browed Motmot
Eumyias thalassinus,Verditer Flycatcher
Eunemobius carolinus,Carolina Ground Cricket
Eunemobius confusus,Confused Ground Cricket
Euodice cantans,African Silverbill
Euodice malabarica,Indian Silverbill
Eupetomena macroura,Swallow-tailed Hummingbird
Euphagus carolinus,Rusty Blackbird
Euphagus cyanocephalus,Brewer's Blackbird
Euphonia affinis,Scrub Euphonia
Euphonia chlorotica,Purple-throated Euphonia
Euphonia chrysopasta,Golden-bellied Euphonia
Euphonia gouldi,Olive-backed Euphonia
Euphonia hirundinacea,Yellow-throated Euphonia
Euphonia laniirostris,Thick-billed Euphonia
Euphonia minuta,White-vented Euphonia
Euphonia pectoralis,Chestnut-bellied Euphonia
Euphonia rufiventris,Rufous-bellied Euphonia
Euphonia trinitatis,Trinidad Euphonia
Euphonia violacea,Violaceous Euphonia
Euphonia xanthogaster,Orange-bellied Euphonia
Eupsittula aurea,Peach-fronted Parakeet
Eupsittula canicularis,Orange-fronted Parakeet
Eupsittula nana,Olive-throated Parakeet
Eupsittula pertinax,Brown-throated Parakeet
Eurillas latirostris,Yellow-whiskered Greenbul
Eurillas virens,Little Greenbul
Eurylaimus ochromalus,Black-and-yellow Broadbill
Eurypyga helias,Sunbittern
Eurystomus glaucurus,Broad-billed Roller
Eurystomus orientalis,Dollarbird
Euscarthmus meloryphus,Rufous-crowned Pygmy-Tyrant
Falco columbarius,Merlin
Falco naumanni,Lesser Kestrel
Falco peregrinus,Peregrine Falcon
Falco rufigularis,Bat Falcon
Falco sparverius,American Kestrel
Falco subbuteo,Eurasian Hobby
Falco tinnunculus,Eurasian Kestrel
Ficedula albicilla,Taiga Flycatcher
Ficedula albicollis,Collared Flycatcher
Ficedula hyperythra,Snowy-browed Flycatcher
Ficedula hypoleuca,European Pied Flycatcher
Ficedula narcissina,Narcissus Flycatcher
Ficedula parva,Red-breasted Flycatcher
Ficedula tricolor,Slaty-blue Flycatcher
Ficedula westermanni,Little Pied Flycatcher
Ficedula zanthopygia,Yellow-rumped Flycatcher
Fireworks,Fireworks
Fluvicola nengeta,Masked Water-Tyrant
Formicarius analis,Black-faced Antthrush
Formicarius colma,Rufous-capped Antthrush
Formicarius moniliger,Mayan Antthrush
Formicarius rufipectus,Rufous-breasted Antthrush
Formicivora grisea,White-fringed Antwren
Forpus conspicillatus,Spectacled Parrotlet
Forpus passerinus,Green-rumped Parrotlet
Foudia madagascariensis,Red Fody
Francolinus francolinus,Black Francolin
Francolinus pictus,Painted Francolin
Fregata minor,Great Frigatebird
Fringilla coelebs,Common Chaffinch
Fringilla montifringilla,Brambling
Fulica alai,Hawaiian Coot
Fulica americana,American Coot
Fulica atra,Eurasian Coot
Fulmarus glacialis,Northern Fulmar
Furnarius figulus,Wing-banded Hornero
Furnarius leucopus,Pale-legged Hornero
Furnarius rufus,Rufous Hornero
Galbula cyanescens,Bluish-fronted Jacamar
Galbula dea,Paradise Jacamar
Galbula ruficauda,Rufous-tailed Jacamar
Galerida cristata,Crested Lark
Galerida theklae,Thekla's Lark
Gallicrex cinerea,Watercock
Gallinago delicata,Wilson's Snipe
Gallinago gallinago,Common Snipe
Gallinago paraguaiae,Paraguayan Snipe
Gallinula chloropus,Eurasian Moorhen
Gallinula galeata,Common Gallinule
Gallirallus philippensis,Buff-banded Rail
Galloperdix spadicea,Red Spurfowl
Gallus gallus,Red Junglefowl
Gallus sonneratii,Gray Junglefowl
Garrulax canorus,Chinese Hwamei
Garrulax leucolophus,White-crested Laughingthrush
Garrulus glandarius,Eurasian Jay
Gastrophryne carolinensis,Eastern Narrow-mouthed Toad
Gastrophryne olivacea,Great Plains Narrow-mouthed Toad
Gavia immer,Common Loon
Gavia stellata,Red-throated Loon
Gavicalis virescens,Singing Honeyeater
Gelochelidon nilotica,Gull-billed Tern
Geococcyx californianus,Greater Roadrunner
Geoffroyus geoffroyi,Red-cheeked Parrot
Geokichla citrina,Orange-headed Thrush
Geopelia humeralis,Bar-shouldered Dove
Geopelia placida,Peaceful Dove
Geopelia striata,Zebra Dove
Geositta rufipennis,Rufous-banded Miner
Geothlypis aequinoctialis,Masked Yellowthroat
Geothlypis formosa,Kentucky Warbler
Geothlypis philadelphia,Mourning Warbler
Geothlypis poliocephala,Gray-crowned Yellowthroat
Geothlypis semiflava,Olive-crowned Yellowthroat
Geothlypis tolmiei,MacGillivray's Warbler
Geothlypis trichas,Common Yellowthroat
Geotrygon montana,Ruddy Quail-Dove
Geranoaetus albicaudatus,White-tailed Hawk
Geranospiza caerulescens,Crane Hawk
Gerygone igata,Gray Gerygone
Gerygone mouki,Brown Gerygone
Gerygone olivacea,White-throated Gerygone
Gerygone sulphurea,Golden-bellied Gerygone
Glareola pratincola,Collared Pratincole
Glaucestrilda caerulescens,Lavender Waxbill
Glaucidium brasilianum,Ferruginous Pygmy-Owl
Glaucidium cuculoides,Asian Barred Owlet
Glaucidium gnoma,Northern Pygmy-Owl
Glaucidium nana,Austral Pygmy-Owl
Glaucidium perlatum,Pearl-spotted Owlet
Glaucidium peruanum,Peruvian Pygmy-Owl
Glaucidium radiatum,Jungle Owlet
Glossopsitta concinna,Musk Lorikeet
Glyphorynchus spirurus,Wedge-billed Woodcreeper
Gnorimopsar chopi,Chopi Blackbird
Gracula indica,Southern Hill Myna
Gracula religiosa,Common Hill Myna
Gracupica contra,Asian Pied Starling
Gracupica nigricollis,Black-collared Starling
Grallaria guatimalensis,Scaled Antpitta
Grallaria nuchalis,Chestnut-naped Antpitta
Grallaria quitensis,Tawny Antpitta
Grallaria ruficapilla,Chestnut-crowned Antpitta
Grallaria saturata,Equatorial Antpitta
Grallina cyanoleuca,Magpie-lark
Grammatoptila striata,Striated Laughingthrush
Grus grus,Common Crane
Gryllus assimilis,Gryllus assimilis
Gryllus fultoni,Southern Wood Cricket
Gryllus pennsylvanicus,Fall Field Cricket
Gryllus rubens,Southeastern Field Cricket
Gubernetes yetapa,Streamer-tailed Tyrant
Guira guira,Guira Cuckoo
Gun,Gun
Gygis alba,White Tern
Gymnopithys bicolor,Bicolored Antbird
Gymnorhina tibicen,Australian Magpie
Gymnorhinus cyanocephalus,Pinyon Jay
Gymnoris xanthocollis,Yellow-throated Sparrow
Habia fuscicauda,Red-throated Ant-Tanager
Habia rubica,Red-crowned Ant-Tanager
Haematopus bachmani,Black Oystercatcher
Haematopus ostralegus,Eurasian Oystercatcher
Haematopus palliatus,American Oystercatcher
Haemorhous cassinii,Cassin's Finch
Haemorhous mexicanus,House Finch
Haemorhous purpureus,Purple Finch
Hafferia zeledoni,Zeledon's Antbird
Halcyon senegalensis,Woodland Kingfisher
Halcyon smyrnensis,White-throated Kingfisher
Haliaeetus albicilla,White-tailed Eagle
Haliaeetus leucocephalus,Bald Eagle
Haliaeetus leucogaster,White-bellied Sea-Eagle
Haliaeetus vocifer,African Fish-Eagle
Haliastur indus,Brahminy Kite
Harpactes erythrocephalus,Red-headed Trogon
Hedydipna collaris,Collared Sunbird
Helmitheros vermivorum,Worm-eating Warbler
Helopsaltes certhiola,Pallas's Grasshopper Warbler
Hemignathus wilsoni,Akiapolaau
Hemithraupis guira,Guira Tanager
Hemithraupis ruficapilla,Rufous-headed Tanager
Hemitriccus margaritaceiventer,Pearly-vented Tody-Tyrant
Hemixos castanonotus,Chestnut Bulbul
Hemixos flavala,Ashy Bulbul
Henicorhina leucophrys,Gray-breasted Wood-Wren
Henicorhina leucosticta,White-breasted Wood-Wren
Herpetotheres cachinnans,Laughing Falcon
Herpsilochmus atricapillus,Black-capped Antwren
Herpsilochmus rufimarginatus,Rufous-margined Antwren
Heterophasia auricularis,White-eared Sibia
Heterophasia capistrata,Rufous Sibia
Hieraaetus pennatus,Booted Eagle
Hierococcyx sparverioides,Large Hawk-Cuckoo
Hierococcyx varius,Common Hawk-Cuckoo
Himantopus himantopus,Black-winged Stilt
Himantopus leucocephalus,Pied Stilt
Himantopus mexicanus,Black-necked Stilt
Himatione sanguinea,Apapane
Hippolais icterina,Icterine Warbler
Hippolais polyglotta,Melodious Warbler
Hirundinea ferruginea,Cliff Flycatcher
Hirundo neoxena,Welcome Swallow
Hirundo rustica,Barn Swallow
Horornis acanthizoides,Yellowish-bellied Bush Warbler
Horornis canturians,Manchurian Bush Warbler
Horornis diphone,Japanese Bush Warbler
Horornis fortipes,Brownish-flanked Bush Warbler
Human non-vocal,Human non-vocal
Human vocal,Human vocal
Human whistle,Human whistle
Hydrobates castro,Band-rumped Storm-Petrel
Hydrobates leucorhous,Leach's Storm-Petrel
Hydrophasianus chirurgus,Pheasant-tailed Jacana
Hydroprogne caspia,Caspian Tern
Hyliola regilla,Pacific Chorus Frog
Hylocharis chrysura,Gilded Hummingbird
Hylocichla mustelina,Wood Thrush
Hylomanes momotula,Tody Motmot
Hylophilus flavipes,Scrub Greenlet
Hylophilus poicilotis,Rufous-crowned Greenlet
Hylophylax naevioides,Spotted Antbird
Hypnelus ruficollis,Russet-throated Puffbird
Hypocnemis peruviana,Peruvian Warbling-Antbird
Hypoedaleus guttatus,Spot-backed Antshrike
Hypothymis azurea,Black-naped Monarch
Hypsipetes amaurotis,Brown-eared Bulbul
Hypsipetes ganeesa,Square-tailed Bulbul
Hypsipetes leucocephalus,Black Bulbul
Hypsipetes philippinus,Philippine Bulbul
Ibycter americanus,Red-throated Caracara
Ichthyaetus melanocephalus,Mediterranean Gull
Icteria virens,Yellow-breasted Chat
Icterus bullockii,Bullock's Oriole
Icterus cayanensis,Epaulet Oriole
Icterus chrysater,Yellow-backed Oriole
Icterus croconotus,Orange-backed Troupial
Icterus cucullatus,Hooded Oriole
Icterus galbula,Baltimore Oriole
Icterus graduacauda,Audubon's Oriole
Icterus gularis,Altamira Oriole
Icterus icterus,Venezuelan Troupial
Icterus mesomelas,Yellow-tailed Oriole
Icterus nigrogularis,Yellow Oriole
Icterus parisorum,Scott's Oriole
Icterus pectoralis,Spot-breasted Oriole
Icterus pustulatus,Streak-backed Oriole
Icterus pyrrhopterus,Variable Oriole
Icterus spurius,Orchard Oriole
Icterus wagleri,Black-vented Oriole
Ictinia mississippiensis,Mississippi Kite
Iduna caligata,Booted Warbler
Iduna opaca,Western Olivaceous Warbler
Iduna pallida,Eastern Olivaceous Warbler
Iduna rama,Sykes's Warbler
Ilicura militaris,Pin-tailed Manakin
Incilius valliceps,Gulf Coast Toad
Indicator indicator,Greater Honeyguide
Indicator minor,Lesser Honeyguide
Iole indica,Yellow-browed Bulbul
Irena puella,Asian Fairy-bluebird
Ixobrychus exilis,Least Bittern
Ixobrychus minutus,Little Bittern
Ixoreus naevius,Varied Thrush
Ixos mcclellandii,Mountain Bulbul
Jacamerops aureus,Great Jacamar
Jacana jacana,Wattled Jacana
Jacana spinosa,Northern Jacana
Junco hyemalis,Dark-eyed Junco
Junco phaeonotus,Yellow-eyed Junco
Jynx torquilla,Eurasian Wryneck
Klais guimeti,Violet-headed Hummingbird
Kleinothraupis atropileus,Black-capped Hemispingus
Lagopus lagopus,Willow Ptarmigan
Lagopus muta,Rock Ptarmigan
Lalage melanoptera,Black-headed Cuckooshrike
Lalage tricolor,White-winged Triller
Lampornis clemenciae,Blue-throated Mountain-gem
Lamprotornis chalybaeus,Greater Blue-eared Starling
Lamprotornis splendidus,Splendid Starling
Laniarius ferrugineus,Southern Boubou
Laniarius funebris,Slate-colored Boubou
Laniarius major,Tropical Boubou
Lanius borealis,Northern Shrike
Lanius bucephalus,Bull-headed Shrike
Lanius collurio,Red-backed Shrike
Lanius cristatus,Brown Shrike
Lanius excubitor,Great Gray Shrike
Lanius ludovicianus,Loggerhead Shrike
Lanius meridionalis,Iberian Gray Shrike
Lanius schach,Long-tailed Shrike
Lanius senator,Woodchat Shrike
Lanius vittatus,Bay-backed Shrike
Larosterna inca,Inca Tern
Larus argentatus,Herring Gull
Larus cachinnans,Caspian Gull
Larus californicus,California Gull
Larus canus,Common Gull
Larus delawarensis,Ring-billed Gull
Larus dominicanus,Kelp Gull
Larus fuscus,Lesser Black-backed Gull
Larus glaucescens,Glaucous-winged Gull
Larus heermanni,Heermann's Gull
Larus hyperboreus,Glaucous Gull
Larus marinus,Great Black-backed Gull
Larus michahellis,Yellow-legged Gull
Larus occidentalis,Western Gull
Larvivora brunnea,Indian Blue Robin
Larvivora cyane,Siberian Blue Robin
Laterallus albigularis,White-throated Crake
Laterallus exilis,Gray-breasted Crake
Laterallus jamaicensis,Black Rail
Laterallus melanophaius,Rufous-sided Crake
Laterallus ruber,Ruddy Crake
Lathrotriccus euleri,Euler's Flycatcher
Legatus leucophaius,Piratic Flycatcher
Leiothlypis celata,Orange-crowned Warbler
Leiothlypis luciae,Lucy's Warbler
Leiothlypis peregrina,Tennessee Warbler
Leiothlypis ruficapilla,Nashville Warbler
Leiothlypis virginiae,Virginia's Warbler
Leiothrix lutea,Red-billed Leiothrix
Leistes bellicosus,Peruvian Meadowlark
Leistes loyca,Long-tailed Meadowlark
Leistes militaris,Red-breasted Meadowlark
Leistes superciliaris,White-browed Meadowlark
Lepidocolaptes affinis,Spot-crowned Woodcreeper
Lepidocolaptes angustirostris,Narrow-billed Woodcreeper
Lepidocolaptes lacrymiger,Montane Woodcreeper
Lepidocolaptes souleyetii,Streak-headed Woodcreeper
Lepidothrix coronata,Blue-crowned Manakin
Leptasthenura aegithaloides,Plain-mantled Tit-Spinetail
Leptocoma minima,Crimson-backed Sunbird
Leptocoma zeylonica,Purple-rumped Sunbird
Leptodon cayanensis,Gray-headed Kite
Leptopogon amaurocephalus,Sepia-capped Flycatcher
Leptopogon rufipectus,Rufous-breasted Flycatcher
Leptopogon superciliaris,Slaty-capped Flycatcher
Leptotila rufaxilla,Gray-fronted Dove
Leptotila verreauxi,White-tipped Dove
Leucochloris albicollis,White-throated Hummingbird
Leucophaeus atricilla,Laughing Gull
Leucophaeus pipixcan,Franklin's Gull
Leucosticte tephrocotis,Gray-crowned Rosy-Finch
Lichmera indistincta,Brown Honeyeater
Limnodromus griseus,Short-billed Dowitcher
Limnodromus scolopaceus,Long-billed Dowitcher
Limnothlypis swainsonii,Swainson's Warbler
Limosa fedoa,Marbled Godwit
Limosa haemastica,Hudsonian Godwit
Limosa lapponica,Bar-tailed Godwit
Limosa limosa,Black-tailed Godwit
Linaria cannabina,Eurasian Linnet
Linaria flavirostris,Twite
Liocichla steerii,Steere's Liocichla
Lipaugus unirufus,Rufous Piha
Lipaugus vociferans,Screaming Piha
Lithobates catesbeianus,American Bullfrog
Lithobates clamitans,Green Frog
Lithobates palustris,Pickerel Frog
Lithobates sylvaticus,Wood Frog
Lochmias nematura,Sharp-tailed Streamcreeper
Locustella luscinioides,Savi's Warbler
Locustella naevia,Common Grasshopper-Warbler
Lonchura atricapilla,Chestnut Munia
Lonchura punctulata,Scaly-breasted Munia
Lonchura striata,White-rumped Munia
Lophoceros alboterminatus,Crowned Hornbill
Lophoceros nasutus,African Gray Hornbill
Lophodytes cucullatus,Hooded Merganser
Lophophanes cristatus,Crested Tit
Lophostrix cristata,Crested Owl
Lophotriccus pileatus,Scale-crested Pygmy-Tyrant
Lophura leucomelanos,Kalij Pheasant
Loriculus vernalis,Vernal Hanging-Parrot
Loxia curvirostra,Red Crossbill
Loxia leucoptera,White-winged Crossbill
Loxioides bailleui,Palila
Loxops caeruleirostris,Akekee
Loxops coccineus,Hawaii Akepa
Loxops mana,Hawaii Creeper
Lullula arborea,Wood Lark
Lurocalis semitorquatus,Short-tailed Nighthawk
Luscinia luscinia,Thrush Nightingale
Luscinia megarhynchos,Common Nightingale
Luscinia svecica,Bluethroat
Lybius torquatus,Black-collared Barbet
Lymnocryptes minimus,Jack Snipe
Machaeropterus deliciosus,Club-winged Manakin
Machetornis rixosa,Cattle Tyrant
Machlolophus spilonotus,Yellow-cheeked Tit
Mackenziaena severa,Tufted Antshrike
Macropygia phasianella,Brown Cuckoo-Dove
Malacocincla abbotti,Abbott's Babbler
Malaconotus blanchoti,Gray-headed Bushshrike
Malurus cyaneus,Superb Fairywren
Manacus candei,White-collared Manakin
Manacus manacus,White-bearded Manakin
Manacus vitellinus,Golden-collared Manakin
Manorina melanocephala,Noisy Miner
Manorina melanophrys,Bell Miner
Mareca americana,American Wigeon
Mareca penelope,Eurasian Wigeon
Mareca strepera,Gadwall
Margarops fuscatus,Pearly-eyed Thrasher
Mecocerculus leucophrys,White-throated Tyrannulet
Mecocerculus stictopterus,White-banded Tyrannulet
Megaceryle alcyon,Belted Kingfisher
Megaceryle torquata,Ringed Kingfisher
Megalurus palustris,Striated Grassbird
Megapodius reinwardt,Orange-footed Scrubfowl
Megarynchus pitangua,Boat-billed Flycatcher
Megascops asio,Eastern Screech-Owl
Megascops choliba,Tropical Screech-Owl
Megascops kennicottii,Western Screech-Owl
Megascops trichopsis,Whiskered Screech-Owl
Megascops watsonii,Tawny-bellied Screech-Owl
Melanerpes aurifrons,Golden-fronted Woodpecker
Melanerpes candidus,White Woodpecker
Melanerpes carolinus,Red-bellied Woodpecker
Melanerpes chrysogenys,Golden-cheeked Woodpecker
Melanerpes cruentatus,Yellow-tufted Woodpecker
Melanerpes erythrocephalus,Red-headed Woodpecker
Melanerpes flavifrons,Yellow-fronted Woodpecker
Melanerpes formicivorus,Acorn Woodpecker
Melanerpes hoffmannii,Hoffmann's Woodpecker
Melanerpes lewis,Lewis's Woodpecker
Melanerpes rubricapillus,Red-crowned Woodpecker
Melanerpes uropygialis,Gila Woodpecker
Melanitta americana,Black Scoter
Melanitta nigra,Common Scoter
Melanochlora sultanea,Sultan Tit
Melanocorypha calandra,Calandra Lark
Melanoptila glabrirostris,Black Catbird
Melanospiza bicolor,Black-faced Grassquit
Melanotis caerulescens,Blue Mockingbird
Melanotis hypoleucus,Blue-and-white Mockingbird
Meleagris gallopavo,Wild Turkey
Meliphaga lewinii,Lewin's Honeyeater
Melithreptus albogularis,White-throated Honeyeater
Melospiza georgiana,Swamp Sparrow
Melospiza lincolnii,Lincoln's Sparrow
Melospiza melodia,Song Sparrow
Melozone aberti,Abert's Towhee
Melozone albicollis,White-throated Towhee
Melozone crissalis,California Towhee
Melozone fusca,Canyon Towhee
Menura novaehollandiae,Superb Lyrebird
Mergus merganser,Common Merganser
Mergus serrator,Red-breasted Merganser
Merops apiaster,European Bee-eater
Merops orientalis,Green Bee-eater
Merops ornatus,Rainbow Bee-eater
Merops persicus,Blue-cheeked Bee-eater
Merops philippinus,Blue-tailed Bee-eater
Mesembrinibis cayennensis,Green Ibis
Metallura tyrianthina,Tyrian Metaltail
Metopidius indicus,Bronze-winged Jacana
Micrastur ruficollis,Barred Forest-Falcon
Micrastur semitorquatus,Collared Forest-Falcon
Micrathene whitneyi,Elf Owl
Microbates cinereiventris,Tawny-faced Gnatwren
Microcentrum rhombifolium,Greater Angle-wing
Microcerculus marginatus,Scaly-breasted Wren
Microcerculus philomela,Nightingale Wren
Microeca flavigaster,Lemon-bellied Flycatcher
Micropternus brachyurus,Rufous Woodpecker
Microrhopias quixensis,Dot-winged Antwren
Milvago chimachima,Yellow-headed Caracara
Milvago chimango,Chimango Caracara
Milvus migrans,Black Kite
Milvus milvus,Red Kite
Mimus gilvus,Tropical Mockingbird
Mimus longicaudatus,Long-tailed Mockingbird
Mimus polyglottos,Northern Mockingbird
Mimus saturninus,Chalk-browed Mockingbird
Mimus thenca,Chilean Mockingbird
Miogryllus saussurei,Miogryllus saussurei
Mionectes oleagineus,Ochre-bellied Flycatcher
Mionectes olivaceus,Olive-striped Flycatcher
Mionectes rufiventris,Gray-hooded Flycatcher
Mirafra affinis,Jerdon's Bushlark
Mirafra africana,Rufous-naped Lark
Mirafra erythroptera,Indian Bushlark
Mirafra javanica,Australasian Bushlark
Mitrephanes phaeocercus,Tufted Flycatcher
Mitrospingus cassinii,Dusky-faced Tanager
Mixornis gularis,Pin-striped Tit-Babbler
Mniotilta varia,Black-and-white Warbler
Mohoua albicilla,Whitehead
Molothrus aeneus,Bronzed Cowbird
Molothrus ater,Brown-headed Cowbird
Molothrus bonariensis,Shiny Cowbird
Molothrus oryzivorus,Giant Cowbird
Molothrus rufoaxillaris,Screaming Cowbird
Momotus aequatorialis,Andean Motmot
Momotus lessonii,Lesson's Motmot
Momotus mexicanus,Russet-crowned Motmot
Momotus momota,Amazonian Motmot
Momotus subrufescens,Whooping Motmot
Monasa morphoeus,White-fronted Nunbird
Monasa nigrifrons,Black-fronted Nunbird
Monticola saxatilis,Rufous-tailed Rock-Thrush
Monticola solitarius,Blue Rock-Thrush
Morococcyx erythropygus,Lesser Ground-Cuckoo
Morus bassanus,Northern Gannet
Motacilla aguimp,African Pied Wagtail
Motacilla alba,White Wagtail
Motacilla cinerea,Gray Wagtail
Motacilla citreola,Citrine Wagtail
Motacilla flava,Western Yellow Wagtail
Motacilla maderaspatensis,White-browed Wagtail
Motacilla tschutschensis,Eastern Yellow Wagtail
Muscicapa adusta,African Dusky Flycatcher
Muscicapa dauurica,Asian Brown Flycatcher
Muscicapa griseisticta,Gray-streaked Flycatcher
Muscicapa striata,Spotted Flycatcher
Mustelirallus albicollis,Ash-throated Crake
Myadestes melanops,Black-faced Solitaire
Myadestes obscurus,Omao
Myadestes occidentalis,Brown-backed Solitaire
Myadestes palmeri,Puaiohi
Myadestes ralloides,Andean Solitaire
Myadestes townsendi,Townsend's Solitaire
Myadestes unicolor,Slate-colored Solitaire
Myiagra alecto,Shining Flycatcher
Myiagra inquieta,Restless Flycatcher
Myiagra rubecula,Leaden Flycatcher
Myiarchus cephalotes,Pale-edged Flycatcher
Myiarchus cinerascens,Ash-throated Flycatcher
Myiarchus crinitus,Great Crested Flycatcher
Myiarchus ferox,Short-crested Flycatcher
Myiarchus nuttingi,Nutting's Flycatcher
Myiarchus sagrae,La Sagra's Flycatcher
Myiarchus swainsoni,Swainson's Flycatcher
Myiarchus tuberculifer,Dusky-capped Flycatcher
Myiarchus tyrannulus,Brown-crested Flycatcher
Myioborus melanocephalus,Spectacled Redstart
Myioborus miniatus,Slate-throated Redstart
Myioborus ornatus,Golden-fronted Redstart
Myioborus pictus,Painted Redstart
Myiodynastes chrysocephalus,Golden-crowned Flycatcher
Myiodynastes luteiventris,Sulphur-bellied Flycatcher
Myiodynastes maculatus,Streaked Flycatcher
Myiomela leucura,White-tailed Robin
Myiopagis caniceps,Gray Elaenia
Myiopagis gaimardii,Forest Elaenia
Myiopagis viridicata,Greenish Elaenia
Myiophobus fasciatus,Bran-colored Flycatcher
Myiopsitta monachus,Monk Parakeet
Myiornis atricapillus,Black-capped Pygmy-Tyrant
Myiornis auricularis,Eared Pygmy-Tyrant
Myiornis ecaudatus,Short-tailed Pygmy-Tyrant
Myiotheretes striaticollis,Streak-throated Bush-Tyrant
Myiothlypis coronata,Russet-crowned Warbler
Myiothlypis flaveola,Flavescent Warbler
Myiothlypis fulvicauda,Buff-rumped Warbler
Myiothlypis leucoblephara,White-browed Warbler
Myiothlypis nigrocristata,Black-crested Warbler
Myiothlypis rivularis,Riverbank Warbler
Myiotriccus ornatus,Ornate Flycatcher
Myiozetetes cayanensis,Rusty-margined Flycatcher
Myiozetetes granadensis,Gray-capped Flycatcher
Myiozetetes similis,Social Flycatcher
Myophonus caeruleus,Blue Whistling-Thrush
Myophonus horsfieldii,Malabar Whistling-Thrush
Myrmeciza longipes,White-bellied Antbird
Myrmoborus leucophrys,White-browed Antbird
Myrmoborus myotherinus,Black-faced Antbird
Myrmophylax atrothorax,Black-throated Antbird
Myrmothera dives,Thicket Antpitta
Myrmotherula axillaris,White-flanked Antwren
Myrmotherula brachyura,Pygmy Antwren
Myrmotherula menetriesii,Gray Antwren
Myrmotherula pacifica,Pacific Antwren
Myrmotherula schisticolor,Slaty Antwren
Myzomela sanguinolenta,Scarlet Myzomela
Nannopterum auritum,Double-crested Cormorant
Nannopterum brasilianum,Neotropic Cormorant
Nasica longirostris,Long-billed Woodcreeper
Nectarinia famosa,Malachite Sunbird
Nemosia pileata,Hooded Tanager
Neoconocephalus bivocatus,False Robust Conehead
Neoconocephalus ensiger,Sword-bearing Conehead
Neoconocephalus retusus,Round-tipped Conehead
Neoconocephalus robustus,Robust Conehead
Neonemobius cubensis,Cuban Ground Cricket
Nesoptilotis flavicollis,Yellow-throated Honeyeater
Nilaus afer,Brubru
Niltava grandis,Large Niltava
Niltava macgrigoriae,Small Niltava
Ninox boobook,Southern Boobook
Ninox novaeseelandiae,Morepork
Ninox scutulata,Brown Boobook
Ninox strenua,Powerful Owl
Nisaetus cirrhatus,Changeable Hawk-Eagle
Noise,Noise
Notharchus hyperrhynchus,White-necked Puffbird
Notharchus tectus,Pied Puffbird
Nothura maculosa,Spotted Nothura
Nucifraga caryocatactes,Eurasian Nutcracker
Nucifraga columbiana,Clark's Nutcracker
Numenius americanus,Long-billed Curlew
Numenius arquata,Eurasian Curlew
Numenius phaeopus,Whimbrel
Numenius tahitiensis,Bristle-thighed Curlew
Numida meleagris,Helmeted Guineafowl
Nyctanassa violacea,Yellow-crowned Night-Heron
Nyctibius grandis,Great Potoo
Nyctibius griseus,Common Potoo
Nycticorax nycticorax,Black-crowned Night-Heron
Nyctidromus albicollis,Common Pauraque
Nystalus chacuru,White-eared Puffbird
Nystalus maculatus,Spot-backed Puffbird
Ochthoeca cinnamomeiventris,Slaty-backed Chat-Tyrant
Ochthoeca fumicolor,Brown-backed Chat-Tyrant
Ochthoeca rufipectoralis,Rufous-breasted Chat-Tyrant
Ocreatus underwoodii,Booted Racket-tail
Ocyceros birostris,Indian Gray Hornbill
Ocyceros griseus,Malabar Gray Hornbill
Odocoileus virginianus,White-tailed Deer
Odontophorus guttatus,Spotted Wood-Quail
Odontophorus hyperythrus,Chestnut Wood-Quail
Oecanthus celerinictus,Fast-calling Tree Cricket
Oecanthus exclamationis,Davis's Tree Cricket
Oecanthus fultoni,Snowy Tree Cricket
Oecanthus nigricornis,Blackhorned Tree Cricket
Oecanthus niveus,Narrow-winged Tree Cricket
Oecanthus pini,Pine Tree Cricket
Oecanthus quadripunctatus,Four-spotted Tree Cricket
Oenanthe fusca,Brown Rock Chat
Oenanthe isabellina,Isabelline Wheatear
Oenanthe oenanthe,Northern Wheatear
Oncostoma cinereigulare,Northern Bentbill
Onychoprion fuscatus,Sooty Tern
Onychoprion lunatus,Gray-backed Tern
Onychorhynchus coronatus,Royal Flycatcher
Opisthocomus hoazin,Hoatzin
Oporornis agilis,Connecticut Warbler
Orchelimum agile,Agile Meadow Katydid
Orchelimum concinnum,Stripe-faced Meadow Katydid
Orchelimum pulchellum,Handsome Meadow Katydid
Oreomystis bairdi,Akikiki
Oreortyx pictus,Mountain Quail
Oreoscoptes montanus,Sage Thrasher
Oreothlypis superciliosa,Crescent-chested Warbler
Oriolus chinensis,Black-naped Oriole
Oriolus flavocinctus,Green Oriole
Oriolus kundoo,Indian Golden Oriole
Oriolus larvatus,African Black-headed Oriole
Oriolus oriolus,Eurasian Golden Oriole
Oriolus sagittatus,Olive-backed Oriole
Oriolus traillii,Maroon Oriole
Oriolus xanthornus,Black-hooded Oriole
Ornithion brunneicapillus,Brown-capped Tyrannulet
Ornithion inerme,White-lored Tyrannulet
Orocharis saltator,Jumping Bush Cricket
Ortalis canicollis,Chaco Chachalaca
Ortalis cinereiceps,Gray-headed Chachalaca
Ortalis columbiana,Colombian Chachalaca
Ortalis guttata,Speckled Chachalaca
Ortalis leucogastra,White-bellied Chachalaca
Ortalis poliocephala,West Mexican Chachalaca
Ortalis ruficauda,Rufous-vented Chachalaca
Ortalis vetula,Plain Chachalaca
Orthopsittaca manilatus,Red-bellied Macaw
Orthotomus atrogularis,Dark-necked Tailorbird
Orthotomus ruficeps,Ashy Tailorbird
Orthotomus sericeus,Rufous-tailed Tailorbird
Orthotomus sutorius,Common Tailorbird
Ortygornis pondicerianus,Gray Francolin
Otus bakkamoena,Indian Scops-Owl
Otus lettia,Collared Scops-Owl
Otus scops,Eurasian Scops-Owl
Otus spilocephalus,Mountain Scops-Owl
Oxyura jamaicensis,Ruddy Duck
Pachycephala pectoralis,Golden Whistler
Pachycephala rufiventris,Rufous Whistler
Pachyramphus aglaiae,Rose-throated Becard
Pachyramphus castaneus,Chestnut-crowned Becard
Pachyramphus cinnamomeus,Cinnamon Becard
Pachyramphus polychopterus,White-winged Becard
Pachyramphus validus,Crested Becard
Pachyramphus versicolor,Barred Becard
Pachyramphus viridis,Green-backed Becard
Pachysylvia aurantiifrons,Golden-fronted Greenlet
Pachysylvia decurtata,Lesser Greenlet
Pachysylvia hypoxantha,Dusky-capped Greenlet
Pachysylvia semibrunnea,Rufous-naped Greenlet
Padda oryzivora,Java Sparrow
Palmeria dolei,Akohekohe
Pandion haliaetus,Osprey
Panurus biarmicus,Bearded Reedling
Parabuteo unicinctus,Harris's Hawk
Pardalotus punctatus,Spotted Pardalote
Pardalotus striatus,Striated Pardalote
Pardirallus nigricans,Blackish Rail
Pardirallus sanguinolentus,Plumbeous Rail
Parkesia motacilla,Louisiana Waterthrush
Parkesia noveboracensis,Northern Waterthrush
Paroaria capitata,Yellow-billed Cardinal
Paroaria coronata,Red-crested Cardinal
Paroreomyza montana,Maui Alauahio
Parus cinereus,Cinereous Tit
Parus major,Great Tit
Parus minor,Japanese Tit
Parus monticolus,Green-backed Tit
Passer cinnamomeus,Russet Sparrow
Passer domesticus,House Sparrow
Passer griseus,Northern Gray-headed Sparrow
Passer hispaniolensis,Spanish Sparrow
Passer italiae,Italian Sparrow
Passer montanus,Eurasian Tree Sparrow
Passerculus sandwichensis,Savannah Sparrow
Passerella iliaca,Fox Sparrow
Passerina amoena,Lazuli Bunting
Passerina caerulea,Blue Grosbeak
Passerina ciris,Painted Bunting
Passerina cyanea,Indigo Bunting
Passerina versicolor,Varied Bunting
Pastor roseus,Rosy Starling
Patagioenas cayennensis,Pale-vented Pigeon
Patagioenas fasciata,Band-tailed Pigeon
Patagioenas flavirostris,Red-billed Pigeon
Patagioenas nigrirostris,Short-billed Pigeon
Patagioenas picazuro,Picazuro Pigeon
Patagioenas plumbea,Plumbeous Pigeon
Patagioenas speciosa,Scaled Pigeon
Patagioenas subvinacea,Ruddy Pigeon
Patagona gigas,Giant Hummingbird
Pavo cristatus,Indian Peafowl
Pelargopsis capensis,Stork-billed Kingfisher
Pellorneum ruficeps,Puff-throated Babbler
Penelope jacquacu,Spix's Guan
Penelope montagnii,Andean Guan
Penelope obscura,Dusky-legged Guan
Penelope purpurascens,Crested Guan
Perdicula asiatica,Jungle Bush-Quail
Perdix perdix,Gray Partridge
Pericrocotus cinnamomeus,Small Minivet
Pericrocotus divaricatus,Ashy Minivet
Pericrocotus ethologus,Long-tailed Minivet
Pericrocotus flammeus,Orange Minivet
Pericrocotus speciosus,Scarlet Minivet
Periparus ater,Coal Tit
Perisoreus canadensis,Canada Jay
Pernis apivorus,European Honey-buzzard
Pernis ptilorhynchus,Oriental Honey-buzzard
Petrochelidon fulva,Cave Swallow
Petrochelidon pyrrhonota,Cliff Swallow
Petroica macrocephala,Tomtit
Petronia petronia,Rock Sparrow
Peucaea aestivalis,Bachman's Sparrow
Peucaea botterii,Botteri's Sparrow
Peucaea carpalis,Rufous-winged Sparrow
Peucaea cassinii,Cassin's Sparrow
Peucaea ruficauda,Stripe-headed Sparrow
Peucedramus taeniatus,Olive Warbler
Phacellodomus ruber,Greater Thornbird
Phacellodomus rufifrons,Rufous-fronted Thornbird
Phacellodomus striaticollis,Freckle-breasted Thornbird
Phaeochroa cuvierii,Scaly-breasted Hummingbird
Phaeomyias murina,Mouse-colored Tyrannulet
Phaethon lepturus,White-tailed Tropicbird
Phaethon rubricauda,Red-tailed Tropicbird
Phaethornis eurynome,Scale-throated Hermit
Phaethornis guy,Green Hermit
Phaethornis longirostris,Long-billed Hermit
Phaethornis ruber,Reddish Hermit
Phaethornis striigularis,Stripe-throated Hermit
Phaethornis yaruqui,White-whiskered Hermit
Phaetusa simplex,Large-billed Tern
Phainopepla nitens,Phainopepla
Phalacrocorax carbo,Great Cormorant
Phalaenoptilus nuttallii,Common Poorwill
Phalaropus fulicarius,Red Phalarope
Phalaropus lobatus,Red-necked Phalarope
Phalaropus tricolor,Wilson's Phalarope
Pharomachrus auriceps,Golden-headed Quetzal
Pharomachrus mocinno,Resplendent Quetzal
Phasianus colchicus,Ring-necked Pheasant
Pheucticus aureoventris,Black-backed Grosbeak
Pheucticus chrysogaster,Golden Grosbeak
Pheucticus chrysopeplus,Yellow Grosbeak
Pheucticus ludovicianus,Rose-breasted Grosbeak
Pheucticus melanocephalus,Black-headed Grosbeak
Pheugopedius atrogularis,Black-throated Wren
Pheugopedius coraya,Coraya Wren
Pheugopedius euophrys,Plain-tailed Wren
Pheugopedius fasciatoventris,Black-bellied Wren
Pheugopedius felix,Happy Wren
Pheugopedius genibarbis,Moustached Wren
Pheugopedius maculipectus,Spot-breasted Wren
Pheugopedius mystacalis,Whiskered Wren
Pheugopedius rutilus,Rufous-breasted Wren
Pheugopedius sclateri,Speckle-breasted Wren
Philemon buceroides,Helmeted Friarbird
Philemon citreogularis,Little Friarbird
Philemon corniculatus,Noisy Friarbird
Phleocryptes melanops,Wren-like Rushbird
Phoebastria immutabilis,Laysan Albatross
Phoebastria nigripes,Black-footed Albatross
Phoenicopterus roseus,Greater Flamingo
Phoeniculus purpureus,Green Woodhoopoe
Phoenicurus auroreus,Daurian Redstart
Phoenicurus fuliginosus,Plumbeous Redstart
Phoenicurus ochruros,Black Redstart
Phoenicurus phoenicurus,Common Redstart
Phrygilus gayi,Gray-hooded Sierra Finch
Phrygilus patagonicus,Patagonian Sierra Finch
Phylidonyris novaehollandiae,New Holland Honeyeater
Phylidonyris pyrrhopterus,Crescent Honeyeater
Phyllergates cucullatus,Mountain Tailorbird
Phyllomyias fasciatus,Planalto Tyrannulet
Phyllomyias griseiceps,Sooty-headed Tyrannulet
Phyllomyias nigrocapillus,Black-capped Tyrannulet
Phyllopalpus pulchellus,Handsome Trig
Phylloscartes ophthalmicus,Marble-faced Bristle-Tyrant
Phylloscartes ventralis,Mottle-cheeked Tyrannulet
Phylloscopus bonelli,Western Bonelli's Warbler
Phylloscopus borealis,Arctic Warbler
Phylloscopus collybita,Common Chiffchaff
Phylloscopus coronatus,Eastern Crowned Warbler
Phylloscopus fuscatus,Dusky Warbler
Phylloscopus humei,Hume's Warbler
Phylloscopus ibericus,Iberian Chiffchaff
Phylloscopus inornatus,Yellow-browed Warbler
Phylloscopus maculipennis,Ashy-throated Warbler
Phylloscopus magnirostris,Large-billed Leaf Warbler
Phylloscopus nitidus,Green Warbler
Phylloscopus plumbeitarsus,Two-barred Warbler
Phylloscopus proregulus,Pallas's Leaf Warbler
Phylloscopus pulcher,Buff-barred Warbler
Phylloscopus reguloides,Blyth's Leaf Warbler
Phylloscopus schwarzi,Radde's Warbler
Phylloscopus sibilatrix,Wood Warbler
Phylloscopus tenellipes,Pale-legged Leaf Warbler
Phylloscopus trochiloides,Greenish Warbler
Phylloscopus trochilus,Willow Warbler
Phylloscopus whistleri,Whistler's Warbler
Phylloscopus xanthoschistos,Gray-hooded Warbler
Phytotoma rutila,White-tipped Plantcutter
Piaya cayana,Squirrel Cuckoo
Pica hudsonia,Black-billed Magpie
Pica nuttalli,Yellow-billed Magpie
Pica pica,Eurasian Magpie
Picoides arcticus,Black-backed Woodpecker
Picoides dorsalis,American Three-toed Woodpecker
Piculus flavigula,Yellow-throated Woodpecker
Picumnus cirratus,White-barred Piculet
Picumnus temminckii,Ochre-collared Piculet
Picus canus,Gray-headed Woodpecker
Picus chlorolophus,Lesser Yellownape
Picus sharpei,Iberian Green Woodpecker
Picus viridis,Eurasian Green Woodpecker
Pinicola enucleator,Pine Grosbeak
Pionites melanocephalus,Black-headed Parrot
Pionus chalcopterus,Bronze-winged Parrot
Pionus maximiliani,Scaly-headed Parrot
Pionus menstruus,Blue-headed Parrot
Pionus senilis,White-crowned Parrot
Pionus sordidus,Red-billed Parrot
Pionus tumultuosus,Speckle-faced Parrot
Pipile cumanensis,Blue-throated Piping-Guan
Pipilo chlorurus,Green-tailed Towhee
Pipilo erythrophthalmus,Eastern Towhee
Pipilo maculatus,Spotted Towhee
Pipra fasciicauda,Band-tailed Manakin
Pipraeidea melanonota,Fawn-breasted Tanager
Pipreola riefferii,Green-and-black Fruiteater
Piprites chloris,Wing-barred Piprites
Piranga bidentata,Flame-colored Tanager
Piranga flava,Hepatic Tanager
Piranga leucoptera,White-winged Tanager
Piranga ludoviciana,Western Tanager
Piranga olivacea,Scarlet Tanager
Piranga rubra,Summer Tanager
Pitangus lictor,Lesser Kiskadee
Pitangus sulphuratus,Great Kiskadee
Pitta brachyura,Indian Pitta
Platycercus caledonicus,Green Rosella
Platycercus elegans,Crimson Rosella
Platycercus eximius,Eastern Rosella
Platyrinchus coronatus,Golden-crowned Spadebill
Platyrinchus mystaceus,White-throated Spadebill
Platysteira cyanea,Brown-throated Wattle-eye
Plectrophenax nivalis,Snow Bunting
Plegadis chihi,White-faced Ibis
Plegadis falcinellus,Glossy Ibis
Plocepasser mahali,White-browed Sparrow-Weaver
Ploceus cucullatus,Village Weaver
Ploceus manyar,Streaked Weaver
Ploceus philippinus,Baya Weaver
Pluvialis apricaria,European Golden-Plover
Pluvialis dominica,American Golden-Plover
Pluvialis fulva,Pacific Golden-Plover
Pluvialis squatarola,Black-bellied Plover
Pnoepyga pusilla,Pygmy Cupwing
Podiceps auritus,Horned Grebe
Podiceps cristatus,Great Crested Grebe
Podiceps grisegena,Red-necked Grebe
Podiceps nigricollis,Eared Grebe
Podilymbus podiceps,Pied-billed Grebe
Poecile atricapillus,Black-capped Chickadee
Poecile carolinensis,Carolina Chickadee
Poecile gambeli,Mountain Chickadee
Poecile hudsonicus,Boreal Chickadee
Poecile montanus,Willow Tit
Poecile palustris,Marsh Tit
Poecile rufescens,Chestnut-backed Chickadee
Poecile sclateri,Mexican Chickadee
Poecilotriccus plumbeiceps,Ochre-faced Tody-Flycatcher
Poecilotriccus sylvia,Slate-headed Tody-Flycatcher
Pogoniulus bilineatus,Yellow-rumped Tinkerbird
Pogoniulus chrysoconus,Yellow-fronted Tinkerbird
Pogoniulus pusillus,Red-fronted Tinkerbird
Poliocrania exsul,Chestnut-backed Antbird
Polioptila albiloris,White-lored Gnatcatcher
Polioptila bilineata,White-browed Gnatcatcher
Polioptila caerulea,Blue-gray Gnatcatcher
Polioptila californica,California Gnatcatcher
Polioptila dumicola,Masked Gnatcatcher
Polioptila melanura,Black-tailed Gnatcatcher
Polioptila nigriceps,Black-capped Gnatcatcher
Polioptila plumbea,Tropical Gnatcatcher
Pomatorhinus horsfieldii,Indian Scimitar-Babbler
Pomatorhinus musicus,Taiwan Scimitar-Babbler
Pomatorhinus ruficollis,Streak-breasted Scimitar-Babbler
Pomatorhinus schisticeps,White-browed Scimitar-Babbler
Poodytes gramineus,Little Grassbird
Pooecetes gramineus,Vesper Sparrow
Poospiza nigrorufa,Black-and-rufous Warbling Finch
Porphyrio martinica,Purple Gallinule
Porphyrio melanotus,Australasian Swamphen
Porphyrio poliocephalus,Gray-headed Swamphen
Porphyrio porphyrio,Western Swamphen
Porzana carolina,Sora
Porzana porzana,Spotted Crake
Power tools,Power tools
Premnoplex brunnescens,Spotted Barbtail
Prinia flaviventris,Yellow-bellied Prinia
Prinia gracilis,Graceful Prinia
Prinia hodgsonii,Gray-breasted Prinia
Prinia inornata,Plain Prinia
Prinia maculosa,Karoo Prinia
Prinia rufescens,Rufescent Prinia
Prinia socialis,Ashy Prinia
Prinia subflava,Tawny-flanked Prinia
Prinia sylvatica,Jungle Prinia
Procnias nudicollis,Bare-throated Bellbird
Procnias tricarunculatus,Three-wattled Bellbird
Progne chalybea,Gray-breasted Martin
Progne subis,Purple Martin
Progne tapera,Brown-chested Martin
Prosthemadera novaeseelandiae,Tui
Protonotaria citrea,Prothonotary Warbler
Prunella collaris,Alpine Accentor
Prunella modularis,Dunnock
Psaltriparus minimus,Bushtit
Psarocolius angustifrons,Russet-backed Oropendola
Psarocolius bifasciatus,Olive Oropendola
Psarocolius decumanus,Crested Oropendola
Psarocolius montezuma,Montezuma Oropendola
Psarocolius wagleri,Chestnut-headed Oropendola
Pseudacris brimleyi,Brimley's Chorus Frog
Pseudacris clarkii,Spotted Chorus Frog
Pseudacris crucifer,Spring Peeper
Pseudacris feriarum,Upland Chorus Frog
Pseudacris nigrita,Southern Chorus Frog
Pseudacris ocularis,Little Grass Frog
Pseudacris ornata,Ornate Chorus Frog
Pseudacris streckeri,Strecker's Chorus Frog
Pseudacris triseriata,Striped Chorus Frog
Pseudasthenes humicola,Dusky-tailed Canastero
Pseudibis papillosa,Red-naped Ibis
Pseudocolaptes boissonneautii,Streaked Tuftedcheek
Pseudoleistes guirahuro,Yellow-rumped Marshbird
Pseudoleistes virescens,Brown-and-yellow Marshbird
Pseudonestor xanthophrys,Maui Parrotbill
Pseudopipra pipra,White-crowned Manakin
Pseudoseisura lophotes,Brown Cacholote
Psilopogon asiaticus,Blue-throated Barbet
Psilopogon chrysopogon,Gold-whiskered Barbet
Psilopogon duvaucelii,Blue-eared Barbet
Psilopogon franklinii,Golden-throated Barbet
Psilopogon haemacephalus,Coppersmith Barbet
Psilopogon lineatus,Lineated Barbet
Psilopogon malabaricus,Malabar Barbet
Psilopogon mystacophanos,Red-throated Barbet
Psilopogon nuchalis,Taiwan Barbet
Psilopogon virens,Great Barbet
Psilopogon viridis,White-cheeked Barbet
Psilopogon zeylanicus,Brown-headed Barbet
Psilorhinus morio,Brown Jay
Psiloscops flammeolus,Flammulated Owl
Psittacara erythrogenys,Red-masked Parakeet
Psittacara holochlorus,Green Parakeet
Psittacara leucophthalmus,White-eyed Parakeet
Psittacara mitratus,Mitred Parakeet
Psittacara wagleri,Scarlet-fronted Parakeet
Psittacula alexandri,Red-breasted Parakeet
Psittacula columboides,Malabar Parakeet
Psittacula cyanocephala,Plum-headed Parakeet
Psittacula eupatria,Alexandrine Parakeet
Psittacula krameri,Rose-ringed Parakeet
Psittacus erithacus,Gray Parrot
Psophodes olivaceus,Eastern Whipbird
Pternistis erckelii,Erckel's Francolin
Pterocles exustus,Chestnut-bellied Sandgrouse
Pterodroma cookii,Cook's Petrel
Pterodroma externa,Juan Fernandez Petrel
Pterodroma inexpectata,Mottled Petrel
Pterodroma neglecta,Kermadec Petrel
Pterodroma nigripennis,Black-winged Petrel
Pterodroma sandwichensis,Hawaiian Petrel
Pteroglossus aracari,Black-necked Aracari
Pteroglossus castanotis,Chestnut-eared Aracari
Pteroglossus torquatus,Collared Aracari
Pterophylla camellifolia,Common True Katydid
Pteroptochos megapodius,Moustached Turca
Pterorhinus chinensis,Black-throated Laughingthrush
Pteruthius aeralatus,Blyth's Shrike-Babbler
Ptilinopus magnificus,Wompoo Fruit-Dove
Ptiliogonys caudatus,Long-tailed Silky-flycatcher
Ptiliogonys cinereus,Gray Silky-flycatcher
Ptilonorhynchus violaceus,Satin Bowerbird
Ptilotula fusca,Fuscous Honeyeater
Ptilotula penicillata,White-plumed Honeyeater
Ptyonoprogne rupestris,Eurasian Crag-Martin
Puffinus nativitatis,Christmas Shearwater
Puffinus newelli,Newell's Shearwater
Puffinus puffinus,Manx Shearwater
Pulsatrix perspicillata,Spectacled Owl
Purnella albifrons,White-fronted Honeyeater
Pycnonotus aurigaster,Sooty-headed Bulbul
Pycnonotus barbatus,Common Bulbul
Pycnonotus cafer,Red-vented Bulbul
Pycnonotus goiavier,Yellow-vented Bulbul
Pycnonotus jocosus,Red-whiskered Bulbul
Pycnonotus leucogenys,Himalayan Bulbul
Pycnonotus luteolus,White-browed Bulbul
Pycnonotus plumosus,Olive-winged Bulbul
Pycnonotus sinensis,Light-vented Bulbul
Pycnonotus xanthopygos,White-spectacled Bulbul
Pygochelidon cyanoleuca,Blue-and-white Swallow
Pyriglena leucoptera,White-shouldered Fire-eye
Pyrilia haematotis,Brown-hooded Parrot
Pyrocephalus rubinus,Vermilion Flycatcher
Pyroderus scutatus,Red-ruffed Fruitcrow
Pyrrhocorax graculus,Yellow-billed Chough
Pyrrhocorax pyrrhocorax,Red-billed Chough
Pyrrhomyias cinnamomeus,Cinnamon Flycatcher
Pyrrhula pyrrhula,Eurasian Bullfinch
Pyrrhura frontalis,Maroon-bellied Parakeet
Pyrrhura melanura,Maroon-tailed Parakeet
Querula purpurata,Purple-throated Fruitcrow
Quiscalus lugubris,Carib Grackle
Quiscalus major,Boat-tailed Grackle
Quiscalus mexicanus,Great-tailed Grackle
Quiscalus quiscula,Common Grackle
Rallus aquaticus,Water Rail
Rallus crepitans,Clapper Rail
Rallus elegans,King Rail
Rallus limicola,Virginia Rail
Rallus obsoletus,Ridgway's Rail
Ramphastos ambiguus,Yellow-throated Toucan
Ramphastos brevis,Choco Toucan
Ramphastos dicolorus,Red-breasted Toucan
Ramphastos sulfuratus,Keel-billed Toucan
Ramphastos toco,Toco Toucan
Ramphastos tucanus,White-throated Toucan
Ramphastos vitellinus,Channel-billed Toucan
Ramphocaenus melanurus,Long-billed Gnatwren
Ramphocelus bresilius,Brazilian Tanager
Ramphocelus carbo,Silver-beaked Tanager
Ramphocelus dimidiatus,Crimson-backed Tanager
Ramphocelus flammigerus,Flame-rumped Tanager
Ramphocelus passerinii,Scarlet-rumped Tanager
Recurvirostra americana,American Avocet
Recurvirostra avosetta,Pied Avocet
Regulus ignicapilla,Common Firecrest
Regulus regulus,Goldcrest
Regulus satrapa,Golden-crowned Kinglet
Remiz pendulinus,Eurasian Penduline-Tit
Rhipidura albicollis,White-throated Fantail
Rhipidura albiscapa,Gray Fantail
Rhipidura albogularis,Spot-breasted Fantail
Rhipidura aureola,White-browed Fantail
Rhipidura fuliginosa,New Zealand Fantail
Rhipidura javanica,Malaysian Pied-Fantail
Rhipidura leucophrys,Willie-wagtail
Rhipidura rufifrons,Rufous Fantail
Rhipidura rufiventris,Northern Fantail
Rhodinocichla rosea,Rosy Thrush-Tanager
Rhopospina fruticeti,Mourning Sierra Finch
Rhynchocyclus olivaceus,Olivaceous Flatbill
Rhynchophanes mccownii,Thick-billed Longspur
Rhynchotus rufescens,Red-winged Tinamou
Rhytipterna holerythra,Rufous Mourner
Rhytipterna simplex,Grayish Mourner
Riparia riparia,Bank Swallow
Rissa tridactyla,Black-legged Kittiwake
Rostrhamus sociabilis,Snail Kite
Rubigula erythropthalmos,Spectacled Bulbul
Rubigula flaviventris,Black-crested Bulbul
Rubigula gularis,Flame-throated Bulbul
Rupicola peruvianus,Andean Cock-of-the-rock
Rupornis magnirostris,Roadside Hawk
Rynchops niger,Black Skimmer
Sakesphorus canadensis,Black-crested Antshrike
Salpinctes obsoletus,Rock Wren
Saltator atriceps,Black-headed Saltator
Saltator atripennis,Black-winged Saltator
Saltator aurantiirostris,Golden-billed Saltator
Saltator coerulescens,Blue-gray Saltator
Saltator grandis,Cinnamon-bellied Saltator
Saltator grossus,Slate-colored Grosbeak
Saltator maximus,Buff-throated Saltator
Saltator olivascens,Olivaceous Saltator
Saltator similis,Green-winged Saltator
Saltator striatipectus,Streaked Saltator
Saxicola caprata,Pied Bushchat
Saxicola ferreus,Gray Bushchat
Saxicola rubetra,Whinchat
Saxicola rubicola,European Stonechat
Saxicola torquatus,African Stonechat
Sayornis nigricans,Black Phoebe
Sayornis phoebe,Eastern Phoebe
Sayornis saya,Say's Phoebe
Scaphiopus couchii,Couch's Spadefoot
Scelorchilus rubecula,Chucao Tapaculo
Schiffornis veraepacis,Northern Schiffornis
Schiffornis virescens,Greenish Schiffornis
Schoeniophylax phryganophilus,Chotoy Spinetail
Schoeniparus brunneus,Dusky Fulvetta
Sciaphylax hemimelaena,Chestnut-tailed Antbird
Sciurus carolinensis,Eastern Gray Squirrel
Sclateria naevia,Silvered Antbird
Scolopax minor,American Woodcock
Scolopax rusticola,Eurasian Woodcock
Scudderia curvicauda,Curve-tailed Bush Katydid
Scudderia furcata,Fork-tailed Bush Katydid
Scudderia texensis,Texas Bush Katydid
Scytalopus argentifrons,Silvery-fronted Tapaculo
Scytalopus fuscus,Dusky Tapaculo
Scytalopus latrans,Blackish Tapaculo
Scytalopus magellanicus,Magellanic Tapaculo
Scytalopus spillmanni,Spillmann's Tapaculo
Scytalopus vicinior,Nario Tapaculo
Scythrops novaehollandiae,Channel-billed Cuckoo
Seiurus aurocapilla,Ovenbird
Selasphorus calliope,Calliope Hummingbird
Selasphorus platycercus,Broad-tailed Hummingbird
Selasphorus rufus,Rufous Hummingbird
Selasphorus sasin,Allen's Hummingbird
Semnornis ramphastinus,Toucan Barbet
Sephanoides sephaniodes,Green-backed Firecrown
Sericornis frontalis,White-browed Scrubwren
Sericornis humilis,Tasmanian Scrubwren
Serinus canaria,Island Canary
Serinus serinus,European Serin
Serpophaga griseicapilla,Straneck's Tyrannulet
Serpophaga subcristata,White-crested Tyrannulet
Setophaga americana,Northern Parula
Setophaga caerulescens,Black-throated Blue Warbler
Setophaga castanea,Bay-breasted Warbler
Setophaga cerulea,Cerulean Warbler
Setophaga chrysoparia,Golden-cheeked Warbler
Setophaga citrina,Hooded Warbler
Setophaga coronata,Yellow-rumped Warbler
Setophaga discolor,Prairie Warbler
Setophaga dominica,Yellow-throated Warbler
Setophaga fusca,Blackburnian Warbler
Setophaga graciae,Grace's Warbler
Setophaga kirtlandii,Kirtland's Warbler
Setophaga magnolia,Magnolia Warbler
Setophaga nigrescens,Black-throated Gray Warbler
Setophaga occidentalis,Hermit Warbler
Setophaga palmarum,Palm Warbler
Setophaga pensylvanica,Chestnut-sided Warbler
Setophaga petechia,Yellow Warbler
Setophaga pinus,Pine Warbler
Setophaga pitiayumi,Tropical Parula
Setophaga ruticilla,American Redstart
Setophaga striata,Blackpoll Warbler
Setophaga tigrina,Cape May Warbler
Setophaga townsendi,Townsend's Warbler
Setophaga virens,Black-throated Green Warbler
Sialia currucoides,Mountain Bluebird
Sialia mexicana,Western Bluebird
Sialia sialis,Eastern Bluebird
Sicalis flaveola,Saffron Finch
Sicalis luteola,Grassland Yellow-Finch
Sicalis olivascens,Greenish Yellow-Finch
Sinosuthora webbiana,Vinous-throated Parrotbill
Siren,Siren
Sirystes sibilator,Sibilant Sirystes
Sitta canadensis,Red-breasted Nuthatch
Sitta carolinensis,White-breasted Nuthatch
Sitta europaea,Eurasian Nuthatch
Sitta frontalis,Velvet-fronted Nuthatch
Sitta himalayensis,White-tailed Nuthatch
Sitta pusilla,Brown-headed Nuthatch
Sitta pygmaea,Pygmy Nuthatch
Sittasomus griseicapillus,Olivaceous Woodcreeper
Sittiparus varius,Varied Tit
Smicrornis brevirostris,Weebill
Somateria mollissima,Common Eider
Spatula clypeata,Northern Shoveler
Spatula cyanoptera,Cinnamon Teal
Spatula discors,Blue-winged Teal
Spatula querquedula,Garganey
Spea bombifrons,Plains Spadefoot
Sphecotheres vieilloti,Australasian Figbird
Sphyrapicus nuchalis,Red-naped Sapsucker
Sphyrapicus ruber,Red-breasted Sapsucker
Sphyrapicus thyroideus,Williamson's Sapsucker
Sphyrapicus varius,Yellow-bellied Sapsucker
Spilornis cheela,Crested Serpent-Eagle
Spinus barbatus,Black-chinned Siskin
Spinus lawrencei,Lawrence's Goldfinch
Spinus magellanicus,Hooded Siskin
Spinus pinus,Pine Siskin
Spinus psaltria,Lesser Goldfinch
Spinus spinus,Eurasian Siskin
Spinus tristis,American Goldfinch
Spinus xanthogastrus,Yellow-bellied Siskin
Spiza americana,Dickcissel
Spizaetus ornatus,Ornate Hawk-Eagle
Spizaetus tyrannus,Black Hawk-Eagle
Spizella atrogularis,Black-chinned Sparrow
Spizella breweri,Brewer's Sparrow
Spizella pallida,Clay-colored Sparrow
Spizella passerina,Chipping Sparrow
Spizella pusilla,Field Sparrow
Spizelloides arborea,American Tree Sparrow
Sporophila angolensis,Chestnut-bellied Seed-Finch
Sporophila caerulescens,Double-collared Seedeater
Sporophila corvina,Variable Seedeater
Sporophila funerea,Thick-billed Seed-Finch
Sporophila lineola,Lined Seedeater
Sporophila luctuosa,Black-and-white Seedeater
Sporophila minuta,Ruddy-breasted Seedeater
Sporophila morelleti,Morelet's Seedeater
Sporophila nigricollis,Yellow-bellied Seedeater
Sporophila torqueola,Cinnamon-rumped Seedeater
Stachyris nigriceps,Gray-throated Babbler
Stelgidopteryx ruficollis,Southern Rough-winged Swallow
Stelgidopteryx serripennis,Northern Rough-winged Swallow
Stephanophorus diadematus,Diademed Tanager
Stercorarius longicaudus,Long-tailed Jaeger
Stercorarius maccormicki,South Polar Skua
Stercorarius parasiticus,Parasitic Jaeger
Stercorarius pomarinus,Pomarine Jaeger
Sterna aurantia,River Tern
Sterna dougallii,Roseate Tern
Sterna forsteri,Forster's Tern
Sterna hirundo,Common Tern
Sterna paradisaea,Arctic Tern
Sternula albifrons,Little Tern
Sternula antillarum,Least Tern
Stigmatura budytoides,Greater Wagtail-Tyrant
Stilpnia cayana,Burnished-buff Tanager
Stilpnia larvata,Golden-hooded Tanager
Strepera graculina,Pied Currawong
Strepera versicolor,Gray Currawong
Streptopelia capicola,Ring-necked Dove
Streptopelia chinensis,Spotted Dove
Streptopelia decaocto,Eurasian Collared-Dove
Streptopelia decipiens,Mourning Collared-Dove
Streptopelia orientalis,Oriental Turtle-Dove
Streptopelia semitorquata,Red-eyed Dove
Streptopelia senegalensis,Laughing Dove
Streptopelia turtur,European Turtle-Dove
Streptopelia vinacea,Vinaceous Dove
Streptoprocne zonaris,White-collared Swift
Strix aluco,Tawny Owl
Strix nebulosa,Great Gray Owl
Strix occidentalis,Spotted Owl
Strix varia,Barred Owl
Sturnella magna,Eastern Meadowlark
Sturnella neglecta,Western Meadowlark
Sturnia malabarica,Chestnut-tailed Starling
Sturnia pagodarum,Brahminy Starling
Sturnus unicolor,Spotless Starling
Sturnus vulgaris,European Starling
Suiriri suiriri,Suiriri Flycatcher
Sula dactylatra,Masked Booby
Sula leucogaster,Brown Booby
Sula sula,Red-footed Booby
Surnia ulula,Northern Hawk Owl
Surniculus lugubris,Square-tailed Drongo-Cuckoo
Sylvia atricapilla,Eurasian Blackcap
Sylvia borin,Garden Warbler
Sylvietta rufescens,Cape Crombec
Sylvietta whytii,Red-faced Crombec
Sylviorthorhynchus desmursii,Des Murs's Wiretail
Symposiachrus trivirgatus,Spectacled Monarch
Synallaxis albescens,Pale-breasted Spinetail
Synallaxis azarae,Azara's Spinetail
Synallaxis brachyura,Slaty Spinetail
Synallaxis erythrothorax,Rufous-breasted Spinetail
Synallaxis frontalis,Sooty-fronted Spinetail
Synallaxis gujanensis,Plain-crowned Spinetail
Synallaxis ruficapilla,Rufous-capped Spinetail
Synallaxis spixi,Spix's Spinetail
Synallaxis unirufa,Rufous Spinetail
Syndactyla rufosuperciliata,Buff-browed Foliage-gleaner
Syndactyla subalaris,Lineated Foliage-gleaner
Synoicus ypsilophorus,Brown Quail
Syrigma sibilatrix,Whistling Heron
Systellura longirostris,Band-winged Nightjar
Tachuris rubrigastra,Many-colored Rush Tyrant
Tachybaptus dominicus,Least Grebe
Tachybaptus ruficollis,Little Grebe
Tachycineta bicolor,Tree Swallow
Tachycineta thalassina,Violet-green Swallow
Tachyphonus coronatus,Ruby-crowned Tanager
Tachyphonus delatrii,Tawny-crested Tanager
Tachyphonus rufus,White-lined Tanager
Tadorna ferruginea,Ruddy Shelduck
Tadorna tadorna,Common Shelduck
Taenioptynx brodiei,Collared Owlet
Tamias striatus,Eastern Chipmunk
Tamiasciurus hudsonicus,Red Squirrel
Tangara arthus,Golden Tanager
Tangara chilensis,Paradise Tanager
Tangara gyrola,Bay-headed Tanager
Tapera naevia,Striped Cuckoo
Taraba major,Great Antshrike
Tarphonomus certhioides,Chaco Earthcreeper
Tarsiger cyanurus,Red-flanked Bluetail
Tchagra australis,Brown-crowned Tchagra
Tchagra senegalus,Black-crowned Tchagra
Telophorus sulfureopectus,Sulphur-breasted Bushshrike
Telophorus zeylonus,Bokmakierie
Tephrodornis pondicerianus,Common Woodshrike
Terenotriccus erythrurus,Ruddy-tailed Flycatcher
Terenura maculata,Streak-capped Antwren
Terpsiphone paradisi,Indian Paradise-Flycatcher
Terpsiphone viridis,African Paradise-Flycatcher
Tersina viridis,Swallow Tanager
Thalasseus bergii,Great Crested Tern
Thalasseus elegans,Elegant Tern
Thalasseus maximus,Royal Tern
Thalasseus sandvicensis,Sandwich Tern
Thalurania glaucopis,Violet-capped Woodnymph
Thamnistes anabatinus,Russet Antshrike
Thamnomanes ardesiacus,Dusky-throated Antshrike
Thamnomanes caesius,Cinereous Antshrike
Thamnophilus atrinucha,Black-crowned Antshrike
Thamnophilus bridgesi,Black-hooded Antshrike
Thamnophilus caerulescens,Variable Antshrike
Thamnophilus doliatus,Barred Antshrike
Thamnophilus multistriatus,Bar-crested Antshrike
Thamnophilus murinus,Mouse-colored Antshrike
Thamnophilus palliatus,Chestnut-backed Antshrike
Thamnophilus ruficapillus,Rufous-capped Antshrike
Thamnophilus schistaceus,Plain-winged Antshrike
Thectocercus acuticaudatus,Blue-crowned Parakeet
Theristicus caerulescens,Plumbeous Ibis
Theristicus caudatus,Buff-necked Ibis
Theristicus melanopis,Black-faced Ibis
Thlypopsis sordida,Orange-headed Tanager
Thlypopsis superciliaris,Superciliaried Hemispingus
Thraupis abbas,Yellow-winged Tanager
Thraupis episcopus,Blue-gray Tanager
Thraupis palmarum,Palm Tanager
Thraupis sayaca,Sayaca Tanager
Thryomanes bewickii,Bewick's Wren
Thryophilus pleurostictus,Banded Wren
Thryophilus rufalbus,Rufous-and-white Wren
Thryophilus sinaloa,Sinaloa Wren
Thryothorus ludovicianus,Carolina Wren
Tiaris olivaceus,Yellow-faced Grassquit
Tigrisoma lineatum,Rufescent Tiger-Heron
Tinamus major,Great Tinamou
Tityra cayana,Black-tailed Tityra
Tityra semifasciata,Masked Tityra
Todiramphus chloris,Collared Kingfisher
Todiramphus sanctus,Sacred Kingfisher
Todirostrum chrysocrotaphum,Yellow-browed Tody-Flycatcher
Todirostrum cinereum,Common Tody-Flycatcher
Todirostrum maculatum,Spotted Tody-Flycatcher
Todirostrum poliocephalum,Gray-headed Tody-Flycatcher
Tolmomyias assimilis,Yellow-margined Flycatcher
Tolmomyias flaviventris,Yellow-breasted Flycatcher
Tolmomyias poliocephalus,Gray-crowned Flycatcher
Tolmomyias sulphurescens,Yellow-olive Flycatcher
Toxostoma bendirei,Bendire's Thrasher
Toxostoma crissale,Crissal Thrasher
Toxostoma curvirostre,Curve-billed Thrasher
Toxostoma lecontei,LeConte's Thrasher
Toxostoma longirostre,Long-billed Thrasher
Toxostoma redivivum,California Thrasher
Toxostoma rufum,Brown Thrasher
Trachyphonus darnaudii,D'Arnaud's Barbet
Trachyphonus vaillantii,Crested Barbet
Trichoglossus moluccanus,Rainbow Lorikeet
Trichothraupis melanops,Black-goggled Tanager
Tringa brevipes,Gray-tailed Tattler
Tringa erythropus,Spotted Redshank
Tringa flavipes,Lesser Yellowlegs
Tringa glareola,Wood Sandpiper
Tringa incana,Wandering Tattler
Tringa melanoleuca,Greater Yellowlegs
Tringa nebularia,Common Greenshank
Tringa ochropus,Green Sandpiper
Tringa semipalmata,Willet
Tringa solitaria,Solitary Sandpiper
Tringa stagnatilis,Marsh Sandpiper
Tringa totanus,Common Redshank
Trochalopteron erythrocephalum,Chestnut-crowned Laughingthrush
Trochalopteron lineatum,Streaked Laughingthrush
Trochalopteron morrisonianum,White-whiskered Laughingthrush
Troglodytes aedon,House Wren
Troglodytes hiemalis,Winter Wren
Troglodytes ochraceus,Ochraceous Wren
Troglodytes pacificus,Pacific Wren
Troglodytes rufociliatus,Rufous-browed Wren
Troglodytes solstitialis,Mountain Wren
Troglodytes troglodytes,Eurasian Wren
Trogon caligatus,Gartered Trogon
Trogon chionurus,White-tailed Trogon
Trogon collaris,Collared Trogon
Trogon curucui,Blue-crowned Trogon
Trogon elegans,Elegant Trogon
Trogon massena,Slaty-tailed Trogon
Trogon melanocephalus,Black-headed Trogon
Trogon melanurus,Black-tailed Trogon
Trogon mexicanus,Mountain Trogon
Trogon personatus,Masked Trogon
Trogon ramonianus,Amazonian Trogon
Trogon rufus,Black-throated Trogon
Trogon surrucura,Surucua Trogon
Trogon viridis,Green-backed Trogon
Tunchiornis ochraceiceps,Tawny-crowned Greenlet
Turdoides jardineii,Arrow-marked Babbler
Turdus albicollis,White-necked Thrush
Turdus amaurochalinus,Creamy-bellied Thrush
Turdus assimilis,White-throated Thrush
Turdus chiguanco,Chiguanco Thrush
Turdus eunomus,Dusky Thrush
Turdus falcklandii,Austral Thrush
Turdus flavipes,Yellow-legged Thrush
Turdus fumigatus,Cocoa Thrush
Turdus fuscater,Great Thrush
Turdus grayi,Clay-colored Thrush
Turdus hortulorum,Gray-backed Thrush
Turdus ignobilis,Black-billed Thrush
Turdus iliacus,Redwing
Turdus leucomelas,Pale-breasted Thrush
Turdus libonyana,Kurrichane Thrush
Turdus merula,Eurasian Blackbird
Turdus migratorius,American Robin
Turdus nudigenis,Spectacled Thrush
Turdus obscurus,Eyebrowed Thrush
Turdus pallidus,Pale Thrush
Turdus pelios,African Thrush
Turdus philomelos,Song Thrush
Turdus pilaris,Fieldfare
Turdus plebejus,Mountain Thrush
Turdus plumbeus,Red-legged Thrush
Turdus rufiventris,Rufous-bellied Thrush
Turdus rufopalliatus,Rufous-backed Robin
Turdus serranus,Glossy-black Thrush
Turdus simillimus,Indian Blackbird
Turdus torquatus,Ring Ouzel
Turdus viscivorus,Mistle Thrush
Turtur chalcospilos,Emerald-spotted Wood-Dove
Turtur tympanistria,Tambourine Dove
Tympanuchus cupido,Greater Prairie-Chicken
Tympanuchus phasianellus,Sharp-tailed Grouse
Tyranneutes stolzmanni,Dwarf Tyrant-Manakin
Tyrannulus elatus,Yellow-crowned Tyrannulet
Tyrannus couchii,Couch's Kingbird
Tyrannus crassirostris,Thick-billed Kingbird
Tyrannus dominicensis,Gray Kingbird
Tyrannus forficatus,Scissor-tailed Flycatcher
Tyrannus melancholicus,Tropical Kingbird
Tyrannus savana,Fork-tailed Flycatcher
Tyrannus tyrannus,Eastern Kingbird
Tyrannus verticalis,Western Kingbird
Tyrannus vociferans,Cassin's Kingbird
Tyto alba,Barn Owl
Upucerthia dumetaria,Scale-throated Earthcreeper
Upupa epops,Eurasian Hoopoe
Uraeginthus bengalus,Red-cheeked Cordonbleu
Uria aalge,Common Murre
Urocissa erythroryncha,Red-billed Blue-Magpie
Uropsila leucogastra,White-bellied Wren
Urosphena squameiceps,Asian Stubtail
Vanellus armatus,Blacksmith Lapwing
Vanellus chilensis,Southern Lapwing
Vanellus coronatus,Crowned Lapwing
Vanellus indicus,Red-wattled Lapwing
Vanellus malabaricus,Yellow-wattled Lapwing
Vanellus miles,Masked Lapwing
Vanellus resplendens,Andean Lapwing
Vanellus spinosus,Spur-winged Lapwing
Vanellus vanellus,Northern Lapwing
Vermivora chrysoptera,Golden-winged Warbler
Vermivora cyanoptera,Blue-winged Warbler
Vidua macroura,Pin-tailed Whydah
Vireo altiloquus,Black-whiskered Vireo
Vireo atricapilla,Black-capped Vireo
Vireo bellii,Bell's Vireo
Vireo cassinii,Cassin's Vireo
Vireo chivi,Chivi Vireo
Vireo crassirostris,Thick-billed Vireo
Vireo flavifrons,Yellow-throated Vireo
Vireo flavoviridis,Yellow-green Vireo
Vireo gilvus,Warbling Vireo
Vireo griseus,White-eyed Vireo
Vireo gundlachii,Cuban Vireo
Vireo huttoni,Hutton's Vireo
Vireo hypochryseus,Golden Vireo
Vireo leucophrys,Brown-capped Vireo
Vireo olivaceus,Red-eyed Vireo
Vireo pallens,Mangrove Vireo
Vireo philadelphicus,Philadelphia Vireo
Vireo plumbeus,Plumbeous Vireo
Vireo solitarius,Blue-headed Vireo
Vireo vicinior,Gray Vireo
Vireolanius leucotis,Slaty-capped Shrike-Vireo
Vireolanius pulchellus,Green Shrike-Vireo
Volatinia jacarina,Blue-black Grassquit
Xanthocephalus xanthocephalus,Yellow-headed Blackbird
Xenops minutus,Plain Xenops
Xenops rutilans,Streaked Xenops
Xenus cinereus,Terek Sandpiper
Xiphocolaptes promeropirhynchus,Strong-billed Woodcreeper
Xiphorhynchus erythropygius,Spotted Woodcreeper
Xiphorhynchus flavigaster,Ivory-billed Woodcreeper
Xiphorhynchus fuscus,Lesser Woodcreeper
Xiphorhynchus guttatus,Buff-throated Woodcreeper
Xiphorhynchus lachrymosus,Black-striped Woodcreeper
Xiphorhynchus susurrans,Cocoa Woodcreeper
Yuhina flavicollis,Whiskered Yuhina
Yuhina gularis,Stripe-throated Yuhina
Zapornia flavirostra,Black Crake
Zapornia fusca,Ruddy-breasted Crake
Zapornia parva,Little Crake
Zapornia pusilla,Baillon's Crake
Zapornia tabuensis,Spotless Crake
Zenaida asiatica,White-winged Dove
Zenaida auriculata,Eared Dove
Zenaida macroura,Mourning Dove
Zenaida meloda,West Peruvian Dove
Zentrygon frenata,White-throated Quail-Dove
Zimmerius chrysops,Golden-faced Tyrannulet
Zimmerius parvus,Mistletoe Tyrannulet
Zonotrichia albicollis,White-throated Sparrow
Zonotrichia atricapilla,Golden-crowned Sparrow
Zonotrichia capensis,Rufous-collared Sparrow
Zonotrichia leucophrys,White-crowned Sparrow
Zonotrichia querula,Harris's Sparrow
Zoothera aurea,White's Thrush
Zosterops japonicus,Warbling White-eye
Zosterops lateralis,Silvereye
Zosterops palpebrosus,Indian White-eye
Zosterops simplex,Swinhoe's White-eye
Zosterops virens,Cape White-eye
