audioset,comment
/m/07q2z82,
/m/0mkg,
/m/042v_gx,
/m/0k5j,
/m/07pp_mv,
/m/0jbk,
/m/028ght,
/m/05tny_,
/m/0bm02,
/m/018vs,
/m/03dnzn,
/m/0395lw,
/m/0199g,
/m/0gy1t2s,
/m/015p6,
/m/020bb7,
/m/019jd,
/m/0dv3j,
/m/07qqyl4,
/m/0l14_3,
/m/01kcd,
/m/0lyf6,
/m/03q5_w,
/m/01bjv,
/m/07pjwq1,
/m/0dv5r,
/m/0k4j,
/t/dd00134,
/m/01yrx,
/m/07rkbfh,
/m/053hz1,
/m/03cczk,
/m/09b5t,
/m/0ytgt,
/m/0f8s22,
/m/07q7njn,
/m/07pggtn,
/m/07rgt08,
/m/03w41f,
/m/0l15bq,
/m/01x3z,
/m/0242l,
/m/01m2v,
/m/01h8n0,
/m/01b_21,
/m/0239kh,
/m/07qs1cx,
/m/07pzfmf,
/m/0bm0k,
/m/09xqv,
/m/04s8yn,
/m/03qtwd,
/t/dd00112,
/m/07plct2,
/m/0463cq4,
/m/0642b4,
/m/023pjk,
/m/01qbl,
/m/04brg2,
/m/0bt9lr,
/m/068hy,
/t/dd00071,
/m/02dgv,
/m/03wwcy,
/m/0fqfqc,
/m/01d380,
/m/07r5v4s,
/m/026t6,
/m/02hnl,
/m/02sgy,
/m/02mk9,
/t/dd00130,
/m/014zdl,
/m/02_nn,
/t/dd00004,
/m/02zsn,
/m/07p7b8y,
/m/025_jnm,
/m/02_41,
/m/0g6b5,
/m/0cmf2,
/m/025rv6n,
/m/09ld4,
/m/0dxrf,
/m/07s0dtb,
/m/07r660_,
/m/039jq,
/m/0dwtp,
/m/0mbct,
/m/0ghcn6,
/m/0342h,
/m/01dwxx,
/m/032s66,
/m/07swgks,
/m/03l9g,
/m/0k65p,
/m/03qjg,
/m/03m5k,
/m/03qtq,
/m/07rjwbb,
/t/dd00012,
/m/09l8g,
/m/07pb8fc,
/m/03vt0,
/m/05148p4,
/m/03v3yw,
/m/07r4wb8,
/m/01j3sz,
/m/04k94,
/m/0ch8v,
/t/dd00003,
/m/05zppz,
/m/0j45pbj,
/m/0dwsp,
/m/02x984l,
/t/dd00077,
/m/07qrkrw,
/m/0fx9l,
/m/012f08,
/m/04_sv,
/m/04rlf,
/m/04szw,
/m/05kq4,
/m/013y1f,
/m/05mxj0q,
/m/0l14md,
/m/05r5c,
/m/0fx80y,
/m/07prgkl,
/m/0_ksk,
/m/01m4t,
/m/02yds9,
/m/0ltv,
/m/06d_3,
/m/06mb1,
/m/07r10fb,
/m/02bm9n,
/m/07qn4z3,
/m/05r5wn,
/m/09hlz4,
/m/01hnzm,
/m/06h7j,
/m/01b82r,
/m/01lsmm,
/m/01hgjl,
/m/03qc9zr,
/m/07q8k13,
/m/07rn7sz,
/m/07p6fty,
/m/07plz5l,
/m/015lz1,
/m/0130jx,
/m/03kmc9,
/m/06_fw,
/m/07rjzl8,
/m/02y_763,
/m/06rvn,
/m/01hsr_,
/m/09x0r,
/m/0brhx,
/m/07rrlb6,
/m/07q6cd_,
/m/0j6m2,
/m/07s0s5r,
/m/0195fx,
/m/01p970,
/m/07brj,
/m/07qcpgn,
/m/07qcx4z,
/m/07cx4,
/m/07qnq_y,
/m/0ngt1,
/m/0jb2l,
/m/07qjznt,
/m/07qjznl,
/m/01jt3m,
/m/07k1x,
/m/0btp2,
/m/07jdr,
/m/07pqc89,
/m/07r04,
/m/07gql,
/m/0c2wf,
/m/0316dw,
/m/07yv9,
/m/0912c9,
/m/07pbtc8,
/m/0838f,
/m/02jz0l,
/m/034srq,
/m/02rtxlg,
/m/07rqsjt,
/m/01280g,
/m/03m9d0z,
/m/026fgl,
/m/085jw,
/m/083vt,
/m/081rb,
/m/07sr1lc,
/m/01s0vc,
