ebird2021,comment
aakspa1,
abbbab1,
abbboo2,
abbsta2,
abbwar1,
abcwin1,
abdsto1,
abecis1,
abethr1,
abetow,
abgthr1,
abhori1,
absbil1,
absfin1,
abttyr1,
abycat1,
abylon1,
abynig1,
abyrol2,
abysis1,
abyslf1,
abythr1,
abywhe1,
abywoo1,
acafly,
acowoo,
acrant1,
acrtot1,
adepen1,
adewar1,
adtdov1,
afbduc1,
afbfly1,
afbowl1,
afbtit2,
afbwar1,
afcdov1,
afcfly1,
afdfly1,
afdwar1,
afecuc1,
afepig1,
affeag1,
afffin,
afffly1,
afgfly1,
afghor1,
afgori2,
afgowl1,
afgsno1,
afgwea1,
afhbab1,
afhbab3,
afhhaw1,
afmdov1,
afmhar1,
afmwea,
afpfly1,
afphor1,
afpkin1,
afpsta1,
afpswi1,
afptit1,
afpwag1,
afrbro1,
afrcit1,
afrcra1,
afrcuc1,
afrcuh1,
afrfin1,
afrgos1,
afrgrp1,
afrhae1,
afrhob1,
afrjac1,
afrmar2,
afrope1,
afroys1,
afrpic1,
afrpip1,
afrpit1,
afrpyg1,
afrrai1,
afrsco2,
afrshf1,
afrsil1,
afrski1,
afrsni1,
afrspo1,
afrsto1,
afrswi1,
afrswi2,
afrtai2,
afrthr1,
afrwar1,
afsowl1,
afswar1,
afwowl1,
afywar1,
afywhe1,
afywhe2,
afywhe3,
afywhe4,
agaher1,
agitit1,
agular1,
agurew1,
agwtea1,
ahafra2,
ajpant1,
akekee,
akeowl1,
akepa1,
akepa2,
akepa3,
akiapo,
akikik,
alaant1,
alacur1,
alagre1,
alatyr1,
alblyr1,
albowl1,
albwar1,
alddro1,
aldfly,
aldwhe1,
aleowl1,
alepar1,
alepar2,
aleswi1,
aleter1,
alfant1,
alfgle1,
algnut1,
allant1,
allgal1,
allhum,
alomyz1,
alpacc1,
alplew1,
alpmun1,
alppip1,
alprob1,
alpswi1,
alptap1,
alpthr1,
alsred1,
altori,
altsno1,
altyel1,
amaant1,
amaant2,
amabaw1,
amahum1,
amakin1,
amapar1,
amapyo1,
amasta1,
amasun2,
amatyr1,
amaumb1,
amawoo1,
ambduc,
ambtyr1,
ambwhe1,
ameavo,
amebit,
amecro,
amedip,
amedov1,
amegfi,
amekes,
ameoys,
amepip,
amered,
amerob,
amesun2,
amewig,
amewoo,
amewoo1,
amgplo,
amhgul1,
ampkin1,
amptap1,
amsduc1,
amsfly1,
amthum1,
amtspa,
amtsun1,
amtsun2,
amtsun4,
amufal1,
amupaf1,
amwpel,
anawax1,
anbtyr1,
anbwar1,
ancant1,
ancbar1,
anccha1,
ancdov1,
anchum1,
ancmur,
ancsun1,
anctap1,
andavo1,
andbul1,
andcon1,
andcot1,
andcou1,
andcra1,
andcus1,
anddro1,
andduc1,
andeme1,
andfla2,
andfli1,
andflo1,
andgoo1,
andgua1,
andgul1,
andhao1,
andhil2,
andhil3,
andlap1,
andneg1,
andnig1,
andpar1,
andpot1,
andsha1,
andsis1,
andsni1,
andsol1,
andswa2,
andswi1,
andtea1,
andtin1,
andtre1,
andtyr2,
andtyr3,
andwoo1,
angbat1,
anghel1,
anglar1,
angpet1,
angslf1,
angswa1,
anhing,
aniani,
anjsun2,
ankser2,
annhum,
anpowl1,
anpswi,
anseag1,
ansgre1,
ansowl1,
ansowl2,
antant1,
antbrf1,
anteup1,
antman1,
antnig,
antpar1,
antpet1,
antpic1,
antsha1,
antsis1,
antspi1,
antter1,
antwre2,
anweye1,
anwpig1,
apapan,
apapan2,
apbsun2,
apifly1,
aplfal,
apomyn2,
apostl1,
apowre1,
apptet1,
apubrf1,
apuspi1,
aquwar1,
arabab1,
arabus1,
arafan1,
araman1,
arapar1,
arasco1,
arawax1,
arawoo1,
arcbow1,
arcbuz1,
arcloo,
arcnew1,
arcnig1,
arcter,
arcwar1,
arcwar2,
arcwar3,
arfast1,
arfcat1,
arfhon1,
argspa2,
ariwoo,
armbab1,
armgul1,
arrcha1,
arrpic1,
arrwar1,
artspi1,
asbant1,
asbfly,
asbfly1,
asbowl1,
asbspi1,
asbwhe1,
asccra1,
asccuc1,
ascspl1,
asctap1,
asdwar1,
asecuc1,
asfblu1,
asfbul1,
asfowl1,
asgsta1,
asgwea2,
ashant1,
ashbab1,
ashbul1,
ashcis1,
ashcus2,
ashcus3,
ashdro1,
ashflo1,
ashfly1,
ashgoo1,
ashgre1,
ashlar1,
ashlau1,
ashmar1,
ashmin1,
ashmyz1,
ashpri1,
ashsta2,
ashtai1,
ashthr1,
ashtit2,
ashtyr1,
ashwoo1,
ashwoo2,
asidow1,
asidrc2,
asidrc3,
asidrc4,
asifri1,
asikoe2,
asikoe3,
asiope1,
asistu1,
aspfly1,
aspsta2,
aspswi1,
asrfin1,
asslau1,
asspet,
astant1,
astcas2,
astcra1,
astfly,
astgna1,
astpar1,
astwar2,
aswant1,
aswpig1,
atbtan1,
atfdov1,
athscr1,
atigre1,
atiswi1,
atlfly1,
atlpet1,
atlpuf,
atosta1,
attwoo1,
audgul1,
audori,
audshe,
audshe3,
audwar,
augbuz1,
auimer1,
auirai1,
auisha1,
auitea1,
aukpar1,
aumowl1,
auonig1,
aupowl1,
aurwar1,
ausbit1,
ausbla1,
ausbrt1,
ausbus1,
ausbus2,
auscan1,
auscra1,
ausfig1,
ausgan1,
ausgre1,
ausgro1,
aushob1,
ausibi1,
auskes1,
auskit1,
ausmag2,
ausneg1,
auspar1,
auspas1,
auspel1,
auspip1,
auspip2,
auspra1,
ausrai1,
ausrav1,
ausshe1,
aussho1,
ausswi1,
austhr1,
ayebul1,
ayheag1,
ayweye3,
azaspi1,
azbpit1,
azchum1,
azhjay1,
aznjay1,
azrpar1,
azrtan1,
azstan1,
aztthr,
azugal1,
azujay1,
azukin1,
azutit2,
azwmag2,
azwmag3,
babcra1,
babcuc2,
babcuc4,
babcus1,
babfir1,
babhon1,
babowl1,
babpar1,
babpic1,
babpit1,
babshr1,
babsta1,
babtan1,
babwar,
babwoo1,
babwoo2,
babwoo3,
babwre1,
bacant1,
bacant2,
bacbab1,
bacdov1,
baceag2,
bacfan1,
bacori1,
bacspa,
bactro1,
bacwar,
baeant1,
baemyn1,
baeowl1,
baepig2,
baepoc1,
baerai1,
baerob1,
bafbul1,
bafcur1,
baffal1,
bafibi1,
bafrai2,
bagbab2,
bagcot1,
bagcuc1,
bagtan1,
bagtan2,
bagwea1,
bahant1,
bahgoo,
bahlau1,
bahmoc,
bahnig1,
bahspi1,
bahswa,
bahtan1,
bahtap1,
bahtre1,
bahtyr1,
bahwoo,
bahyel1,
baicra1,
baifly1,
baipig1,
baisan,
baispa,
baitea,
baitro1,
bakind1,
baleag,
balibi1,
balica1,
balmal2,
balmyn1,
balori,
balowl,
balpar1,
balshe1,
balspi1,
balswi1,
balwar1,
bamant1,
bamapa1,
bamwoo1,
banana,
banant1,
banant2,
banbar1,
banbro1,
bancor1,
bancot1,
bancro1,
banfru1,
banhon1,
banjuf1,
bankes1,
bankin1,
banlap1,
banmar1,
banmyn1,
banmyz1,
banpit2,
banpit3,
banpit4,
banpri1,
banpri3,
banqua1,
banscw1,
bansti1,
bansun1,
bansun3,
banswa,
bantur1,
banumb1,
banwar2,
banwea1,
banwhi1,
banwoo2,
banwre1,
barant1,
barant2,
barbec1,
barbro1,
barbul1,
barbut1,
barcud1,
bardov2,
barfin1,
barfly1,
barfru1,
bargol,
bargoo,
barhaw1,
barhob1,
barhob2,
barhon2,
barlar1,
barlau1,
barowl1,
barowl13,
barowl28,
barowl5,
barowl7,
barown1,
barown2,
barpar1,
barpar2,
barpet,
barpet1,
barpuf1,
barrai1,
barswa,
barswa1,
barswi,
bartin1,
bartin2,
bartyr1,
barwaf2,
barwar,
barwar1,
barwar2,
basdov1,
baseag1,
basowl,
baswar1,
batant1,
batant2,
batant3,
batapa2,
batapa3,
batapa4,
batapa5,
batbar1,
batbel1,
batear1,
batele1,
batfal1,
batfru1,
batgod,
batgua1,
bathaw1,
batlar1,
batman1,
batnig1,
batnig2,
batoro1,
batpaf1,
batpig1,
batsee1,
batsee2,
batsun2,
batswi1,
battre1,
battro1,
batwea1,
batwhi1,
baugre1,
baugua1,
bauoro2,
bavcot1,
bawant1,
bawbec1,
bawbul2,
bawcow3,
bawcow4,
baweye1,
baweye2,
bawfly1,
bawfly2,
bawhae1,
bawhor2,
bawkin1,
bawman1,
bawman3,
bawmoc1,
bawmon1,
bawmon3,
bawnig1,
bawnig3,
bawori1,
bawowl1,
bawpri1,
bawrai1,
bawsee1,
bawswa1,
bawtan1,
bawtri1,
bawtyr1,
bawwar,
bawwar1,
bawwea1,
bayant1,
baybro1,
baycou1,
bayfly1,
baygro1,
baymac,
baymar1,
baytan2,
baytan3,
baywea1,
baywoo1,
baywre1,
bbbeat1,
bbbeat2,
bbbtan1,
bbbtyr1,
bbcdov1,
bbctyr1,
bbfdov1,
bbfdov2,
bbfgle1,
bbgsta1,
bbifin1,
bbmtan1,
bbmtou1,
bbnthr1,
bbopar1,
bbrwar1,
bbsfin1,
bbspet1,
bbsrob1,
bbttyr1,
bbttyr2,
bbwdov1,
bbwduc,
bbwqua1,
bbwtyr1,
bcatan1,
bcbeag1,
bcbeat1,
bcbfin1,
bcfdov1,
bcfdov2,
bcfgle1,
bchpar1,
bcmtan1,
bcmtan2,
bcnher,
bcptan1,
bcptyr1,
bcrfin,
bcrtai1,
bcrthr1,
bcslar1,
bcswea1,
bctspi1,
bcweye2,
bcwfin1,
bcwfin2,
bcwpar1,
bcwspi1,
bcwwar1,
beabar1,
beabel1,
beafir1,
beagua1,
beahum1,
beajay1,
beakin2,
beamou1,
beanut1,
bearee1,
bearos1,
beasib1,
beasne1,
beasun2,
beatac1,
beathk1,
beatre1,
beawoo1,
beawoo2,
becpet1,
becscr1,
beehum1,
beelar1,
befdov1,
begdov1,
begdov2,
beibab1,
belfly1,
belgul,
belkin1,
belmel1,
belmin1,
belspa2,
belvir,
belyel1,
benbus1,
benbuw1,
benflo2,
benlar1,
benthr,
benwea1,
benwoo1,
bepfly1,
berant1,
bercan1,
berfli1,
berhaw1,
berhum,
bernih1,
berpet,
berpip1,
bertea1,
bertin1,
bertow1,
bervan1,
berwea2,
besbab1,
beslar1,
besowl,
besra1,
besrob1,
bestan1,
beweye1,
bewpar1,
bewqua1,
bewwre,
bfbwar1,
bffgle,
bfgbir1,
bfgdov1,
bfgtyr1,
bfoboo,
bfpgua1,
bfppar1,
bfqdov1,
bfweye1,
bfwqua1,
bhbeat1,
bhbeat2,
bhcfly1,
bhmfin1,
bhnthr1,
bhpfly1,
bhpkin1,
bhptit1,
bhqdov1,
bhrtai1,
bhsbab1,
bhsfin1,
bhtfly1,
bhulau1,
bhwdov1,
bhweye1,
biacou1,
biafly1,
biager1,
biamon1,
biasco1,
biawar1,
biawhi1,
bicant2,
bicant3,
bicant4,
biccon1,
bicflo1,
bichaw1,
bichaw4,
bicpen1,
bicthr,
bicwre1,
bielau1,
biipig1,
bimlar1,
bimwar1,
bipkin1,
bisfan1,
bisfly1,
bishao1,
biskin1,
bismel1,
bismun1,
bisoo,
bisswi1,
bisthi1,
biswhi1,
biswoo1,
biweye1,
bkbalb,
bkbalb2,
bkbbit1,
bkbbrt1,
bkbbus1,
bkbcuc,
bkbcus1,
bkbcus2,
bkbful1,
bkbkin1,
bkbkit1,
bkbkoe1,
bkbmag1,
bkbmyz1,
bkbowl1,
bkbplo,
bkbsht1,
bkbsne1,
bkbsun1,
bkbtan1,
bkbtho1,
bkbthr3,
bkbthr4,
bkbtit1,
bkbtit2,
bkbtit3,
bkbtit4,
bkbtit6,
bkbtof1,
bkbwar,
bkbwoo,
bkcbar1,
bkcbul1,
bkcbul2,
bkcbul3,
bkcbul4,
bkccat1,
bkcchi,
bkcdon,
bkcful1,
bkcgna,
bkchem2,
bkchum,
bkclau1,
bkclau2,
bkcmon1,
bkcmot1,
bkcori,
bkcpet,
bkcpet2,
bkcpip1,
bkcruw1,
bkcsco1,
bkcspa,
bkcsta1,
bkctch1,
bkctit1,
bkcvir1,
bkcwea1,
bkcwhe1,
bkcwhi1,
bkefai1,
bkegrt1,
bkehem1,
bkehem3,
bkewhe2,
bkfalb,
bkfant2,
bkfbab1,
bkfbrf1,
bkfcus1,
bkfdac1,
bkffir1,
bkffri1,
bkffri2,
bkfgra,
bkfibi2,
bkfqua1,
bkfruw1,
bkhbat1,
bkhber1,
bkhcan1,
bkhcus1,
bkhgre1,
bkhgro,
bkhgul,
bkhpaf2,
bkhpar,
bkhpar1,
bkhpit1,
bklbab1,
bklkit,
bkmtou1,
bknfrd1,
bknsti,
bknsti2,
bkpwar,
bkrfin,
bkrfla2,
bkrwax,
bkrwhe1,
bksbrf1,
bkskit1,
bksnig1,
bkspet,
bksscb1,
bktflo1,
bktgna,
bktgod,
bktgul,
bkther1,
bktshr1,
bktshr2,
bktspa,
bkttre1,
bkttro2,
bkvori,
bkvshe,
bkwcus1,
bkwpet,
bkwsta1,
bkwsti,
bkwvir,
blaant1,
blaant2,
blaant4,
blaant5,
blabab2,
blabaz1,
blaber1,
blabis1,
blabit1,
blabul1,
blabus1,
blabus3,
blabut1,
blacar1,
blacat1,
blacin1,
blackc1,
blacks1,
blacou1,
blacra1,
blacuc1,
blacur1,
blacur2,
blacus1,
bladro1,
blaeag1,
blafal1,
blafan1,
blagos1,
blagra1,
blagro1,
blagua1,
blagui1,
blahar1,
blaher1,
blahon1,
blahor1,
blaill1,
blainc1,
blakit1,
blalar1,
blalar2,
blalar4,
blalau1,
blalor1,
blamag1,
blaman1,
blamet1,
blamon1,
blamun1,
blamyz1,
blanig1,
blanun1,
blaori1,
blaoro1,
blaoys1,
blapar1,
blapar2,
blapew1,
blapit1,
blaplo1,
blarai1,
blared1,
blarob1,
blaros1,
blasha1,
blasic1,
blasis1,
blasno1,
blasol1,
blaspi1,
blasti1,
blasto1,
blatap1,
blatin1,
blawhe1,
blawoo1,
blbant1,
blbant2,
blbbab1,
blbbar1,
blbbar2,
blbbar3,
blbbar4,
blbbar5,
blbboa1,
blbbut1,
blbbut2,
blbcap1,
blbcon1,
blbcra1,
blbcuc1,
blbduc1,
blbeat1,
blbfai1,
blbfir1,
blbflo1,
blbfly1,
blbfly2,
blbfly3,
blbfor1,
blbgna1,
blbgra1,
blbgro2,
blbgul1,
blbhil1,
blbhon1,
blbhum1,
blbkin1,
blbkin2,
blbkin3,
blbkin4,
blbmal1,
blbman1,
blbmon1,
blbmon2,
blbmun1,
blbmyz1,
blbori1,
blbpar1,
blbpar2,
blbpar3,
blbpar4,
blbpep1,
blbpit1,
blbpuf1,
blbpuf2,
blbpuf3,
blbqua1,
blbrol1,
blbsan1,
blbscy1,
blbsee1,
blbsee2,
blbsee3,
blbsib1,
blbsic1,
blbtan1,
blbtan2,
blbtan3,
blbter1,
blbtho1,
blbthr1,
blbthr2,
blbtou1,
blbtre1,
blbtri1,
blbtur1,
blbwea1,
blbwoo1,
blbwoo2,
blbwoo3,
blbwre1,
blcant1,
blcant2,
blcant3,
blcant4,
blcapa1,
blcapa2,
blcbab1,
blcbab2,
blcbab3,
blcbar1,
blcbec1,
blcbul1,
blcbul2,
blcchl1,
blccoq1,
blccor1,
blccra1,
blcfin1,
blcfly1,
blcfly2,
blcfru1,
blcgna1,
blchaw1,
blchem1,
blchon1,
blchon2,
blchor1,
blchum1,
blchum2,
blcjay1,
blcjay2,
blckin1,
blckin2,
blclor1,
blclor2,
blclov1,
blclov2,
blcman1,
blcmon1,
blcpar1,
blcpar2,
blcpar3,
blcpit1,
blcpri1,
blcpuf1,
blcrob1,
blcsal1,
blcsis1,
blcsis2,
blcspa1,
blcspa2,
blcspe1,
blcswa1,
blcswa2,
blctan1,
blctan2,
blctin1,
blctit1,
blctit4,
blctro1,
blctyr1,
blctyr2,
blcwar1,
blcwar2,
blcwax1,
blcwax2,
blcwoo1,
blcwoo2,
blcwoo3,
blcwoo5,
blcyuh1,
bldhor1,
blebar1,
blecoc1,
blecuc1,
blehem1,
blekin1,
blelor1,
blemin1,
blephe1,
blesee1,
blewhe1,
blfant1,
blfant2,
blfapa1,
blfbul1,
blfbun1,
blfbus1,
blfcan1,
blfcor1,
blfcot1,
blfcou1,
blfdac1,
blfdot1,
blfflo1,
blffly1,
blfgro1,
blfhaw1,
blfhon1,
blfibi1,
blfjac1,
blflan1,
blflau1,
blflor1,
blfmal1,
blfmon1,
blfmun1,
blfnun1,
blfowl1,
blfpar2,
blfpar3,
blfpit1,
blfred1,
blfrob1,
blfsan1,
blfshe1,
blfsol1,
blfspo1,
blftan1,
blfter1,
blftyr1,
blfwar1,
blfwax1,
blfwoo1,
blgant2,
blgbar1,
blgdov1,
blgtan1,
blhant1,
blhant2,
blhant3,
blhant4,
blhapa1,
blhbat1,
blhbul1,
blhbun1,
blhbuz1,
blhcou1,
blhcou2,
blhduc1,
blheag1,
blhfan1,
blhgon1,
blhhem1,
blhher1,
blhhon1,
blhhum1,
blhibi1,
blhjay1,
blhlap1,
blhlau1,
blhmyz1,
blhori1,
blhpar1,
blhpar3,
blhpar4,
blhpit1,
blhsal1,
blhsap1,
blhsib1,
blhsis1,
blhspi1,
blhsun1,
blhtan1,
blhthr1,
blhtro1,
blhwax1,
blhwea1,
blhwhi1,
blhwoo1,
bljbab1,
blkcus1,
blkflo1,
blkfra,
blkgui,
blkjac1,
blkkit3,
blkmam,
blknod,
blkoys,
blkpho,
blkrai,
blksaw1,
blksco1,
blksco2,
blksit1,
blkski,
blksun1,
blkswa,
blkswi,
blkter,
blktur,
blkvul,
bllcis1,
blldac1,
bllpar1,
bllser1,
blltit1,
blmfin1,
blmgos1,
blmlea1,
blmtho1,
blmvir1,
blnara1,
blnchl1,
blncis1,
blncra1,
blnere1,
blnmon1,
blnmou1,
blnori1,
blnpar1,
blnpit1,
blnsto1,
blnswa2,
blnswi1,
blntan1,
blnter1,
blnwea1,
blnwoo1,
blophe1,
blpfly1,
blpyel1,
blrfla1,
blrman1,
blrpar1,
blrpit1,
blrwar1,
blsant1,
blsbar1,
blsbil1,
blsflo1,
blslor1,
blspuf1,
blsrob1,
blsrob2,
blsspa1,
blswoo1,
bltacc1,
bltant1,
bltant2,
bltant3,
bltapa1,
bltbab1,
bltbar1,
bltbar2,
bltbob1,
bltbri1,
bltcan1,
bltcot1,
bltcou1,
bltcra1,
bltcuc1,
blteme1,
bltfal1,
bltfan1,
bltfin1,
bltfly1,
bltgol1,
bltgro1,
bltgro2,
blthon1,
blthum1,
bltjay1,
bltlau1,
bltlea1,
bltmac1,
bltmal1,
bltman1,
bltmon1,
bltmon2,
bltmot1,
bltmun1,
bltori1,
bltpar1,
bltpar2,
bltpuf1,
bltrob1,
bltrol1,
bltsal1,
bltspi1,
bltsta1,
bltsta2,
bltsun1,
bltthi1,
blttit1,
blttit2,
blttra1,
blttro1,
blttro2,
bltwax1,
bltwhi1,
bltwre1,
blubun,
blubus1,
blucha2,
blucha3,
blucot1,
blucou1,
blucra2,
blucus1,
bludac1,
bluduc1,
bluebo1,
bluebo4,
blueth,
blufan1,
blufin1,
bluflo1,
blugrb1,
blujay,
blujeb2,
blulor1,
blumoc,
blunut1,
blupet1,
blupit1,
bluqua1,
blusee1,
blusee4,
bluswa1,
blutit,
bluvan1,
blwbis1,
blwbul1,
blwkoo1,
blwlap1,
blwlau1,
blwlea1,
blwlor1,
blwlov1,
blwmin1,
blwmon1,
blwori1,
blwpar1,
blwpar2,
blwpar3,
blwpit1,
blwpra1,
blwsal1,
blwsno1,
blwtan1,
blwthr1,
blwwar1,
blyhae1,
blyhor1,
blykin1,
blylew1,
blypaf1,
blypip1,
blyros1,
blyshb1,
blyswi1,
blytra1,
bnbpyt1,
bncbab1,
bncbrt1,
bncfly,
bnchor1,
bncjuf1,
bncrai1,
bncwoo2,
bncwoo3,
bnhcow,
bnhgul1,
bnhnut,
bnnpar2,
bnrcot1,
bnsfly1,
bnttre1,
bnttre2,
bnweye1,
bnwkin1,
bobeat1,
bobfly1,
bobfly2,
bobher1,
boboli,
bocaka1,
boclon2,
bocsun2,
bocwea1,
boefly1,
bogcuc1,
bograi1,
bohsun1,
bohwax,
bohwhi1,
boisha1,
bokmak1,
bolbla1,
bolear1,
bolpig1,
bolrec1,
bolsla1,
bolspi1,
boltap1,
boltyr1,
boneag2,
bongro1,
bongul,
bonhon1,
bonnig1,
bonpar1,
bonpet,
bonpig1,
bonthr2,
booeag1,
boorat2,
boorat4,
boowar1,
bopphe1,
boptyr1,
borbar1,
borbri1,
borchi2,
borcis1,
borgrm1,
borlea1,
borowl,
borspi1,
borstu1,
bortai1,
bortre1,
borwhi1,
borwht1,
bostib1,
botgra,
botlar1,
botspa,
botwea1,
boubat1,
boucha1,
boucro1,
bouhon1,
boumon1,
boupar2,
bouthi1,
bouwre1,
bowbab1,
bowfin1,
bowsht1,
boycus1,
brabus1,
bracor,
braeme2,
braeme3,
brafri1,
brahor1,
brakit1,
bramar1,
brambl,
bramer1,
brant,
brarub1,
brasta1,
braswi1,
bratan1,
bratap1,
bratea1,
bratin1,
brbant1,
brbant2,
brbbar1,
brbbul1,
brbfai1,
brbfai2,
brbflo1,
brbfly1,
brbfly2,
brbger1,
brbhon1,
brbhum,
brbhum2,
brbmoc1,
brbmot1,
brbnee1,
brbpar1,
brbpar2,
brbpar3,
brbpri1,
brbpuf1,
brbrol1,
brbsan,
brbscy1,
brbsol1,
brbswa1,
brbtan1,
brbtod1,
brbwar1,
brbwar2,
brbwhi1,
brbwoo1,
brcale1,
brcbar1,
brcdov1,
brcfan1,
brcfly1,
brcful1,
brclap1,
brclau1,
brcmar1,
brcred1,
brcsta1,
brctch1,
brctyr,
brcvir1,
brcwea1,
brdowl,
brebla,
brebul1,
brephe1,
brespa,
bretai1,
brewoo1,
brfgle1,
brfowl1,
brftan1,
brfwoo1,
brgdov1,
brgeup1,
brgpig1,
brhant1,
brhapa1,
brhbar1,
brhcro1,
brhgre1,
brhgul2,
brhhon1,
brhkin1,
brhpar1,
brhpar2,
brhthr1,
brican1,
brigra2,
brihon1,
bripet,
brispa1,
briter1,
britit,
brlwar1,
brnbar1,
brnbar2,
brnboo,
brncac1,
brncre,
brnfir1,
brnhao1,
brnhao3,
brnhor1,
brnjay,
brnnod,
brnowl,
brnpar1,
brnpel,
brnpig1,
brnpri2,
brnpri3,
brnrav1,
brnshr,
brnsku3,
brnthr,
brnwar1,
broacc1,
brobab1,
brobul1,
brocow,
brocow2,
brocra1,
brodip1,
brodro1,
broela1,
brofal1,
brofan1,
brofly1,
broful1,
broger1,
brogos1,
broher,
brohon1,
broill1,
broinc1,
broinc2,
brojac1,
brojac2,
brolga1,
brolor1,
broman1,
bromes1,
bronig1,
bronun1,
broori1,
bropar1,
bropri1,
broqua1,
brosha1,
brosic1,
broson1,
brosun1,
brotan1,
brotea1,
brotho1,
brotin1,
brotre1,
brotre2,
brotwi1,
brqdov1,
brratt1,
brrbun1,
brrmin1,
brrsee1,
brrtap1,
brrwhe10,
brrwhe3,
brrwhe4,
brrwhe8,
brrwhe9,
brseag1,
brsrob1,
brtbab1,
brtbar1,
brtcha1,
brtcom1,
brtcur,
brtgra2,
brther2,
brthum,
brtpar1,
brtpar2,
brtplu1,
brttho1,
brubro1,
brubrt1,
brubru1,
brucuc1,
brucuc2,
brufly1,
brutin1,
bruwat1,
brvear1,
brwcou1,
brweye1,
brwhaw,
brwjac1,
brwowl1,
brwpar1,
brwpar2,
brwrai1,
brwsta1,
brwwar1,
bryfin1,
bryshe1,
bsbeye1,
bsrcha1,
bssowl,
bswdov1,
bswowl1,
btbeat1,
btbeat2,
btbrob1,
btbsun2,
btbwar,
btfgle1,
btgsta1,
bthhue1,
btmjay,
btnhen1,
btnwar,
btpgua1,
btpphe1,
btpwhy1,
btsfin1,
btstan1,
btther1,
btttyr1,
btttyr2,
btwbab1,
btweye1,
btweye2,
btywar,
bubbab1,
bubbus1,
bubbut1,
bubcha1,
bubcis1,
bubcor1,
bubcur1,
bubear2,
bubfly,
bubgro1,
bubgro2,
bubhel1,
bubher1,
bubhum,
bubmon1,
bubpak1,
bubpak2,
bubpuf1,
bubrai1,
bubsab1,
bubsan,
bubtan1,
bubtan2,
bubtyr1,
bubwar1,
bubwar2,
bubwre1,
bucbab1,
bucbus1,
bucgre1,
buchor1,
bucifr1,
bucjac1,
bucjay1,
buclau1,
bucmot1,
bucmot2,
bucmot3,
bucmot4,
bucnig,
bucpar,
bucred1,
bucsap1,
buctof1,
budger,
buffal1,
buffle,
bufhel1,
bufhum1,
buflau1,
bufowl1,
bufowl2,
bufpar,
bufpar1,
bufpip1,
bufscr1,
bufsee1,
buftuf1,
buftuf3,
buggna,
buglio1,
bugnod,
bugrob1,
bugsta1,
bugtan,
buhcou1,
buhmac1,
buhshr1,
buhsun1,
buhvir,
bukwoo1,
bulalb2,
bulori,
bulpet,
bulphe1,
bulshe,
bumbee1,
bumhum,
bunere1,
bunfly1,
bunibi1,
bunwoo1,
burbus1,
burcou2,
burcus1,
burhon1,
burjuf1,
burori2,
burori3,
burowl,
burpar,
bursan1,
burshr1,
burtai1,
burtho1,
burthr,
burthr1,
burwar1,
burwhe1,
burwoo1,
buryuh1,
busbla1,
busbus1,
busfla1,
busflu1,
bushti,
buspet1,
buspip1,
busrob1,
buswid1,
buswoo1,
buswre1,
butapa1,
butcor1,
butfly1,
butfly2,
butfog4,
buthil1,
buthum,
butkne1,
butpuf1,
butpur1,
butsal1,
butsic1,
butsun2,
buttro1,
butwar1,
butwoo2,
buvbul1,
buvhum1,
buwcin1,
buwgoo1,
buwmac1,
buwpar1,
buwpar2,
buwpar3,
buwsta1,
buwtea,
buwwar,
bwfshr1,
bwfshr2,
bwgdov1,
bwmtan1,
bwrtai1,
bwwbab1,
bwwwre1,
caaant1,
caacac1,
caawoo1,
cabbun1,
cabgoo1,
cabgre1,
cabgre3,
cabspi1,
cabtra1,
cacbul1,
caccan1,
cacgoo1,
caclar1,
cacpar1,
cacwre,
caeowl1,
cafdov1,
caichi1,
caipar2,
caisha2,
caisto1,
caiswi1,
caitea1,
calcon,
calgna,
calgul,
calhum,
callar1,
calqua,
calrai1,
calthr,
caltow,
camboo1,
camfli1,
camfra2,
camgre2,
camhap1,
camind1,
camlau1,
cammin2,
campig1,
camscw1,
camspe1,
camsun2,
camtai1,
camtro1,
camwar,
cancan1,
caneme1,
canfly2,
cangoo,
cangro1,
canoys1,
cantow,
canvas,
canwar,
canwre,
caogre1,
capbab1,
capbat1,
capbul1,
capbun1,
capcan1,
capcon1,
capcor1,
capcro1,
capcro2,
capfra2,
capgan1,
capgls1,
capgra1,
capgri1,
capher1,
caplar1,
capowl1,
cappet,
capsee1,
capsho1,
capsis2,
capspa1,
capsug1,
captea1,
capuch1,
capwag1,
capwea1,
capwhe1,
capwhe2,
capwhe3,
capwhe6,
caqsee1,
carcar1,
carcha1,
carchi,
carcis1,
carcro1,
cardov1,
carela1,
cargra1,
cargra2,
carlor1,
carmar1,
carmyz1,
carpar,
carpar1,
carpar3,
carque1,
carrew1,
carsee1,
carsun2,
cartan2,
cartap1,
carthr1,
cartit2,
carwoo1,
carwre,
casant1,
casauk,
casfin,
casfin1,
casfly1,
casgul2,
cashae1,
cashon1,
caskin,
casoro2,
casplo1,
cassno1,
casspa,
casspi1,
caster1,
castit2,
casvir,
categr,
categr2,
cattyr,
cauant2,
caugro1,
caugua1,
causno1,
cavshe1,
cavspa1,
cavstp1,
cavswa,
cavswi2,
cavswi3,
cawfin1,
cayjay1,
caynig1,
cbbwar2,
cbfdov1,
cbgcuc1,
cbipig1,
cbipig2,
cbjbab1,
cbmfin1,
cbmtan1,
cbqthr1,
cbrthr1,
cbsbab1,
cbsbab2,
cbsfin,
cbslar1,
cbswea1,
cbttyr1,
ccbeat1,
ccbfin,
ccbwar1,
ccfdov1,
ccfgle1,
ccfgle2,
ccswea1,
cebboo1,
cebflo1,
cecman1,
cedwax,
ceghor1,
cehpar1,
celmon1,
cepfly1,
cercus1,
cerwar,
cetwar1,
ceybuw1,
ceyfro1,
ceyjun1,
ceymag1,
ceymyn1,
ceyspu1,
ceywhe1,
ceywht1,
ceywop1,
cfsbab1,
cfweye1,
chaant1,
chaapa1,
chabar1,
chabrt1,
chabul1,
chacha1,
chacis1,
chaear1,
chafly1,
chafly2,
chafly3,
chafly4,
chagih1,
chahum1,
chakin2,
chalor1,
chamoc1,
chamoc2,
chaowl1,
chaoys1,
chapet1,
chapip1,
charob1,
chaswi2,
chavan2,
chbant1,
chbant2,
chbbab1,
chbbun1,
chbbut2,
chbchi,
chbchl1,
chbcor1,
chbcot1,
chbcuc2,
chbcuc3,
chbcuc4,
chbeat1,
chbeup1,
chbfan1,
chbflo1,
chbgna1,
chbgua1,
chbhel1,
chbhum1,
chbkin1,
chbkin2,
chblau1,
chbmal1,
chbmal2,
chbmoc1,
chbmon1,
chbmun1,
chbneg1,
chbnut2,
chbnut3,
chbnut4,
chbowl1,
chbpar1,
chbpar2,
chbpar3,
chbplo1,
chbqut1,
chbros1,
chbsan,
chbsee1,
chbsta1,
chbtan1,
chbtho1,
chbthr1,
chbthr2,
chbtou1,
chbtou3,
chbwar1,
chbwhi1,
chbwre1,
chcant1,
chcant2,
chcbab1,
chcbab2,
chcbec1,
chcbla2,
chccot1,
chcfly1,
chcgna1,
chclau2,
chclau3,
chclon,
chcpih1,
chcpuf1,
chcsta1,
chcswa2,
chcswi1,
chcter2,
chcthr1,
chcwar2,
chcwoo1,
chcyuh1,
cheant1,
cheant2,
cheara1,
chebul1,
chebun1,
chebun2,
chelau1,
chemun,
chephe1,
chepic1,
chequt1,
cherai1,
chesee1,
chespa1,
chetea1,
chethr1,
chewea1,
chewoo2,
chewoo3,
chfbab1,
chfhel1,
chfmac1,
chfrai1,
chfspa1,
chgshr2,
chhcra1,
chhflu1,
chhlau1,
chhnun1,
chhoro1,
chhpar1,
chhpar3,
chhspl1,
chhtan1,
chhtes1,
chhwrb1,
chiapa1,
chibab2,
chibar1,
chibat1,
chibel1,
chibla1,
chibub1,
chicar1,
chicis1,
chicup1,
chiegr,
chieme1,
chifer1,
chifla1,
chifli1,
chifra1,
chifri1,
chiful1,
chiger2,
chigra1,
chihao1,
chilew1,
chimoc1,
chimon1,
chipar1,
chipen2,
chipig2,
chirai1,
chirav,
chirub1,
chisha1,
chisku1,
chisni1,
chispa,
chiswa1,
chiswi,
chiswi1,
chithr1,
chithr2,
chitin1,
chityr1,
chivir1,
chiwar1,
chiwed1,
chiwed2,
chiwig1,
chiwoo1,
chmbab1,
chnant1,
chnfor1,
chnfra1,
chnfra3,
chnpar1,
choale1,
chobla1,
choboo1,
chopig1,
chopoo1,
chospi2,
chotap1,
chotin1,
chotou1,
chotyr1,
chovir1,
chowch1,
chowoo1,
chpher1,
chptit1,
chqdov1,
chrbab1,
chrcha1,
chrhea1,
chrshe,
chrtho1,
chrwoo1,
chsant1,
chsgos1,
chspet1,
chswar,
chtant1,
chtant2,
chtapa2,
chtapa3,
chtfly1,
chtjuf1,
chtmin1,
chtsee1,
chtspi1,
chtsta2,
chttan1,
chttou2,
chttou3,
chtwoo1,
chucis1,
chucis2,
chukar,
chutap1,
chutap2,
chvcon1,
chvnut1,
chvtyr2,
chwbab1,
chwcha1,
chwcin1,
chwcuc1,
chweye1,
chwfog1,
chwhoo1,
chwqua1,
chwsta1,
chwwht1,
chwwid,
chyfin1,
cibatt1,
cibbun1,
cibfan1,
cibflo1,
cibgrt1,
cibkin1,
cibmel1,
cibspi1,
cibwar1,
cicada1,
cicada3,
cicada4,
cicada5,
cicada6,
cicada7,
cicfly1,
cicspa1,
cifdov1,
ciftyr1,
cigdov1,
cigdov2,
cihpig1,
ciipig1,
cinant1,
cinatt1,
cinbec1,
cinbec2,
cinbit1,
cinbul1,
cinbun1,
cincon1,
cinfin1,
cinfly2,
cingrt1,
cinhao1,
cinhar1,
cinhum1,
cinmat1,
cinmou1,
cinsco1,
cintan1,
cintea,
cintin1,
cintyr1,
cinvul1,
cinwax1,
cinwea1,
cinwhe1,
cinwoo1,
cipcan1,
ciqthr1,
cirbun1,
cirtro1,
cirwar2,
citcaf1,
citfan1,
citfin1,
cither1,
citspa1,
cittro1,
citwag,
citwar1,
citwoo1,
civpih1,
ciweye1,
ciweye2,
ciwfin1,
ciwfin2,
clafra1,
clagre,
clalew1,
clanut,
clarai11,
clawea1,
clawre1,
clcrob,
clcspa,
clfdov1,
clfsco1,
clifly1,
clishb1,
cliswa,
clocis1,
clopyo1,
clrwar1,
clscis1,
clwman1,
coamin1,
coatit2,
cobowl1,
cobpig1,
cobpuf1,
cobrob1,
cobtan1,
cobtan2,
cocant1,
coccuc1,
cocfin1,
cocfin2,
cocfin3,
cocfly1,
cocher1,
cocjac1,
cocjac2,
cockat,
cocthr1,
cocwoo1,
codfin1,
codpet1,
cofdov1,
coffal1,
cogdov,
cogwar1,
cohcuc1,
coheme1,
cohmar1,
coipig1,
colant1,
colara1,
colara4,
colara5,
colbab1,
colcha1,
colcra2,
colcre1,
colcre2,
colcro1,
coleto1,
colfal1,
colfin1,
colfly1,
colgna1,
colgre1,
colgro1,
colinc1,
colkin1,
colkin17,
colkin2,
colkin9,
collar1,
collau1,
collor1,
colmyn1,
colnig1,
colowl1,
colowl3,
colpet1,
colplo1,
colpra,
colpuf1,
colpuf2,
colred1,
colspa1,
colsun2,
coltow1,
coltre1,
coltro1,
colwar,
combab1,
combab3,
comblh1,
combri2,
combro1,
combul1,
combul2,
combul4,
combul5,
combul6,
combuz1,
combuz4,
combuz6,
combuz9,
comcan,
comcha,
comchi1,
comcra,
comcuc,
comdro1,
comduc2,
comduc3,
comeid,
comfin1,
comfla1,
comgal1,
comgol,
comgon1,
comgra,
comgre,
comior1,
comjer1,
comkin1,
comloo,
commer,
commin1,
commoo3,
commur,
commyn,
comnew1,
comnig,
comnig1,
compau,
compea,
compig1,
compoc,
compoo,
compot1,
comqua1,
comrav,
comred,
comred1,
comred2,
comros,
comsan,
comshe,
comsni,
comswi,
comtai1,
comter,
comthr1,
comwax,
comwea1,
comwoo1,
comyel,
conmar1,
conmoo1,
conpea1,
consun2,
conwar,
cooela1,
coohaw,
coopet,
cooswi1,
copbar1,
copeme1,
copgoo1,
copkin1,
copmet1,
copowl1,
copphe1,
copqut1,
copsun2,
coptho2,
copthr1,
coqcou1,
coqfra2,
corbun1,
corcan1,
corcin1,
corcra,
corfin1,
corfly,
corhum1,
cornut1,
corpip1,
corplo,
corshe1,
corswi,
corwre1,
cosbil1,
coseag1,
coshum,
cosowl1,
cosowl3,
cosswa1,
cotcou1,
cotfly1,
cotsun2,
cottyr1,
coukin,
coweye1,
cowfin1,
cowpar1,
cowpig1,
cowscj1,
cozeme1,
cozthr1,
cozvir1,
cqrpig1,
crachi1,
crahaw,
cramur,
craplo1,
cratan1,
crbant1,
crbcan1,
crbcan3,
crbcan4,
crbdro1,
crbfin1,
crbfin3,
crbfla1,
crbflo1,
crbfrd1,
crbgna1,
crbgon1,
crbpar1,
crbsun2,
crbtan1,
crbthr1,
crbtyr1,
crbwoo1,
crbwoo2,
crbwoo3,
crcbab1,
crccou1,
crcdov1,
crcflo1,
crcgro,
crcman2,
crcpuf1,
crcspi1,
crctan1,
crcwar,
crcwoo1,
crcwoo2,
crearg1,
creauk,
crebab1,
crebar1,
crebec1,
crebel1,
creber1,
crebob1,
crebob2,
crebul1,
crebun1,
crebun2,
crecar1,
crecou1,
crecur2,
credor1,
credro1,
creduc1,
creeag1,
crefin1,
crefir1,
crefir2,
crefra2,
cregal1,
cregos1,
cregua1,
cregui1,
crehae1,
crehon,
crehon2,
crehor1,
creibi1,
crejay1,
crekin1,
crelar2,
crelar3,
cremal1,
cremyn,
creoro1,
creowl1,
crepar1,
crepig1,
crepit1,
creque1,
cresat1,
creshe1,
crespi1,
cretit2,
cretre1,
crfant1,
crfbar1,
crfbar3,
crfcar1,
crfgle1,
crfpar,
crgdov1,
crgthr1,
crheag1,
crhman1,
crhmyz1,
crhpar1,
cricha1,
crifin1,
crifru1,
crilon1,
criros2,
crisee1,
crithr,
critop1,
crmwoo2,
crobab1,
crocht1,
crocht3,
crocis1,
crocor1,
croeag1,
crohon1,
crohor1,
crolap1,
crosan1,
crosha1,
croslf1,
crowoo1,
crpowl,
crqdov1,
crrmin1,
crrtou1,
crrwax1,
crsbul1,
crseag1,
crspar1,
crstit1,
crtwar1,
crtwhe1,
crtwhe2,
crvbul1,
crwcin1,
crwfin1,
crwfin2,
crwwoo1,
cryfof1,
crytre1,
crywar1,
cssvir1,
ctgsta1,
cthhue1,
cubbla,
cubblh1,
cubbul1,
cubcro1,
cubeme1,
cubgna1,
cubgra,
cubmac1,
cubmar,
cubpar1,
cubpar2,
cubpew1,
cubree1,
cubscy1,
cubsol1,
cubthr,
cubtin1,
cubtod1,
cubtro1,
cubvir1,
cucara1,
cucjay1,
cuckoo1,
cucman1,
cugwoo1,
cunant1,
cupcro1,
cupowl1,
cursan,
cutia1,
cutthr1,
cuzbrf1,
cvswar1,
cwbros1,
cypwar1,
cypwhe1,
dabcin1,
dabcuc1,
dabhon1,
dabros1,
dabspi1,
dabwar1,
dacgos1,
dacwhe1,
daedov2,
daedov3,
daehon1,
daejun,
daejun2,
dafbab1,
dafgrt1,
dahori1,
dalpel1,
dalshb1,
damfly1,
damroc1,
damter2,
dantai1,
dapthr1,
darbar1,
darbat1,
darnew1,
darnot1,
darpew1,
darros1,
darswi1,
darter2,
darter3,
darter4,
darwar1,
darwoo1,
dasfly,
dasthr1,
datori1,
datsee1,
datthr1,
daujac1,
daupar1,
daured1,
dausta1,
davlew1,
dawmin1,
dawtru1,
dbipig1,
dbptyr1,
dbwqua1,
deasof1,
debflo1,
defpar1,
delpig1,
demcra1,
demwir1,
derpar1,
descha1,
descis1,
desfin2,
deslar1,
desspa1,
desspa3,
desspa4,
deswhe1,
dhbfin1,
diadov1,
diafir1,
dianig1,
diaplo1,
diatan1,
diatap1,
diatap2,
diatro1,
dickci,
dickes1,
didcuc1,
dierai1,
dimfan1,
dindor2,
djifra1,
dltcuc1,
dobant2,
dobcou2,
dobfin1,
dobgra1,
dobplo1,
dobsan1,
doccor,
docsee1,
dodo1,
doecoq1,
dofwoo1,
dohbus1,
dohthb1,
dolgul2,
dollar1,
dorcht1,
dorcis1,
dorgos1,
dosfra2,
dosnig1,
dotbar1,
dotkit1,
dottan1,
doveki,
dovpri1,
dowant1,
dowcra1,
dowwoo,
drahem1,
drapri1,
drasee1,
drasis2,
draswi1,
drawhi1,
drawhi3,
drbhor1,
drbpyt1,
drwtyr1,
dsswea1,
dstkne,
dubfly2,
dubfly3,
dubjac1,
dubpar1,
dubsee1,
dubtan1,
ducatt1,
duccoc1,
ducdov1,
ducfly,
ducfly1,
ducfly2,
ducfog1,
ducgra2,
ducgre1,
duclor1,
ducwin1,
duegih1,
dueowl1,
duftan1,
dugant1,
dugfin1,
dugoro1,
duhpar,
dulfly1,
dulfro1,
dulgua1,
dumant1,
dumant3,
dunlar2,
dunlar3,
dunlin,
dunnoc1,
duplar1,
dusant1,
dusbab2,
dusbro1,
duscrm1,
dusfan1,
dusfly,
dusfri1,
dusful1,
dusger1,
dusgra1,
dusgro,
dushum1,
duslar1,
duslor1,
dusmoo1,
dusmun1,
dusmyz1,
dusnig1,
duspar1,
duspig2,
duspih1,
duspur1,
dusrob1,
dusscr2,
dusscr3,
dusspi1,
dussta1,
dussun2,
dustap1,
dustet1,
dusthr1,
dusthr2,
dustit2,
dustwi1,
duswar,
duswoo1,
duswoo3,
duswoo4,
dutant1,
dutant2,
dutcan1,
dutdov1,
dutfla1,
duther1,
duweye1,
dwabit1,
dwacas1,
dwacuc1,
dwafrd1,
dwahon1,
dwahon2,
dwajay1,
dwakin1,
dwakoe1,
dwatin1,
dwavir1,
dwawhi1,
dwtman1,
dybtwi1,
eaafie1,
eabwar1,
eacaka1,
eacgos1,
eaclar1,
eacsun1,
eactan1,
eacwar1,
eamhar1,
eaosun1,
eaowar1,
eaowar2,
eaptyr1,
eapwhy1,
eardov1,
eargre,
earpit1,
earpoo1,
earque,
easbeg1,
easblu,
easbri1,
easkin,
easmah2,
easmea,
easmog1,
easmog3,
easmog4,
easmog5,
easmog6,
easnic1,
easowl1,
easpho,
easple1,
easros1,
easspi1,
eastow,
easwah1,
easwhi1,
easwpw1,
eatpin1,
eawpew,
eaywag,
eaywag1,
ebomyz1,
ebopar1,
ecgdov1,
eclpar,
ecucac1,
ecuhil1,
ecupic1,
ecupie1,
ecutap1,
ecuthr1,
ecutyr1,
edcsun1,
edcsun3,
edcsun4,
edfpar1,
ednswi1,
edwphe1,
egwtea1,
egygoo,
egynig1,
egyplo1,
egyvul1,
eiamon1,
elblar1,
elctin1,
elecre1,
eleeup1,
elefal1,
elepai,
elepai4,
elepai5,
elepar1,
elepit7,
elequa,
elesun1,
eleter1,
eletit2,
eletro,
elewoo1,
elfowl,
elipig1,
elllau1,
ellphe1,
ellwoo1,
elopar1,
eluant1,
elwwar1,
embpuf1,
emchum1,
emedov2,
emedov3,
emesta1,
emetan1,
emetou3,
emetou4,
emetou8,
emishr1,
emlwar1,
empbri1,
empfai1,
empgoo,
emppen1,
emu1,
engcud1,
engmyn1,
engthr1,
ensowl1,
epaori1,
epaori4,
equaka1,
equgra1,
ercfra,
erttyr1,
eskcur,
esmant1,
esmwoo2,
eswdov1,
ethswa1,
ettwoo1,
eubeat1,
eucdov,
eueowl1,
eugori2,
eugplo,
euhbuz1,
eulfly1,
eunhon1,
eupfly1,
eupowl1,
euptit1,
eurbla,
eurbla2,
eurbul,
eurbul1,
eurcoo,
eurcrm1,
eurcur,
eurdot,
eurgol,
eurgre1,
eurgri1,
eurhob,
eurhoo2,
eurjac,
eurjay1,
eurkes,
eurkes1,
eurlin1,
eurmag1,
eurmag3,
eurmag5,
eurmag6,
eurnig1,
eurnut1,
eurnut2,
eurnut6,
euroys1,
eurrob1,
eurrol1,
eursco1,
eursco3,
eurser1,
eursha1,
eursis,
eurspa1,
eurspo1,
eursta,
eurtre1,
eurtre3,
eurwar1,
eurwar2,
eurwig,
eurwoo,
eurwry,
eutdov,
eutkne1,
eutspa,
evegro,
evesco1,
evethr1,
evweye1,
eybhor1,
eyethr,
eyjfly1,
eyrfla1,
eyrgra1,
eyrthi1,
eywbab1,
fabbow1,
fabbri1,
fabtan1,
fabthr1,
fabwax1,
fabwax3,
fabwhi1,
fabwre1,
faclar2,
faecur,
faifly1,
faiger1,
failor1,
faimar2,
faipit1,
faipri1,
faiter2,
falduc,
falstd1,
famcha1,
fansaw1,
fasant1,
faseag1,
faswre1,
fatber1,
fatcuc1,
fatger1,
fatgra1,
father1,
fatmon1,
fatrav1,
fatwar,
fatwid1,
fawbab1,
fbfdov1,
fbfeye1,
fbtbab1,
feaowl1,
feapet1,
feapet2,
febant1,
feonig1,
fepbat1,
fepoli1,
fepowl,
fepspe1,
ferant1,
ferbab1,
ferduc,
ferfli1,
ferfly1,
ferhaw,
ferlar2,
fernbi1,
fernwr1,
ferpar2,
fescoq2,
fescoq3,
fespar1,
fhbfin1,
fibara1,
fibbus1,
fibflo2,
fibmyn1,
fibmyn2,
fibpic1,
fibwar1,
fibwoo1,
ficale2,
ficale3,
ficbar1,
ficman1,
ficmun1,
fictit1,
fiediu1,
fieldf,
fiemin1,
fiespa,
fietop1,
fifbis1,
fifser1,
fifthr1,
fiipig1,
fijgos1,
fijpar1,
fijpet1,
fijshr1,
fijwhi2,
fijwoo1,
fimbow1,
finbul1,
fineup1,
finfra2,
finnig1,
finwhe1,
fiopen1,
fippar1,
firecr1,
firecr3,
fireth1,
firgat1,
fiscro,
fisfly1,
fisgre1,
fislar1,
fislov1,
fispar1,
fisspa,
fissta1,
fistur1,
fiswoo1,
fitawl1,
fitbar1,
fitfru1,
fithum1,
fitmet1,
fitmyz1,
fitsun1,
flabow2,
flabow3,
flabul1,
flafly1,
flafly2,
flalar1,
flamec1,
flaowl,
flapyt1,
flarob1,
flasun1,
flatre1,
flawar1,
flbflo2,
flbflo3,
flbkin1,
flbsun2,
flbvir1,
flcflo1,
flcman2,
flctan,
flctan1,
flfbar1,
flfshe,
flftan1,
flgpig1,
flicor1,
flistd1,
flobro1,
flocro1,
flohae1,
flojuf1,
flomin1,
flomon1,
flowhe1,
flrgra1,
flrtan1,
flrtan3,
flsjay,
flsowl1,
fltbab1,
fltwar1,
flushe1,
fluwre1,
flystd1,
fobsan1,
focbus2,
fooant1,
fooela1,
foosco1,
foptit1,
forbit1,
forbla1,
forcan1,
forela1,
forfod1,
forfra2,
forhon1,
forkin1,
formag1,
forowl1,
forplo1,
forrai1,
forrav1,
forrob1,
forrot2,
forswa2,
forter,
forthr1,
forwag1,
forwea1,
forwoo1,
fospar1,
fosrob1,
fotdro1,
fotdro4,
fotfly,
fotpyt1,
fotsun1,
fotswi,
fotwoo1,
fowswi1,
fowthr1,
foxcis1,
foxkes1,
foxlar1,
foxsp2,
foxsp3,
foxsp4,
foxspa,
foxwea1,
fragos2,
fragul,
frbtho1,
frbwar1,
frbwoo1,
freduc1,
frenig1,
freowl1,
frgdov1,
fricoq1,
frifan1,
frilar1,
frimon1,
frnmon1,
fruith1,
ftpswi1,
ftspet,
fubfla1,
fubwoo2,
fucjuf1,
fucnun1,
fuctan1,
fudtre1,
fuebou1,
fuelon2,
fuesni1,
fuhtan1,
fujnil1,
fulant1,
fulcha1,
fulowl1,
fulpar1,
fulpri1,
fulwre1,
furfly1,
fusfly1,
fusfly2,
fushon1,
fustan1,
fuveup1,
fuwduc,
gabaka1,
gabbou1,
gabbus1,
gabcou1,
gabfru1,
gabgos2,
gabwoo1,
gabwoo3,
gadwal,
gagcoc1,
gagtan1,
gagtan2,
gagwar2,
galah,
galdov1,
galfly1,
galhaw1,
galmar1,
galmoc1,
galpen1,
galpet,
galrai1,
gamfly1,
gamqua,
ganlew1,
gareme1,
gargan,
garkin1,
garpit1,
garrob1,
gartro1,
garwar1,
gathum1,
gaweye1,
gawhum1,
gawtyr2,
gbbgul,
gbesta1,
gbhgul2,
gbmgem1,
gbmtan1,
gbopar1,
gbopar2,
gbsfin1,
gbwwre1,
gcbwar1,
gchwar,
gcoroc1,
gcptan1,
gcrfin,
gcrwar,
gdcsun2,
gencaf1,
genpen1,
geomal1,
geppar1,
gepphe1,
gerswi1,
gfhpar1,
gfqdov,
ghacus1,
giaant1,
giaant2,
giabab1,
giacon1,
giacoo1,
giacou1,
giacow,
giahum1,
giaibi1,
giakin1,
giakin3,
gialau1,
gianut1,
giapit1,
giasni1,
giawea1,
giawre1,
gietan1,
gilbar1,
gilfli,
gilhum1,
gillar1,
gilwhi1,
gilwoo,
giweye1,
giwrai1,
glagul,
glamac1,
glatan1,
glbbec1,
glbcoc1,
glbeme1,
glbgro1,
glbthr1,
glgtan1,
glmman2,
gloant1,
gloflo1,
gloibi,
glopuf2,
gloswi1,
glteme1,
glthum1,
glwgul,
gmrtai1,
gnbbec2,
gnbcam2,
gnbcam3,
gnbger1,
gnbhel1,
gnbman,
gnbtai1,
gnbtro1,
gnbwhe1,
gncpar,
gnfhum2,
gnhsun1,
gnlthr,
gnspig1,
gntbri1,
gnteup1,
gntsun1,
gnttan1,
gnttow,
gobbis1,
gobbun1,
gobchl1,
gobcht1,
gobeup1,
gobfly1,
gobfly2,
gobfru1,
gobful1,
gobger1,
gobgro1,
gobmag1,
gobpuf1,
gobrob1,
gobsal1,
gobsta1,
gobsta5,
gobwar1,
gobwar2,
gobwar4,
gobwea1,
gobwhi1,
gocbab1,
goceme1,
gocfly1,
gochon2,
gockin,
gocman1,
gocman2,
gocmyn1,
gocpar2,
gocspa,
gocspa1,
goctan1,
goctan2,
goctan3,
goctan4,
goctou1,
gocwoo1,
gocwoo2,
gocwoo3,
godbun1,
goeant1,
goetan1,
gofbow1,
gofful2,
gofgre1,
goflea1,
gofred1,
goftyr1,
goftyr4,
goftyr5,
gofwoo,
gofwoo2,
gogwoo1,
gohcis1,
gohman1,
gohque1,
gohtan1,
goifin1,
golbab1,
golbow1,
golbul3,
golbul4,
golcou1,
golcus1,
goldcr1,
goldov1,
goleag,
golgre1,
golher1,
gollor1,
golmon1,
golmyn1,
golnig1,
golpar2,
golpar3,
golphe,
golpip1,
golswa1,
goltan1,
golvir1,
golwhi1,
golwhi2,
gonbar1,
gonfin1,
gontan1,
gonwea1,
gonwoo1,
goowoo1,
goowoo3,
goppar1,
gopwea1,
goreup1,
gorflo1,
gorpuf1,
gorsun1,
gortan1,
gorwoo2,
gosapa1,
gosbun1,
goseup1,
gospar1,
gospic1,
gospic3,
goswar1,
gotbar2,
gotbar3,
gotgra1,
gotpar2,
gotsap1,
gotwoo1,
goufin3,
goufro1,
goujew1,
goupet1,
gousho1,
gousun1,
goutou1,
gowbar1,
gowcac1,
goweye1,
gowgro2,
gowgro3,
gowlau1,
gowman1,
gowpar2,
gowqua1,
gowspa1,
gowsun2,
gowtof1,
gowwar,
grablu1,
grabro1,
grabul1,
grabuz1,
gracus1,
graeao1,
graela1,
graela2,
gragoo,
gragra1,
graher1,
grahon2,
grahon3,
grahon5,
gralar2,
gramal1,
gramin1,
gramou1,
gramun1,
granda1,
granig1,
granig3,
graori1,
graori2,
graori3,
graori4,
grapet,
grapic1,
grapri1,
grasal3,
graspa,
graspa1,
grathr1,
gratre1,
grawar,
grawar1,
grbani,
grbbec1,
grbbus1,
grbcam1,
grbcou1,
grbcou2,
grbcra1,
grbeat1,
grbere1,
grbfir1,
grbhaw1,
grbher1,
grbher2,
grbher3,
grbhon1,
grbhon2,
grbhum1,
grbkin1,
grbmal1,
grbpar1,
grbpit1,
grbrob1,
grbspa1,
grbtit1,
grbtou1,
grbtur1,
grbtwi1,
grbwhi1,
grbwoo1,
grbwoo2,
grbwoo3,
grbwre1,
grcbec1,
grcbri1,
grccra1,
grcdov1,
grcdov2,
grcfly,
grcfly1,
grcfly3,
grcgre1,
grctan1,
grcter1,
grcthr1,
grcwoo1,
grdswi1,
greadj1,
greaki2,
greaki3,
greaki4,
greama,
greani1,
greant1,
greant2,
greara1,
grearg1,
greauk,
grebar1,
grebar2,
grebar3,
grebit1,
grebow1,
grebro1,
grebus1,
grecat1,
grecoc1,
grecor,
grecor4,
grecou1,
grecro1,
grecur1,
gredov1,
greegr,
greela,
greela1,
greere1,
grefla1,
grefla2,
grefla3,
greflo1,
grefly1,
grefri,
gregre1,
greher1,
grehon1,
grehon2,
grehor1,
grehyl1,
greibi1,
greind1,
greior1,
greior2,
grejac2,
grejer1,
grejun1,
grejun2,
grekes1,
grekis,
grekno,
grelic1,
gremag1,
greman1,
greman2,
gremel1,
grenig1,
greori1,
greoro1,
grepar,
grepar1,
grepea1,
grepew,
grepot1,
grepuf1,
grerhe1,
greroa,
greros1,
greros2,
gresap1,
gresca,
gresch2,
grescy1,
greshe,
gresho1,
gresht1,
gresku1,
gresni1,
grespi2,
grests1,
gresun1,
gretea1,
gretho1,
gretho2,
grethr1,
gretin1,
gretin2,
gretit1,
gretit2,
gretit4,
gretyr1,
grewar2,
grewar3,
grewhi1,
grewoo1,
grewoo2,
grexen1,
greyel,
greyel1,
grfdov1,
grfhaw1,
grfhum1,
grflan1,
grfpar1,
grglea1,
grgmac,
grgowl,
grgrob1,
grgtan1,
grgwar1,
grhcha1,
grhgul,
grhkit1,
grhlar1,
grhori1,
grhowl,
grhowl2,
grhpip1,
grhtan1,
grhtan2,
grifin1,
grilon1,
gripig1,
grkfin,
grkwhe1,
grnava1,
grnfig1,
grnher,
grnimp2,
grnjay1,
grnjay2,
grnkin,
grnlon1,
grnpar,
grnpar2,
grnpar3,
grnpyg1,
grnsan,
grntan1,
grnvie1,
grnwar1,
grnwoo1,
grnwoo3,
grocus1,
gropar1,
gropar2,
grothr1,
grotit1,
growea1,
growoo1,
grpchi,
grpeag1,
grpfin1,
grpsni1,
grrpar1,
grrspa1,
grrswi1,
grrtai1,
grrwar1,
grrwoo1,
grsbab1,
grsbop1,
grscuc1,
grseag1,
grsfly1,
grshon1,
grskiw1,
grsplo,
grsvir1,
grswar1,
grswar2,
grswoo,
grswoo1,
grtcar1,
grtcha1,
grtdro1,
grteme1,
grtgol1,
grtgra,
grtjac1,
grtkne1,
grtlea1,
grtman1,
grtsun1,
grttra1,
grtwar1,
grwpel1,
grwpet2,
grwpet3,
grwpyt1,
grwsal1,
grwtyr1,
gryant1,
gryant2,
gryapa1,
grybun,
grybus1,
grybut1,
grycat,
grycis1,
grycro1,
grycur1,
grycus1,
gryemt1,
gryfal1,
gryfan1,
gryfin1,
gryfin2,
gryfin3,
gryfly,
gryfra,
gryfri1,
grygab1,
gryger1,
grygos1,
grygra1,
grygre1,
grygrt1,
grygul,
gryhaw2,
gryhaw3,
gryhon1,
gryimp1,
gryjay,
grykes1,
grykin,
grylau1,
grylon1,
grymon1,
grynig1,
grynig2,
grynod1,
grypar,
grypar1,
grypep2,
grypep3,
grypra1,
grysee1,
grysht1,
grysib1,
grytif1,
grytin1,
grytit1,
grytre1,
gryvir,
grywaf1,
grywag,
grywhi2,
grywoo1,
grywre1,
grywrw1,
gsbfin1,
gsgdov1,
gstlar1,
gstswi1,
gtmgem1,
guacar2,
guacor1,
guacro1,
guafly1,
guahon1,
guaiab1,
guarai1,
guathi1,
guawoo1,
guawoo2,
gubter1,
gubter3,
gufgle1,
guhwhi1,
guicuc1,
guigna2,
guigna3,
guigna4,
guipuf1,
guista1,
guitan1,
guitou1,
guitur1,
guityr1,
guiwaa1,
gunhaw1,
gurcot1,
gureag1,
gurpit1,
gursug1,
gusgro,
guspet,
gwfgoo,
gybant1,
gybbab1,
gybbab2,
gybbul1,
gybcom1,
gybfis1,
gybflo1,
gybfly1,
gybfra1,
gybhaw1,
gybhaw2,
gybmar,
gybmot1,
gybmun1,
gybpar1,
gybpar3,
gybpar4,
gybpar5,
gybpar6,
gybpri1,
gybrob1,
gybsab1,
gybsab4,
gybsee1,
gybshr1,
gybsht1,
gybspi1,
gybspi2,
gybspl1,
gybstp1,
gybtac1,
gybtai1,
gybter1,
gybtes1,
gybthr1,
gybwow3,
gybwrb1,
gycbab1,
gycbul3,
gyccro1,
gyccuc,
gycfin1,
gycfly1,
gycful1,
gycful3,
gycful4,
gycful5,
gycgre1,
gychel1,
gychem1,
gycher1,
gycill1,
gycjuf1,
gycmin1,
gycmun1,
gycnun1,
gycpar1,
gycpig1,
gycpri1,
gycshr1,
gyctet1,
gycthr,
gyctib1,
gyctit1,
gyctyr1,
gyctyr2,
gycwar1,
gycwar2,
gycwar3,
gycwoo1,
gycwor1,
gycyel,
gyebul1,
gyegre1,
gyfbuz1,
gyfcin1,
gyfhon1,
gyflio1,
gyftib1,
gyfwoo1,
gygbus1,
gygfrd1,
gygscr1,
gyhalb,
gyhant1,
gyhatt1,
gyhbab1,
gyhbat1,
gyhbri1,
gyhbro1,
gyhbul1,
gyhbul2,
gyhbun1,
gyhbus1,
gyhbut1,
gyhcaf1,
gyhchi,
gyhcus1,
gyhdov1,
gyhdov3,
gyhfie1,
gyhfly1,
gyhfrd1,
gyhgos1,
gyhgre1,
gyhhon1,
gyhimp1,
gyhkin1,
gyhlap1,
gyhlov1,
gyhmun1,
gyhneg1,
gyholi1,
gyhpar1,
gyhpar2,
gyhpar3,
gyhpar4,
gyhrob1,
gyhrob2,
gyhsif1,
gyhsil1,
gyhsow1,
gyhspa1,
gyhspi1,
gyhsun1,
gyhsun2,
gyhtof1,
gyhvul1,
gyhwar1,
gyhwar2,
gyhwhe1,
gyhwoo1,
gyltin1,
gymwre1,
gynant1,
gynroc1,
gyogre1,
gyrfal,
gyrswa1,
gyrswi5,
gyrtre1,
gysbuw1,
gysflo1,
gysfly1,
gysfra1,
gyslau,
gysscb1,
gysthr1,
gytbab1,
gytbar1,
gytbul1,
gytmar1,
gytpih1,
gytrai1,
gyttat1,
gyttif1,
gytwaf1,
gytwar1,
gytwhe1,
gywbla1,
gywcot1,
gywfra1,
gywinf1,
gywroc1,
gywtru1,
habbar1,
habbul1,
habfly1,
hacant1,
hacdro1,
hackin1,
hacspa1,
hadibi1,
haipar1,
haiwoo,
halbab1,
halcus1,
halori1,
halwar1,
hamerk1,
hamfly,
hanboo1,
hanboo2,
hanfly1,
hanfra2,
hanfru1,
hansun1,
hapwre1,
harant1,
harbab1,
harbus2,
harduc,
harduc1,
hareag1,
harfra3,
harfra4,
hargul1,
harlew1,
harqua1,
harspa,
hartur1,
hattyr1,
hauthr1,
hauthr3,
hawama,
hawcoo,
hawcre,
hawcro,
hawduc,
hawfin,
hawgoo,
hawhaw,
hawmam1,
hawoo,
hawpet1,
hawrai,
hawrai1,
hazgro1,
heegul,
heicra1,
heisha1,
heishe1,
helcur1,
helfri1,
helfri3,
helfri4,
helgui,
helhor1,
helman1,
helmyn1,
helpip1,
helvan1,
helwoo1,
hemhor1,
hemwea1,
hengos1,
henpet1,
henspa,
heptan1,
heptan2,
heptan3,
heptyr1,
hercha1,
hergul,
herpet2,
herthr,
herwar,
heswoo1,
heubus1,
heufra1,
heuwhe1,
heuwhe2,
hfptyr1,
hhfgle1,
hibfly1,
hibfly3,
hifdov1,
higela2,
higela3,
higgua1,
higmot1,
higtin1,
hilfra2,
hilmyn,
hilpar1,
hilpig1,
hilpri1,
hilpri2,
hilsta1,
himacc1,
himblu1,
himcuc1,
himfla1,
himgri1,
himmon1,
himowl1,
himqua1,
himrub1,
himshb1,
himsno,
himswi2,
himthr1,
himwoo1,
hipbab1,
hirwar1,
hirwar2,
hiscro,
hiseme1,
hislic1,
hispar,
hispar1,
hispew1,
hisspi,
histro1,
hiswoo1,
hoapuf1,
hoared,
hoatzi1,
hobbul1,
hobcuc1,
hobher2,
hobkin1,
hobkit,
hobkit2,
hobvan1,
hodfro1,
hodhac1,
hodred1,
hofwoo1,
hofwoo2,
hogwea1,
hohgre1,
homtan1,
homtou1,
honeme1,
hongre1,
hooant1,
hoober2,
hoobut1,
hoocra1,
hoocro1,
hoocus1,
hoogna1,
hoogre1,
hoogro1,
hoomer,
hoomoc1,
hoomon1,
hoomun1,
hooori,
hoopar1,
hoopit1,
hoopit2,
hooplo2,
hoopoe,
hoorob1,
hoosis1,
hootan1,
hootin1,
hootre1,
hoovis2,
hoovul1,
hoowar,
hoowhe1,
hooyel1,
horbab2,
horcoo1,
horcur2,
horcur3,
horgre,
horgua1,
horlar,
horpar2,
horpar3,
horpuf,
horscr1,
horsun2,
horswi1,
hosbro1,
hotbar1,
hotbut1,
hotbut3,
hotspi1,
hottea1,
houbun2,
houbun3,
houbus1,
houcro1,
houfin,
houspa,
houswi1,
houwre,
houwre5,
hrshaw,
huatin1,
hubtyr1,
hudcan1,
hudgod,
huia1,
humant1,
humher1,
humlar1,
humowl1,
humpen1,
humphe1,
humsap2,
humsun2,
humwar1,
humwhe1,
humwhe2,
humwhi1,
huncis1,
hunsun2,
huoast1,
huocat1,
huomel1,
hutshe1,
hutvir,
hyamac1,
hyavis1,
hypoco1,
ibamal1,
ibechi2,
ibesee1,
ibgshr1,
ibisbi1,
ictgre1,
ictwar1,
iheant1,
iiwi,
ijlwar1,
imewaa1,
imispa1,
immant1,
immwrb1,
impcor1,
impeag1,
imppar1,
impsni1,
impwoo1,
inagna1,
inawoo1,
inawoo2,
inbkin2,
inbrob1,
incdov,
incfly1,
inchum1,
incter1,
incwre1,
indbar1,
indbun,
indbus1,
indbus2,
indbus3,
indcha1,
indcor1,
indcou1,
indcuc1,
indcus1,
indflo1,
indfly1,
indful1,
indhon1,
indmac1,
indnig1,
indpit1,
indrob1,
indrol1,
indrol3,
indsil,
indski1,
indswi1,
indthk1,
indtit1,
indvul1,
indwhe1,
indyuh1,
inghor2,
ingori1,
inirai1,
inldot2,
inltho1,
inpher1,
insbab1,
inseag1,
insowl1,
intant1,
integr,
invrai1,
inwpar1,
iphmon2,
iqugna1,
irabab1,
irgjay1,
iriaka1,
irilor1,
isabuh1,
isaori1,
isashr1,
isawhe1,
isbduc1,
iscdov1,
isipig1,
islfly1,
isllew10,
isllew9,
islmon1,
islthr1,
islwar1,
islwhi2,
issjay,
istwre1,
itaspa1,
itaspi1,
itonig1,
itubat1,
ivbara1,
ivbara3,
ivbpit1,
ivbwoo,
ivbwoo1,
ivogul,
izuthr1,
jabiru,
jabwar,
jabwar1,
jacbuz1,
jacfra2,
jachor1,
jacpen1,
jacsni,
jacwid1,
jacwin1,
jafdov1,
jamant1,
jambec1,
jambla1,
jamcro1,
jamela1,
jameup1,
jamfir1,
jamfla1,
jamind1,
jamlic1,
jamman1,
jamori1,
jamowl1,
jampau,
jampew1,
jamspi,
jamtod1,
jamvir1,
jamwoo1,
janher1,
janpar1,
japacc1,
japcor1,
japfly1,
japgro1,
japher1,
japmur1,
japqua,
japrob1,
japspa1,
japthr1,
japwag1,
japwax1,
japwoo1,
jasowl1,
jasowl2,
javcoc1,
javcus1,
javfla1,
javfro2,
javfro3,
javful1,
javhae1,
javkin1,
javmun1,
javowl1,
javplo1,
javspa,
javtes1,
javtro1,
javwht1,
jaweye1,
jaweye2,
jawpig1,
jelcht1,
jerbab1,
jerbaz1,
jerbus1,
jerbus2,
jercou1,
jerlea1,
jernig1,
jetant1,
jetman2,
jfttyr1,
jgtwhe1,
jobman1,
jocant1,
johsun2,
johtot1,
jopind1,
joslor1,
jottyr1,
joupet,
joygre1,
jrswar1,
jubqua1,
juffir1,
jufpet,
junbab2,
juncan1,
jungre1,
junhao1,
junmyn1,
junowl1,
junpri1,
juntap1,
juntit1,
kagu1,
kaicus1,
kakapo2,
kakawa,
kalgra1,
kalphe,
kamao,
kamwea1,
kanfan1,
kanhon1,
kanwax1,
karapa1,
karbus1,
karcha1,
karlar2,
karpri1,
karthr1,
kasfly1,
kasnut1,
kasrob1,
kasrob2,
kattyr1,
kauama,
kauoo,
kawpar1,
kbfdov1,
kbopar1,
kea1,
kebmot1,
kebtou1,
kelgoo1,
kelgul,
kemlon1,
kenplo1,
kensta1,
kenwar,
kerlau2,
kerlau3,
kerpet,
kerpet2,
kersha1,
kerspa2,
kerter1,
kilcis1,
killde,
kilwea1,
kimhon1,
kincal1,
kineid,
kinpen1,
kinrai2,
kinrai4,
kinvul1,
kioea,
kirsan1,
kirwar,
kirwhe1,
kitmur,
kitplo1,
klaant1,
klaant2,
klacuc1,
klblar1,
klolew1,
knohor1,
knswar1,
knytur1,
knywoo1,
koeher1,
koesco1,
kokako3,
kokako4,
kokphe1,
kongro,
kopkin1,
kopwar1,
korbus1,
korfly1,
korlar1,
korspa1,
koscra1,
kosfrd1,
kospar1,
kossta1,
koswhe1,
krelon1,
krunut1,
kuhlor1,
kullew1,
kulmon1,
kulwhe1,
kunapa1,
kurthr1,
kvbsun1,
kwqdov,
laaphe1,
labant1,
labcro1,
labcro3,
labcro4,
labduc,
labger1,
lablar1,
labpuf1,
labrew1,
labscr2,
labter1,
labwoo,
lacwoo1,
laffin1,
lafpar1,
lafpic1,
laftap1,
lafvan1,
lafvul1,
lagbab2,
lagbus1,
lagfal1,
lagfin1,
lagpig1,
lahfla2,
lakduc1,
lalbru1,
lalbun1,
lalmaw1,
lammer1,
lamtan1,
lanfal1,
lanhoo,
lanmon1,
lanwar,
laplon,
larblf1,
larbun,
larcaf2,
larcus1,
larela1,
larfro1,
larhac1,
larhac2,
larnil1,
larscr1,
larspa,
larwoo1,
lasbab1,
lasfly,
lasthr1,
latant1,
latdov1,
latfin1,
latlar1,
latman1,
latnig1,
latnig2,
latsni1,
lattro1,
laudov1,
laufal1,
laugul,
laukoo1,
lauowl1,
laupig1,
lauwow1,
lavgul1,
lavwax,
lawbab1,
laweye1,
lawgol,
lawpar1,
lawpar2,
lawthr1,
layalb,
layduc,
layfin,
laypar1,
layrai,
laywar2,
lazbun,
lazkin1,
lazsab1,
lbbgul,
lbbwar1,
lbegls2,
lbesta1,
lblwar1,
lbopar1,
lbsfin1,
lbwbab1,
lbweye2,
lcptyr1,
lcspet,
leaant1,
leaauk,
leabit,
leabul1,
leaflo1,
leafly,
leafly1,
leafly2,
leagre,
leahon1,
leahon2,
leanig1,
leapau1,
leapew1,
leapyo1,
leasal1,
leasan,
leasee1,
leastp2,
leastp5,
leaswi1,
leatan1,
leater1,
lebber1,
lebcou1,
lebcro1,
lebfly2,
lebfly3,
lebsee1,
lebwhe2,
lecgre2,
lecspa,
lecter2,
lecthr,
lefeag1,
legcuc1,
leglea1,
legrob1,
legshr2,
lehlar1,
lekfin,
lemdov2,
lemowl1,
lenlau1,
lepchi,
lesadj1,
lesaki,
lesbop1,
lesbri2,
lescou1,
lescuc1,
lescus1,
leseag1,
lesela1,
lesfla1,
lesflo2,
lesfri,
lesgol,
lesgre1,
lesgrf1,
leshon1,
leshor1,
lesjac1,
leskes1,
leskis1,
lesmaw1,
lesmel1,
lesmoo1,
lesnig,
lesnod1,
lesnot1,
lesowl1,
lesplo,
lesred1,
lesrhe2,
lesroa1,
lessca,
lessee1,
lessee2,
lessho1,
lessht1,
lessts1,
lestan,
lesvio1,
leswar1,
leswhi1,
leswoo1,
leswoo2,
leswoo4,
lesyel,
lesyel1,
letara1,
letbar1,
letwar1,
levcuc1,
levshe1,
levspa1,
levwoo1,
lewduc1,
lewhon1,
lewkit1,
lewrai1,
lewtyr1,
lewwoo,
libbus1,
libcor1,
libcuc1,
libeat1,
libher,
liblar1,
librol2,
licdov1,
licpar,
licsan1,
licspi1,
licspi2,
lidjay1,
lifcan1,
liffal1,
lifgle1,
ligfly2,
ligpig1,
ligsun2,
ligtyr1,
ligwoo1,
ligwoo3,
liifin1,
likwhe1,
lilkin1,
lillov1,
limalb1,
limlew1,
limpki,
limwrb3,
linant1,
linbar1,
linsee1,
linspa,
linsun1,
linwoo1,
linwoo3,
linwoo4,
linwoo5,
linwoo6,
lipcor1,
lipfly1,
lipkin1,
liqdov1,
lirplo,
lirthr1,
lisfly1,
lishao1,
liskiw1,
litbar1,
litbit1,
litbun,
litbus1,
litbut1,
litcor1,
litcor2,
litcra1,
litcro1,
litcuc2,
litcur,
liteag1,
liteag3,
litegr,
litegr2,
litfor1,
litfri1,
litgra1,
litgre1,
litgre2,
litgre4,
litgul,
lither2,
lither3,
litkin1,
litlor1,
litnig1,
litowl1,
litpar2,
litpen1,
litrav1,
litrot1,
litshe,
litshe1,
litshe2,
litshe4,
litshr1,
litshr2,
litshr3,
litshr4,
litshr5,
litshr6,
litspa1,
litspi1,
litsti,
litsun1,
litswi1,
litter1,
littho1,
littin1,
litwat1,
litwea1,
litwoo1,
litwoo2,
litwoo4,
litwoo5,
livbul1,
livfly1,
livtur1,
liwrai1,
lizbuz1,
llweye1,
loawea1,
lobber1,
lobblf1,
lobcor1,
lobcro1,
lobcuc1,
lobcur,
lobdow,
lobgna4,
lobgna5,
lobher,
lobhon2,
lobmel1,
lobmur,
lobpar2,
lobpar3,
lobpip1,
lobpip7,
lobplo1,
lobrha1,
lobspi1,
lobsta1,
lobsun2,
lobtai1,
lobthr,
lobthr1,
lobwoo1,
lobwre1,
loceag1,
locmyn1,
locust3,
loeowl,
logkin,
logshr,
lohger1,
lohrai1,
lohswa1,
lolbuz1,
lolpip1,
lolwar1,
lomfly1,
lorsat1,
lorwhi1,
lotant1,
lotbro1,
lotcin1,
lotcor1,
lotduc,
lotfan1,
lotfin1,
lotfis1,
lothaw1,
lother1,
lotjae,
lotkoe1,
lotlap1,
lotman1,
lotmea1,
lotmin1,
lotmoc1,
lotmop1,
lotmop2,
lotmyn1,
lotnig1,
lotnig2,
lotpar1,
lotpar2,
lotpot1,
lotros1,
lotsab1,
lotsco1,
lotshr1,
lotsib1,
lotsta1,
lotsti,
lotsyl1,
lottap1,
lotthr1,
lottit1,
lottit5,
lottri1,
lottyr1,
lotwid1,
lotwoo1,
lotwoo2,
louflo1,
loupit1,
louwat,
louwhi1,
lovcot1,
lovfai1,
lovsun1,
lovsun3,
lowaka1,
lowant1,
loweye1,
loweye2,
lowhar1,
lowowl1,
lowpel1,
lowumb1,
lrtdro1,
lshpet1,
lsspet,
lstlar2,
lstlar3,
lstswi1,
ltbwar1,
ltgdov1,
ltgrol1,
ltgsta1,
lthbuz1,
ltpwhy1,
ltrfin1,
ltsfly1,
ltwbab1,
ltwpar1,
lubhea1,
luchum,
lucwar,
ludbus1,
ludful1,
luebus1,
lunant2,
lusbab1,
lusowl1,
luzbut1,
luzfla1,
luzhor1,
luzrai1,
luzrat1,
luzred1,
luzwrb1,
lwfgoo,
lyhvul1,
lython1,
lytnig1,
mabacc1,
mabara1,
mabeat1,
mabfly1,
mabfly2,
mabpar,
mabphi2,
mabpig1,
mabpig2,
mabqua1,
mabwea1,
mabwhi1,
macbow2,
macbus1,
macbus2,
macdov1,
macduc1,
macfrd1,
macfrd2,
macfrd3,
machon2,
machon3,
macpen1,
macsha1,
macshr1,
mactan1,
macwar,
madant1,
madbrw1,
madbul1,
madbut1,
madbuz1,
madcis2,
madcou1,
madcuc1,
madcuh1,
madflu1,
madgre1,
madgrp1,
madgrp2,
madhoo1,
madibi1,
madjac1,
madkes1,
madlar1,
madmun1,
madnig1,
madpar2,
madpet,
madpet1,
madplo1,
madpoc1,
madpra1,
madrai1,
madsan1,
madsni1,
madspa1,
madsta1,
madsun1,
madswi1,
madwag1,
madwhe1,
madwor1,
mafdov1,
mafdov2,
mafeag1,
mafpar1,
mafpar3,
magant1,
magcor1,
magfri,
maggoo1,
maghor2,
maghum1,
maghum2,
maglar1,
magman1,
magoys1,
magpar1,
magpen1,
magpet1,
magplo1,
magrif2,
magrif3,
magrob,
magshr1,
magsta1,
magsto1,
magsun1,
magtan2,
magtap1,
magwar,
magwoo1,
mahhaw1,
malemu1,
maleo1,
malfan1,
malfir1,
malhac1,
malhon1,
malia1,
malkin1,
malkin2,
mallar1,
mallar3,
mallau1,
mallee1,
malnig1,
malpar1,
malpar2,
malpas1,
malpip1,
malplo1,
malspi1,
malsta1,
malsun1,
maltro1,
malwoo1,
mamrob1,
mamtan1,
manant1,
manbuw1,
mancic1,
mancuc,
manduc,
manduc1,
manfan1,
manfan2,
manfin1,
manger1,
manhao1,
manhaw2,
manher1,
manhon1,
manhum1,
mankin1,
mankin2,
mankin3,
manmon1,
manowl1,
manowl2,
manpit1,
manrai1,
manrew1,
manrew2,
manrob1,
manshe,
mansun1,
manswa1,
mantho1,
manvir1,
manwaa1,
manwhi1,
mao1,
mapant1,
mapfly1,
mapfly2,
mapher1,
maphor1,
mapkin1,
mapphe1,
mappyt1,
maqcan1,
marbab1,
marbab2,
marcre1,
marcro1,
mareag1,
marfly1,
marfro1,
margod,
margra1,
margrd1,
margua1,
marhon1,
marimp1,
markin2,
marmon2,
marmur,
marori1,
marori2,
marowl1,
marowl2,
marpig1,
marrew2,
marsan,
marsee1,
marspa1,
marspi2,
marspi3,
marsto1,
marsun2,
marswi,
marswi2,
martap1,
martch2,
martea1,
marthr2,
martit2,
marwar1,
marwar2,
marwar3,
marwar4,
marwhe1,
marwid1,
marwoo1,
marwre,
masant1,
masapa1,
masboo,
mascan1,
mascoo1,
masduc,
maseag1,
masfin1,
masfin3,
masflo1,
masfru1,
masgna1,
mashum1,
maslap1,
maslar1,
maslau1,
masmar1,
masowl1,
masowl2,
maspar1,
maspar2,
maspet,
maspet1,
maspet2,
maspet3,
masray1,
massal1,
masshr1,
masswi1,
mastan1,
mastit1,
mastro1,
maswar1,
maswhe2,
maswhe3,
maswoo1,
masyel1,
masyel3,
masyel4,
masyel5,
matdov1,
matfan1,
matfly1,
matfly2,
matpar1,
matpar2,
mattap1,
matwoo1,
mauala,
maubul1,
maucus1,
mauduc1,
maufod1,
maukes1,
maumon1,
maunih1,
maupar,
maupar1,
mausco1,
maushe1,
mauwhe1,
mawbab1,
maweye2,
mawqua1,
mawthr1,
mawthr2,
mawtyr1,
maydro1,
mayhon1,
mayrai1,
maysco1,
maysun2,
mayswi1,
maywhe1,
mbopar2,
mccfin1,
mccfly1,
mccfly3,
mcclon,
mccspi1,
mcfdov1,
mcgcus1,
mcgdov1,
mckbun,
mcptit1,
mcrtyr1,
mdcsun2,
mdcsun3,
meabun1,
meapar,
meapar1,
meapip1,
medgul1,
meelor1,
meenig1,
megfin1,
megsta1,
megtan1,
mekwag1,
melbla1,
melcus1,
melcus3,
melduc1,
melfly1,
melkin1,
melscr1,
melthr,
melwar1,
melwoo1,
menwar1,
meppar1,
merflo1,
merlin,
mertap1,
merwre1,
mesowl1,
metfin1,
metpig1,
metsta1,
metsta3,
mewgul,
mewsun2,
mexchi,
mexduc,
mexher1,
mexjay3,
mexjay4,
mexpar1,
mexshe1,
mexwoo1,
meyfri1,
meygos1,
meypar1,
mfbtyr1,
mibhea2,
mickin1,
mickin4,
mickin5,
micmyz1,
micscr1,
micsta1,
midflo1,
migtyr1,
migwar,
miipig1,
miipig2,
mikphe1,
miller,
milmac,
milrai1,
milsto1,
miltap1,
mimhon1,
minblh1,
minboo1,
minboo2,
minbul1,
mineao1,
minher1,
minhor1,
minhor2,
minjuf1,
minlor1,
minmib1,
minowl1,
minrat1,
minwhe1,
miobar1,
miosun1,
miosun2,
miotit2,
miowrw1,
miowrw3,
mirtai1,
mirthr1,
miskit,
misowl1,
misowl2,
misrob1,
misthr1,
mistle1,
mistyr1,
miswoo1,
miswrb1,
mitbab1,
mitpar,
mleowl1,
moasun1,
mobela1,
mobfin1,
mobpar1,
mobsun1,
mobtan1,
mocant1,
moccha1,
mocsun2,
moctap1,
mocthi1,
moctyr1,
moctyr2,
moctyr6,
mofgle1,
mofsco1,
mogjay1,
mogwar1,
mohbrw1,
mohbul1,
mohcuc1,
mohpar1,
mohsco1,
moipig1,
mokpar1,
molcuc1,
molcus1,
molfly1,
molgos1,
molhao2,
molhao3,
molown1,
molpit1,
molscr1,
molsta1,
molswi1,
molswi3,
molswi4,
molwoo1,
momwar1,
momwoo1,
monacc1,
monbus1,
monfin2,
monhar1,
monhor1,
monlar1,
monlar2,
monori1,
monoro1,
monpar,
monpar2,
monqua,
monstp1,
monswi2,
monwoo1,
monyef1,
moocha1,
moofra2,
moonig1,
moorew1,
moosan1,
mopphe1,
morcha1,
mornin1,
morsun2,
mosbou1,
mosbou4,
moseag1,
mosfin1,
mosowl1,
mosowl2,
mosswa2,
motduc,
motflo1,
motmun1,
motowl,
motpar1,
motpet,
motpic1,
motspi1,
motswi2,
motwhi1,
mouant,
mouant1,
mouavo1,
moubab1,
moubar1,
moubar2,
mouble1,
moublu,
moubru2,
moubul2,
moubuz2,
moubuz3,
moucac1,
moucac2,
moucar1,
mouchi,
mouchi2,
moudov,
mouela1,
moufir1,
mouflo1,
mouful1,
mouger1,
mougra1,
mouhae1,
mouhae2,
mouill1,
moukin1,
moukin2,
moulau1,
moumel1,
moumyz1,
moupar2,
moupel1,
moupip1,
mouplo,
moupuf1,
mouqua,
moured1,
mourob1,
mousaw1,
mouser1,
mousta1,
mousun1,
mouswi2,
moutai2,
moutho1,
moutin1,
moutre1,
moutro1,
moutur1,
mouvel1,
mouwag1,
mouwar,
mouwar1,
mouwar2,
mouwar4,
mouwhe1,
mouwhe2,
mouwhe4,
mouwhe5,
mouwoo1,
mouwre1,
mouwre2,
mowbab1,
mowowl1,
moywar1,
mrmwar1,
mrmwar3,
mtkbus1,
mugfly,
mulpar1,
multan1,
munwow1,
murpet,
musduc,
musduc1,
muslor1,
muswre2,
mutswa,
myssta1,
nabant1,
nabtod1,
nabwoo1,
nacnig1,
nafbar1,
nafspi1,
nahfra2,
namdov1,
nampri1,
namsan1,
namscb1,
napsab1,
narfly,
narfly1,
narhor1,
nartap2,
nartro1,
narwar1,
naswar,
nateme2,
natfra2,
natsla1,
natsta1,
navwre1,
nazboo1,
nbtwea1,
ncbeat1,
ncipig1,
nconig1,
ndcsun2,
nebbro1,
nebfri1,
nebgos1,
nebhao1,
nebhea1,
nebher1,
nebkin1,
nebmao1,
nebmet1,
nebrai1,
nebspa1,
nebtap1,
nebthr1,
neccro1,
neccus1,
necfri1,
necgos1,
necgra1,
neclor1,
necmyz1,
necnig1,
necnig2,
necpar1,
necrai1,
necspi1,
necwhi2,
necwhi3,
neesun2,
nefdov1,
negbab1,
negbro1,
negcus1,
negeag1,
negjuf1,
negsco1,
negscr1,
nehhon1,
nehhon2,
neifri1,
neimun1,
neimyz1,
neipit1,
nelwea1,
neocor,
nepful1,
nephom1,
nesbab1,
neusta1,
neuwar1,
newfis1,
newpar2,
newsun2,
nezbel1,
nezbit1,
nezfal1,
nezfan1,
nezgre1,
nezkak1,
nezpig2,
nezpig3,
nezqua1,
nezrob2,
nezrob3,
nezsca1,
nezstp1,
ngfrai1,
ngweye1,
niakin1,
niamyn1,
nibkiw1,
nicbul2,
nicgra1,
nicjuf1,
nicpar1,
nicpig1,
nicsco1,
nicscr1,
nicsee1,
nicspa1,
nicwre1,
nigfin1,
nigfin3,
nigpar2,
nigrew1,
nigwre1,
nihfin,
nilfly2,
nilpip1,
nimfly1,
ninpar1,
nisfin1,
niuscr1,
nivsun2,
niwpig1,
nkurai1,
noacha1,
nobfly1,
nobsni1,
nobtyr,
nobwoo1,
noccur1,
noghor1,
nohcuc1,
nohowl,
noifri1,
noiger1,
noikak1,
noimin1,
noipar1,
noipio1,
noipit1,
noisni1,
nomwea1,
nonbab1,
nopowl,
nopwhy1,
norben1,
norbob,
norboo1,
norbro1,
norcar,
norcas1,
norcat1,
norcro1,
norela1,
noremt1,
norfan1,
norfis1,
norfli,
norful,
norgan,
norgip1,
norgos,
norgrc1,
norgrd1,
norgre1,
norhar1,
norhar2,
norjac,
norlap,
norlog1,
normoc,
norpar,
norpib1,
norpin,
norpot1,
norpuf1,
norpyo1,
norpyo3,
norpyo4,
norros1,
norscr1,
norsho,
norshr1,
norshr4,
norsik1,
norsla1,
norsta1,
norvir1,
norwah1,
norwat,
norwhe,
nosbir1,
nosfly1,
nosrob1,
nrwswa,
nstspa,
nswowl,
nubbus1,
nubnig1,
nubwoo1,
nuhmon1,
nukupu1,
nukupu2,
nukupu3,
nulqut1,
nupkin1,
nutfly,
nuthat2,
nutman,
nutwoo,
nwfowl1,
nyaswi1,
oahala,
oahama,
oahoo,
oaktit,
oashum1,
oaxspa1,
obbfin1,
obblar1,
obfdov1,
obfgle2,
obfgle3,
obfpar1,
obgthr1,
obnthr1,
obqdov1,
obsber1,
obshon1,
ocbant1,
ocbcat1,
ocbdov1,
ocbfly1,
ocbfly2,
ocbhao1,
ocbpip1,
ocbtan1,
ocbthi1,
occpic1,
occspi1,
oceant1,
ocecra1,
ocefly1,
ocepic2,
ocepoo1,
ocequa1,
ocetap1,
ocethr1,
ocetur1,
ocewoo1,
ocewoo2,
ocfant1,
ocftap1,
ocftof1,
ochatt1,
ochbul2,
ochfly1,
ochpew1,
ochpic1,
ochwre1,
ocrant1,
ocrbun1,
ocsant1,
odedi1,
offdov1,
ofrcha1,
ofyfin1,
ogemon1,
oilbir1,
okbkiw1,
okirai1,
okiwoo1,
olbeup1,
olbflo1,
olbori1,
olbpip,
olbsun3,
olbsun4,
olbtai1,
olbtan1,
olbwoo1,
olbwoo2,
olccre1,
olcflo1,
olcflo2,
olcfly1,
olcwar1,
olcyel1,
olehem1,
olfwhi1,
olgcam1,
olgtan1,
olgtyr1,
olhlor1,
olhwea1,
olibul1,
olibus1,
oliela1,
olifin1,
olifla1,
olifly1,
olifly2,
olifly3,
oligre1,
olihon1,
oliibi2,
oliibi3,
oliman2,
olioro1,
olipic1,
olipih2,
olisis1,
olispa,
olispi1,
olistr1,
olitan1,
olitho1,
olithr2,
oliwar,
oliwhi1,
oliwoo1,
oliwoo2,
olomao,
olrcin1,
olrgul1,
olrser1,
olsfly,
olsfly1,
olshon1,
olshum1,
olspar1,
oltcuc1,
oltpar1,
oltthr1,
oltwar1,
olwbul1,
olyrob1,
omao,
omaowl1,
oncbec1,
ongtyr1,
opcman1,
opctan1,
oprtan1,
orabis1,
orabul1,
oracha1,
oradov1,
orange1,
oraori1,
orawea1,
orbant1,
orbbab1,
orbbun1,
orbeup1,
orbfal1,
orbflo1,
orbfly1,
orbfru1,
orbhem1,
orblau1,
orblea1,
orblor1,
orbman1,
orbmyz1,
orbowl1,
orbpar1,
orbpig1,
orbroc1,
orbspa1,
orbsun2,
orbtho1,
orbthr1,
orbtro2,
orbtro3,
orbwoo1,
orceup1,
orcfai1,
orcfly1,
orchon1,
orcman1,
orcman3,
orcori,
orcori1,
orcori3,
orcpar,
orcpar2,
orcwar,
orcwax,
orefly1,
oretan1,
oretho1,
orfbar1,
orfdov1,
orfpar,
orfplu2,
orfscr1,
orgthr1,
orheag1,
orhtan1,
orhthr1,
oribla1,
oricuc2,
oricus1,
orifin1,
origoo1,
origre,
orihob1,
orihob2,
orimag1,
oripic1,
oripip1,
oriplo1,
oripra,
orisal1,
orisky1,
orisof1,
oristo1,
oriwar1,
oriwar2,
oriwhi1,
ornant1,
ornfly1,
ornlor1,
ornmel1,
ornpar1,
orntin1,
orphor1,
orrfra2,
orrwar1,
orsbul1,
orsbul2,
orsowl,
ortbun1,
ortdov,
ortlon1,
ortspi1,
ortsun1,
ortsun3,
orttan1,
orwpar,
orwpyt1,
osprey,
osprey4,
ostric2,
ostric3,
ou,
oussun2,
oustyr1,
ovaspa2,
ovenbi1,
pabant1,
pabcra,
pabduc1,
pabfir1,
pabflo1,
pabfly1,
pabfly2,
pabher1,
pabhor1,
pabhor2,
pabill1,
pabmon1,
pabmou1,
pabmyn1,
pabpig1,
pabqua1,
pabscr1,
pabsee1,
pabsic1,
pabspa1,
pabspi1,
pabthr1,
pabtin1,
pabtre1,
pabwar1,
pabwoo1,
pacant,
pacbaz1,
pacblf1,
paccis1,
pacela1,
pacfla1,
pacgos1,
pacgul1,
pacher1,
packin1,
pacloo,
pacpar1,
pacpar2,
pacpig1,
pacreh1,
pacrob1,
pacrob2,
pacswa1,
pacswa3,
pacwoo1,
pacwre1,
padwar1,
paebla2,
paefly1,
paethr1,
pafant1,
pafdov1,
pafeag1,
pafear1,
pafneg1,
pafswa1,
pagcus1,
pagdov1,
pagplo,
pagrew1,
pagwar1,
pahjac1,
pahmun1,
pahros1,
pahwoo1,
paibun,
paibut,
paifir1,
paifra1,
paihon1,
paiman1,
paipar1,
paipar6,
paipig1,
paired,
paisan1,
paispu1,
paisto1,
pakpar1,
palbab1,
palbat1,
palbun,
palcoc1,
palcor1,
palcro2,
palcuc1,
paldov1,
palfan1,
palflo1,
palfly1,
palfly2,
palfly3,
palfro1,
palhar1,
palhon1,
palhor1,
palhor2,
palhor4,
palhor5,
palila,
pallor1,
palmch1,
palnig1,
palowl2,
palpep1,
palpri1,
palroc1,
palros2,
palros3,
palsan1,
palspi1,
palspi2,
palsun2,
palswi1,
palswi2,
palswi3,
paltan1,
palthr1,
paltit2,
paltyr2,
paltyr3,
paltyr4,
paltyr5,
palwar,
palwar1,
palwar5,
pammea1,
pampig1,
pampig2,
panfly1,
panlon1,
panvul1,
paogre1,
papcan1,
papcus1,
papdro1,
papfly1,
papfro1,
papgon1,
paphao1,
paphap1,
paplor1,
papnee1,
papnig1,
pappar1,
pappit1,
papscr1,
papscr2,
papswi1,
paptho1,
paptre1,
papwhi1,
paqthr1,
parant1,
parant2,
parauk,
parcro1,
parcro2,
pardus2,
parfog1,
parhem1,
parjac1,
parjae,
parpar2,
parpet1,
parpig1,
parpip1,
parred1,
parrif1,
parsee1,
parshe1,
parspi1,
parswi1,
partan1,
partap1,
partap2,
parwar1,
parwea1,
pasbab1,
pasbab2,
pasfin1,
pasfly,
pasmar1,
pasowl2,
pasowl3,
pasowl4,
paspig,
patbar1,
patcan2,
patfly1,
patmoc1,
patpar1,
pattin1,
pattyr2,
pattyr3,
patwrb1,
pavcuc1,
pavpig2,
pavque1,
pavthr1,
pawind1,
pawsta1,
pawtru2,
payfin1,
payrob1,
paywar1,
pbbeat1,
pbgdov1,
pbipig1,
pbmtou1,
pbqdov1,
pbtman1,
pcttyr1,
peaant1,
peacoq1,
peadov1,
peakit1,
peapar1,
peatre1,
pebcon1,
pebcuc1,
pebfin1,
pebsee1,
pebswa1,
pecant1,
pecpip,
pecsan,
pecspa1,
pedlau1,
pedowl1,
pedpet1,
pedsno1,
pedtit1,
peethr1,
peflov,
pefowl1,
pefpar1,
pegpig1,
peipig1,
pelcor,
pemsun2,
pepcis1,
pepowl1,
peptyr1,
perant1,
perboo1,
perfal,
perfog1,
permar1,
permea1,
permet1,
pernut1,
perpel1,
perpie1,
perpig2,
perpla1,
perpyo1,
perrec1,
persco1,
perscr1,
pershe1,
pershe2,
pertap1,
perter2,
perthi1,
pertyr1,
perwaa1,
perwre1,
pesfin1,
pesowl1,
pesowl2,
pespar1,
petcus1,
petkne1,
pettwi1,
pettyr1,
peweye1,
pewnig1,
pfbwar1,
pfrpar1,
phaino,
phbfin1,
phbwar1,
phcdov1,
phecou2,
phecuc1,
pheowl1,
pheowl2,
phepig1,
phfdov1,
phgsta1,
phhcuc1,
phibul1,
phicoc1,
phicou1,
phidrc1,
phiduc1,
phifab1,
phifal1,
phifro1,
phihae1,
phihao1,
phihap1,
phikin1,
philea1,
phimar1,
phinee1,
phinig1,
phiori1,
phipar1,
phipif1,
phipig1,
phiswi1,
phitai1,
phitro1,
phivir,
phiwoo1,
phiwoo3,
phlwar1,
phopet1,
phseag1,
phsowl1,
phtjac1,
piapia1,
pibgre,
piblar1,
piblar3,
pibpar1,
pibpel1,
pibros2,
pibtan1,
picdov1,
picmun1,
picpig2,
pictyr1,
pieavo1,
piebar1,
piebus1,
piebut1,
piecor1,
piecou1,
piecro1,
piecuc1,
piecur1,
piecus1,
pieduc1,
piefal2,
piefan1,
piegos1,
piehar1,
pieher2,
piehon1,
piekin1,
pielap1,
piemon1,
pieoys1,
piepuf1,
piesti1,
piethr1,
pietri1,
piewhe1,
pifgoo,
pifpuf1,
pifshe,
pigdov1,
piggui,
pihduc1,
pihwar1,
piipig1,
piipig2,
piisha1,
pilfin1,
pilfly1,
pilgra1,
pilotb1,
pilwoo,
pinbit1,
pinbun,
pincoc1,
pinfly1,
pingro,
pinhae1,
pinjay,
pinpig2,
pinpig3,
pinrob1,
pinsis,
pinspi1,
pinwar,
pipcis2,
pipcro1,
piphor1,
pipipi1,
pipplo,
pirfly1,
pirros1,
pirwar1,
pirwar2,
pitbec1,
pitbri1,
pitman1,
pitpar1,
pitpig1,
pitsan1,
pitsni,
pittwi1,
pitwhy,
piwswa1,
piwtyr1,
plaant1,
plabuh1,
placha,
placuc1,
placuc3,
plaflo1,
plaflo2,
plager1,
plagre2,
plaher1,
plahon1,
plamar1,
planig1,
plapar1,
plapig,
plapri1,
plarai1,
plasla1,
plasof1,
plasun1,
plaswi1,
platap1,
platyr1,
platyr2,
plawan1,
plawoo1,
plawre1,
plawre3,
plaxen1,
plbant1,
plbeme1,
plbpic1,
plbpip1,
plbspa1,
plbsun1,
plbthr2,
plbwoo1,
plcela1,
plcgrt1,
plcjay1,
plcsee1,
plcspi1,
plcsta,
plctan1,
plctyr1,
plewar1,
plffal1,
plflor1,
plfrai1,
plgrol1,
plhfin1,
plhpar1,
pllwar1,
pllwar2,
plmfin1,
plover3,
plover4,
plphor1,
plsfin1,
plsvir,
pltant1,
pltcot1,
pltsun1,
pltsun3,
pltswi1,
pltwar1,
pltwre1,
pluant1,
pluant3,
plueup1,
plugui1,
pluhaw,
pluibi1,
plukit1,
plupig2,
plurai1,
plured1,
plusee1,
plushc1,
pluwar1,
plwant1,
plwant2,
plwduc1,
plweye1,
plwwoo1,
pmtspi1,
pnbfin1,
pogdov1,
pogpig1,
pohfan1,
pohfly1,
pohlor1,
pohsta1,
pohwhe1,
poipig1,
polpar1,
polsta1,
polswi1,
poltri1,
polvan1,
pomcot1,
pomgrp1,
pomgrp2,
pomgrp3,
pomgrp4,
pomgrp5,
pomjae,
poouli,
pospet1,
potpal1,
powowl1,
powwoo1,
prafal,
prawar,
prbbar1,
pregrs1,
pregrs2,
preswa2,
prewea1,
prgsta1,
prgwea1,
prhlau1,
pribat1,
prigre1,
pripuf1,
prisee1,
prispe1,
prisun2,
prisun3,
prithr1,
procan1,
prowar,
prrtur1,
prsast1,
prsowl,
prznut1,
przpar1,
przros1,
psfdov1,
ptipig1,
ptmgem,
ptpfin1,
ptwfin1,
puaioh,
pubbul1,
pubcot1,
pubhon1,
pubjay1,
publor1,
pubsun1,
pubsun3,
pubsun4,
pubtho1,
pubwhi1,
pucfai1,
pucfai2,
pucfrd1,
puchum1,
puclor1,
puctur2,
pucwoo1,
pughon1,
pugsta1,
pugtyr1,
pullon1,
pumstp1,
pumtan2,
puncan1,
punibi1,
punlor1,
punmin1,
punplo1,
punsni1,
punsun1,
puntap1,
puntea1,
punthi1,
puntin1,
purbul1,
purcoc1,
pureme1,
purfin,
purfly1,
purgal2,
purgre2,
purher1,
purhon1,
purind1,
purjac1,
purjac2,
purjay1,
purlic1,
purmar,
purnee1,
purnig1,
purpar1,
purpar2,
purrol1,
pursan,
purspi,
pursun3,
pursun4,
purswa1,
purswa2,
purswa3,
purswa4,
purswa5,
purswa6,
purtan1,
purtod1,
purvir1,
purwoo1,
putbab1,
putbul1,
putcar1,
putcot1,
putcus1,
puteup1,
putfru1,
putsun1,
putsun3,
putwoo1,
puvill1,
puwrol1,
puyfin1,
pvttyr1,
pwgdov1,
pybfly1,
pycpet1,
pygant1,
pygbab1,
pygbat1,
pygcor2,
pygcus1,
pygfal1,
pygflo1,
pyghap1,
pyghon1,
pyglor1,
pygnig1,
pygnut,
pygsun2,
pygswi1,
pygswi2,
pygtit1,
pygwoo1,
pyrrhu,
pywbab1,
pyweye1,
quailp1,
quaind1,
quctin1,
rabcur2,
rabeat1,
rabgro1,
rablor1,
rabtho1,
rabthr1,
racmal1,
radacc1,
radshe1,
radwar1,
rafdov1,
rafmal1,
ragmac1,
railor1,
railor2,
railor3,
railor5,
railor6,
railor7,
railor8,
raipar1,
raipit1,
raiqua1,
raista1,
rampig1,
ranwar1,
rarmon1,
rarsta1,
rasowl1,
ratcis1,
ratcoq2,
ratrol2,
rattre1,
rattre2,
rawant1,
rawcra1,
rawspi2,
rawwre1,
raybar1,
rayfin1,
raytan1,
razorb,
razsky1,
rbbeat1,
rbbfin1,
rbbmag,
rbbrob1,
rbbtyr1,
rbbwea1,
rbctyr1,
rbdhor1,
rbfdov1,
rbgcuc1,
rbifin1,
rbopar1,
rbopar2,
rbpkin1,
rbppar1,
rbptan1,
rbsbab1,
rbsfin1,
rbsrob1,
rbwbab1,
rbwfin1,
rbwfin2,
rbwqua1,
rcatan1,
rcbfin1,
rcfdov1,
rcgspa1,
rcmbab1,
rcnthr1,
rcqdov1,
rcrcha1,
rcsbab1,
rctspi1,
rcttyr1,
rcweye1,
rdjant1,
rdjant2,
rebbla1,
rebbrt1,
rebbus1,
rebbut2,
rebcha1,
rebcho1,
rebcou1,
rebcur1,
rebdot1,
rebduc1,
rebeme1,
rebfai1,
rebfin1,
rebfir1,
rebfir2,
rebflo1,
rebfly,
rebfra1,
rebfru1,
rebgoo1,
rebgra1,
rebhaw2,
rebhor1,
rebkin2,
reblei,
rebmac2,
rebmal1,
rebmal2,
rebmer,
rebmou1,
rebmyz1,
rebnut,
reboxp1,
rebpar1,
rebpar2,
rebpar3,
rebpar4,
rebpar5,
rebpar6,
rebpar7,
rebpig1,
rebpit1,
rebpyt1,
rebque1,
rebsap,
rebscy1,
rebshr1,
rebsta1,
rebtou2,
rebtre1,
rebtro,
rebtyr2,
rebwhe1,
rebwoo,
rebwoo1,
rebwoo4,
recbar1,
recbus1,
recbut1,
reccar,
reccar2,
reccar3,
reccar4,
reccor,
reccot1,
reccou1,
reccra1,
reccro1,
reccuc1,
recdov1,
recfin1,
recflo1,
recflo2,
recflu1,
recgos1,
reclar1,
reclor1,
recmal1,
recmal2,
recman1,
recmyz1,
recowl1,
recpar,
recpar1,
recpar2,
recpar3,
recplo1,
recpoc,
recrob1,
recsun2,
recswa1,
rectur1,
recwid1,
recwoo,
recwoo1,
recwoo2,
redava,
redbis,
redcro,
redcro9,
redegr,
redfod1,
redgos1,
redhea,
redher1,
redjun,
redkit1,
redkno,
redlor1,
redmyz1,
redpha1,
redrai1,
redsho1,
redsis1,
redspu1,
redthr1,
redwar1,
redwat1,
redwin,
reebul1,
reebun,
reedov1,
reefir1,
reepar1,
reepar2,
reepar3,
reephe1,
reepuf1,
reevir,
refant1,
refbar1,
refbar2,
refblu,
refboo,
refcis1,
refcoo1,
refcor,
refcou1,
refcro1,
refdov1,
reffal1,
refgua1,
reflio2,
reflio3,
reflor1,
reflor2,
refmac1,
refmal1,
refmou1,
refpar1,
refpar2,
refpar3,
refpar4,
refpar5,
refpyt1,
refros1,
refspi1,
reftin1,
refwar,
refwar2,
regbow1,
regcoo1,
reghon1,
regpar1,
regsun2,
regwhi1,
rehbar1,
rehblu1,
rehbul1,
rehbun1,
rehcis2,
rehfin1,
rehfla1,
rehfod1,
rehfod3,
rehlov1,
rehmal1,
rehman1,
rehmyz1,
rehpar1,
rehque1,
rehtan1,
rehtan2,
rehtro1,
rehvul1,
rehwea1,
rehwoo,
reifir1,
reipar1,
reisee1,
reisee2,
reisun2,
reityr1,
reiwoo1,
rekcoo1,
rekdot1,
rekflo1,
relcor1,
relcra1,
relgul2,
relhon1,
relkit,
relpar,
relpar1,
relpar4,
relser1,
relthr1,
reltin1,
relwhi1,
rempar,
remros1,
renara1,
renavo1,
renbus1,
renbuz1,
rencra1,
renfal1,
renfan1,
renfra1,
rengre,
renibi1,
rennig1,
renpar1,
renpha,
rensap,
renshr1,
rensta1,
rensti,
rentan1,
rentro1,
renwhi1,
renwoo1,
repcis1,
rercac1,
rerfru1,
rerpar1,
rerswa1,
rerswa3,
rertin1,
rerwax1,
rerwhe1,
rerwoo1,
resbla1,
rescus1,
resflo1,
resfly1,
reshaw,
resmac2,
resowl1,
respar1,
respar2,
resque1,
resspi2,
resswa2,
restan1,
restyr1,
resvan1,
reswar1,
reswoo1,
retale1,
retbar1,
retcar2,
retcom1,
retgre1,
rethaw,
rethel1,
retlau1,
retloo,
retlor1,
retmin1,
retmyz1,
retnew1,
retpar1,
retpar3,
retpip,
retspa1,
retsun2,
retsun3,
retswa2,
retthr1,
rettit2,
rettro,
retvan1,
retwhe1,
retwhe2,
reubul1,
reucus1,
reuhar2,
reuhar3,
reukes1,
reunih1,
reurai1,
reusco1,
reushe1,
reusol1,
reusta1,
reusto1,
reuwhe1,
revbar1,
revbul,
revmal1,
rewbla,
rewbul,
reweye1,
rewfai1,
rewfra2,
rewlap1,
rewlar1,
rewlau1,
rewpar1,
rewpri1,
rewpyt1,
rewsta1,
rewtin1,
rfcwin1,
rfwqua1,
rfwwar1,
rhgrol1,
rhiauk,
rhihor1,
rhptyr1,
ribant1,
ribgul,
ricpip1,
ridhaw1,
ridrai1,
ridswi1,
riflem1,
rimrew1,
rinant2,
rindov,
rinduc,
rinfra2,
rinkin1,
rinouz1,
rinphe,
rinphe2,
rinsco1,
rintea1,
rinwoo1,
riospi1,
risant1,
rispet1,
ritast1,
ritdro1,
ritpig,
rivlap1,
rivpri1,
rivter1,
rivtyr1,
rivtyr2,
rivwar1,
rivwre1,
riwfin1,
rkipig1,
rmfdov1,
rnbfin1,
rnfdov1,
rnfgle1,
rngtyr1,
rnwrai1,
roahaw,
robacc1,
robbun1,
robcha1,
robeat1,
robgro,
robpoc1,
robpri1,
robqua1,
robwhe1,
robwoo1,
rocbun1,
rocear1,
rocfir1,
rocmar1,
rocmar2,
rocnut1,
rocpar1,
rocpar2,
rocpen1,
rocpen4,
rocpet1,
rocpig,
rocpih1,
rocpip1,
rocpra1,
rocpta1,
rocsan,
rocsun2,
roctap1,
rocwar1,
rocwre,
rodbrw1,
rodfod1,
rodnih1,
rodpar1,
rodrai1,
rodsco1,
rodsol2,
rodsta2,
rodtud1,
roeowl1,
rofpar2,
rofpar3,
rofsha1,
rohpar1,
rolcis1,
rolcis3,
rolhaw,
roltyr1,
roltyr2,
rolwar1,
romboo1,
ronbus1,
ronwaa1,
rook1,
ropbus1,
rorant1,
rorant2,
rorbar1,
rorfly1,
rornig1,
rorpar,
rosgoo,
rosgul,
rosmin1,
rospip1,
rosrob1,
rosspo1,
rossta2,
roster,
rostur1,
rotbec,
rotlon1,
rotman1,
rotmyz1,
rotmyz2,
rotswi1,
rottan1,
rottan2,
rotwhe1,
rourai1,
rovrai1,
royalb1,
royalb3,
roycin1,
royfly1,
royfly2,
royfly3,
royfly5,
roypar1,
roypen1,
royspo1,
roysun1,
royter1,
royter2,
rrbtyr1,
rrwfin1,
rsptyr1,
rswfin1,
rtatan1,
rtathr1,
rtbcoc1,
rtbcuc1,
rtbeat1,
rthhum,
rtlhum,
rtpgua1,
rtpthr1,
rtrthr1,
rtsrob1,
rtwbab1,
rtweye1,
ruacha1,
rubacc1,
rubaka1,
rubant1,
rubant2,
rubant3,
rubant4,
rubant5,
rubant7,
rubbun1,
rubcha1,
rubcon1,
rubcra1,
rubeag2,
rubeup1,
rubfan1,
rubfan2,
rubfan3,
rubfly1,
rubfly2,
rubfly3,
rubhel1,
rubhem1,
rubher,
rubher2,
rubhon1,
rubhon2,
rubkoo1,
rublea1,
rubmin1,
rubmon1,
rubnig1,
rubnil1,
rubnun1,
ruboro1,
rubowl2,
rubowl3,
rubpep1,
rubpic1,
rubred2,
rubrob,
rubsab1,
rubsal1,
rubsee1,
rubsee2,
rubsho1,
rubsib1,
rubsol1,
rubspi2,
rubspi3,
rubspi4,
rubspi5,
rubswa1,
rubtap1,
rubthr1,
rubthr2,
rubtit2,
rubtit3,
rubtre1,
rubtri1,
rubtyr1,
rubwar1,
rubwhi1,
rubwoo1,
rubwre1,
rubwre2,
rucant1,
rucant2,
rucant3,
rucbab1,
rucbab2,
rucbab3,
ruccoq1,
ruccra1,
rucdot1,
rucdov1,
rucela1,
rucemu1,
rucere1,
rucfly1,
rucfly3,
rucful1,
rucgre1,
ruchaw1,
ruchor1,
ruchum1,
ruckin,
ruckin1,
ruclau1,
ruclau2,
ruclau3,
rucmon1,
rucmot1,
rucmot2,
rucnig1,
rucnun1,
rucrob1,
rucrol2,
rucsee1,
rucspa,
rucspa1,
rucspa2,
rucspi1,
rucsun2,
rucswa2,
ructan1,
ructan2,
ructan3,
ructan4,
ructes1,
ructho1,
rucwar,
rucwar1,
rudapa1,
rudcra1,
rudduc,
rudkin1,
rudlar1,
rudpig,
rudshe,
rudspi1,
rudtof1,
rudtre1,
rudtur,
rudwoo1,
ruebus1,
ruecha1,
ruegls1,
ruegri1,
ruepar1,
ruewar1,
ruewar2,
ruewea1,
rufant1,
rufant12,
rufant2,
rufant3,
rufant4,
rufbab2,
rufbab3,
rufbar1,
rufbri1,
rufcac2,
rufcan1,
rufcas2,
rufcha2,
rufcis1,
rufcou1,
rufcra1,
rufcra2,
ruff,
ruffan1,
ruffie1,
ruffie3,
ruffly1,
rufgle1,
rufgna2,
rufgna3,
rufgro,
rufhor1,
rufhor2,
rufhum,
rufimp1,
rufjuf1,
ruflau1,
rufmon1,
rufmot1,
rufmou1,
rufnig1,
rufowl1,
rufowl2,
rufpar1,
rufpar2,
rufpic1,
rufpih1,
rufpot1,
rufpri1,
rufpri2,
rufroc1,
rufsab1,
rufsco1,
rufsht2,
rufsib1,
rufson1,
rufspi1,
ruftai1,
ruftho1,
ruftho3,
rufthr1,
ruftof1,
ruftre2,
ruftre3,
ruftre4,
ruftwi1,
rufvan1,
rufwar1,
rufwhe1,
rufwhi1,
rufwoo2,
rufwre1,
rugdov,
rugfly1,
ruhcha1,
ruhgoo1,
ruhpar2,
ruhpar3,
ruhrob1,
ruhspi1,
ruhtai2,
ruhtan1,
ruhwoo1,
rulkin1,
rulowl1,
rultyr1,
rumfly1,
rumfog1,
rumgua1,
rumsof1,
rumwar1,
runcou1,
rungre1,
runher1,
runhor1,
runlar1,
runlau1,
runpic1,
runpit1,
runpuf1,
runsno1,
runspa1,
runthr1,
runwhi1,
runwor1,
runwre1,
runwre3,
runwre4,
runwry1,
rupfly1,
ruqdov,
rurant1,
rurcha1,
rurfog1,
rurgra1,
rurlar1,
rursee1,
rusant1,
rusbir1,
rusbla,
rusbro1,
rusbun,
ruscra1,
rusflo1,
rusger1,
rushon1,
ruslar1,
ruslau1,
ruspit1,
russpa1,
russpa2,
rusthi1,
rustin1,
ruswhi1,
ruswoo1,
rutant1,
rutant2,
rutant3,
rutant4,
rutant5,
rutatt1,
rutbab1,
rutbuh1,
rutdip1,
rutfan1,
rutfla1,
rutfly1,
rutfly2,
rutfly5,
rutfly6,
rutfly7,
rutfog1,
rutful1,
ruthaw1,
ruther1,
ruthon1,
ruthum1,
rutjac1,
rutkit1,
rutlar2,
rutpar1,
rutpar2,
rutpla1,
rutpuf1,
rutpuf3,
rutrob1,
rutsap1,
rutsha2,
rutshr2,
rutsol1,
ruttai1,
ruttan1,
rutthr1,
ruttyr1,
rutwea1,
rutxen1,
ruvcha1,
ruvlau1,
ruvnil1,
ruvpri1,
ruvtap1,
ruvtit2,
ruvwar2,
ruvwhi1,
ruvyuh1,
ruwant2,
ruwant4,
ruwapa1,
ruwbar1,
ruwbat1,
ruwbri1,
ruwbuz1,
ruwful1,
ruwill1,
ruwphi2,
ruwspa,
ruwspa1,
ruwsta1,
ruwsun2,
ruwtan1,
ruwtur2,
ruwtyr1,
ruwwoo1,
rvgcuc1,
rvpfly1,
rwbeye1,
rwbtyr1,
rwgcuc1,
rwgwar2,
rwwrai1,
ryumin1,
ryupig1,
ryurob1,
ryusco1,
saaswi1,
sabgul,
sabher1,
sabhum1,
sabjay,
sablar2,
sabred1,
sabspa1,
sabspi1,
sabsto1,
sacbla2,
saccoc,
sacibi1,
sacibi3,
sackin1,
sacmel1,
sacmoo1,
sacnig1,
sacsta1,
sactan1,
sacthr2,
sacthr3,
sacwhe1,
saddle2,
saddle3,
sadfly1,
saffin,
safpar1,
safsis1,
safspa1,
saftou2,
saggro,
sagspa1,
sagthr,
sahpar1,
sahpar2,
sairew1,
sakfal1,
sakrai1,
sakwar1,
sakwea1,
salalb1,
salant1,
salcur1,
salere1,
salmon1,
salnig1,
salphe1,
salpri1,
salser1,
saltea1,
salwar1,
salwea1,
samant1,
samant2,
samblo1,
samfan1,
samfly1,
samfog1,
samhor1,
sammoo1,
samnig1,
sampar1,
samsab1,
samsco1,
samsta1,
samtap1,
samtri1,
samwar1,
samwhi1,
samwoo2,
samwre1,
sancra,
sander,
sangal1,
sanlar1,
sanpar1,
sanpar2,
sanpit1,
sansco1,
sansht1,
sansht2,
santer1,
santer2,
sanwhe1,
sanwhe2,
sapayo1,
sapfly1,
sapqud1,
sapqud2,
saptyr1,
sarcra1,
sarpar2,
sarwar1,
saseme1,
sasgre1,
sasowl1,
satant1,
satbow1,
satfly1,
satgro1,
sathum1,
satori1,
satpig1,
satpri1,
satspi1,
satsun1,
satswi1,
satthr1,
sattra1,
satwea1,
satwhe1,
satwhe2,
saugul2,
sauter2,
savbus1,
savhaw1,
savnig1,
savpuf1,
savspa,
savwar1,
saweye1,
saweye2,
sawtan1,
saxspa1,
saypho,
saytan1,
sbcdov1,
sbctyr1,
sbeowl1,
sbfdov1,
sbffal1,
sbgtyr1,
sbmtan1,
sbnthr1,
sbsbab1,
sbsbab2,
sbsbab3,
sbtman1,
sbtwea1,
sbwbab1,
sbweye1,
sbwrai1,
scaant1,
scaant2,
scaant3,
scabab2,
scacha1,
scadov1,
scafin1,
scaflo1,
scafra2,
scafru1,
scagrr1,
scaibi,
scakin1,
scalau1,
scamac1,
scamet1,
scamin1,
scamin3,
scamyz1,
scapic1,
scapig2,
scaqua,
scarob2,
scaspi1,
scasun1,
scaswi1,
scatan,
scathr2,
scathr4,
scathr5,
scathr6,
scathr8,
scawea1,
scawoo1,
scawoo2,
scbant2,
scbant3,
scbant8,
scbbar2,
scbbul1,
scbdac1,
scbeat1,
scbflo1,
scbflo2,
scbfru1,
scbhum1,
scbill1,
scblor1,
scbmyz1,
scbpar1,
scbtan1,
scbtan2,
scbthr,
scbwoo1,
scbwoo3,
scbwoo4,
scbwoo5,
scbwre1,
sccbab1,
sccbar1,
sccflo1,
sccpar1,
sccsun2,
scfdov1,
scfmal1,
scfpar1,
scfpar3,
scgcuc1,
scgdov1,
schant1,
schasi1,
schbar1,
schbit1,
schbla1,
schflo1,
schfra2,
schman1,
schpar1,
schpit1,
schtur1,
scihum1,
sclant1,
scllar1,
sclmon1,
scltyr1,
sclwar1,
sclwhi1,
scnmyz1,
scnpar1,
scnpig1,
scocro1,
scoori,
scoshe1,
scptyr1,
scrbla1,
scrcac2,
scrcac4,
scrcha1,
scrcow1,
screup1,
scrgre1,
scrhon1,
scrnig1,
scrpih1,
scrtan1,
scrtro1,
scrubt2,
scsmer1,
scspar1,
scsvir1,
sctcan1,
sctdac1,
sctear1,
sctfly,
scther1,
scthon1,
scthum1,
sctkit1,
sctlea1,
sctman1,
sctnig2,
sctsun2,
scttan1,
scwpih1,
sdcsun3,
sdmman1,
sdmtyr2,
seacin1,
seaspa,
sebpig1,
sebwar1,
secfly1,
secret2,
sectan1,
sedwar1,
sedwre,
sedwre1,
selcac1,
semfly1,
semhaw,
semhaw2,
semplo,
sempuf1,
semrob1,
semsan,
semwar1,
senbat1,
sencou1,
senere1,
senlap1,
senpar,
sepfly1,
septit1,
serant1,
serfri1,
serhon1,
sermyz1,
serori1,
sersco1,
sertap1,
serthr1,
serthr2,
serwhe1,
sesowl1,
sespar1,
setkne1,
sevgro1,
seybul1,
seyfod1,
seykes1,
seypar1,
seypar2,
seysun2,
seyswi1,
seywhe1,
sfwqua1,
sgdpet1,
sghspa2,
shaaka1,
shaapa2,
shadro1,
shalon1,
sharpb1,
shasta2,
shawar1,
shawre1,
shbbut1,
shbcan1,
shbcan2,
shbcro1,
shbcuc1,
shbdow,
shbgrf1,
shbgrf2,
shbgrf3,
shbhon2,
shbkin1,
shbkoo1,
shblea1,
shbmel1,
shbmin1,
shbmin2,
shbpig,
shbpip1,
shbpip3,
shbtre1,
shccoq,
shcfly1,
shclar1,
shcmon1,
shcwin1,
shebul1,
shefra2,
shegre1,
sheowl,
sheowl1,
shesta1,
shesun1,
shesun2,
shghum1,
shicow,
shidro1,
shifly1,
shihon1,
shikra1,
shisun1,
shisun3,
shlcot1,
shlcot2,
shoebi1,
shoplo1,
shrspa1,
shshaw,
shshaw3,
shshaw4,
shshaw5,
shtalb,
shtant1,
shtbab1,
shtbat1,
shtbat3,
shtcou1,
shteag1,
shteme1,
shtfin1,
shtfly1,
shtfro2,
shtfro3,
shtgra1,
shtgro,
shtgrt1,
shthaw,
shtibi1,
shtlar1,
shtmag1,
shtnig1,
shtpar1,
shtpar2,
shtpar3,
shtpip1,
shtsan,
shtshe,
shtsta1,
shtstr1,
shtswi1,
shttre1,
shttyr1,
shtwhy1,
shtwoo1,
shwthr1,
shyalb2,
shyhea1,
siafir1,
siapit1,
sibacc,
sibbro1,
sibbut1,
sibcra1,
sibgro2,
sibjay1,
sibnee1,
sibrob,
sibrub,
sibsir1,
sibsto1,
sibtan2,
sibthr1,
sibvan1,
sicant1,
sicbuw1,
siccha1,
sicfri1,
sichor1,
sicjay1,
siclew1,
sicpar1,
sicswi1,
sicthr1,
sictit1,
sictre1,
sieela2,
sieela3,
siehon1,
sielau1,
siemes1,
sifcis1,
siftap1,
silant1,
silgre1,
silgul1,
silkin1,
silkta2,
silkta3,
silori1,
silphe,
silpri2,
siltan1,
siltea1,
silver1,
silver3,
simgre1,
simgrw1,
simspa1,
sinant1,
sinbus1,
sincis1,
sincro1,
sinhon1,
sinmar1,
sinpar1,
sinqua1,
sinros1,
sinspa1,
sinsta1,
sinwoo1,
sinwre1,
sirbar1,
sirmal1,
sirnee1,
sirtan1,
siryst3,
sisowl1,
sitjay1,
sitnig1,
sitspi1,
sittan1,
siwgua1,
siwnig1,
siwpig1,
sjogre1,
sjoowl1,
skylar,
slaant1,
slabar1,
slabec1,
slabri1,
slabun1,
slacud1,
slacus1,
slaegr1,
slaela1,
slafin1,
slaflo1,
slagna1,
slamon1,
slaspi1,
slatan2,
slathr2,
slathr3,
slavir1,
slbbab1,
slbblc1,
slbcht1,
slbcht3,
slbcro1,
slbcro3,
slbcur,
slbfin1,
slbfin2,
slbfin3,
slbflu1,
slbfly1,
slbfly2,
slbfor1,
slbgra1,
slbgre1,
slbgul,
slbgul1,
slbhem1,
slbkit1,
slblar1,
slbmin1,
slbori1,
slbpar1,
slbpri1,
slbrai1,
slbsta1,
slbtes1,
slbtho1,
slbtho2,
slbthr1,
slbtin1,
slbtyr1,
slbvul1,
slbwea1,
slbxen1,
slcant2,
slcant3,
slcant5,
slcbou1,
slccoo1,
slcfly1,
slcgro1,
slchaw2,
slclon1,
slcsee1,
slcsol1,
sleant1,
sleshe1,
slftyr1,
slgrol1,
slhpar1,
sllcra1,
slmgos1,
sltcis1,
sltgna1,
sltnig1,
sltred,
slttro1,
sltwoo1,
slweye1,
smabut2,
smamin1,
smanil1,
smapra1,
smaspa1,
smawhi1,
smbani,
smbela1,
smbfin1,
smbkin1,
smbtin1,
smbtyr1,
smbtyr2,
smbwoo1,
smcpew1,
smew,
smftof1,
smgfin1,
smilon,
smohon1,
smorob2,
smowar1,
smtfin1,
snakit,
snapen1,
snbfly1,
snbhum1,
snbnut1,
sncman1,
snecou1,
snisni1,
snmmun1,
snmqua2,
snmrob1,
snobun,
snocot1,
snoegr,
snogoo,
snoowl1,
snopar1,
snopet1,
snopig1,
snoplo5,
snoshe2,
snowca1,
sntbab1,
sntkin1,
snttyr1,
snttyr2,
soacha1,
soalea1,
soapas1,
soashe1,
soasni1,
soaswa2,
soatan1,
soater1,
sobcac1,
sobeat1,
sobfly1,
sobkiw1,
sobtyr1,
sobtyr2,
socbab1,
socbun1,
socbuz1,
soccis1,
soccor1,
socdov1,
socfly1,
socfly2,
socher1,
soclap1,
socmoc1,
socpuf1,
socspa1,
socsta1,
socsun2,
socwar2,
socwea1,
socwre2,
soffin1,
sofspi1,
soghor1,
sogpip1,
sogsha1,
sohbul1,
sohmyn1,
sohtyr1,
sohwre1,
soicus1,
soifro1,
soioys1,
soipio1,
soirew1,
soisni1,
soiwhe2,
soiwhe3,
soiwre1,
sokpip1,
soleag1,
solhao1,
solnig1,
solpet1,
solsan,
solsee1,
solsni1,
soltin1,
sombou1,
sombun1,
somcha1,
somcou1,
somcro1,
somcro2,
somfis1,
somgre1,
somgro1,
somhum1,
somkin1,
somnig1,
sompig1,
sompig2,
sompit1,
somspa1,
somsta1,
somthr1,
somtit3,
somtit4,
somwhe1,
sonspa,
sonthr1,
sonwre1,
sooalb1,
sooant1,
soobab1,
soobar1,
soobar2,
soobou1,
soocha1,
soofal1,
soofly1,
soogra2,
soogro1,
soogul2,
soomel1,
soomyz1,
sooowl1,
soooys1,
soorob1,
sooshe,
soosht1,
soosla1,
sooswi1,
sooter1,
sootit1,
sootyr1,
soowoo1,
sopbab1,
soppet1,
sopsku1,
soptit1,
sora,
sosfly1,
sosowl1,
sosrob1,
sotfan1,
souant1,
souben1,
soublt1,
souboo2,
souboo4,
souboo5,
souboo6,
souboo8,
soubou1,
soucar1,
soucas1,
soucit1,
soucrp1,
soucrp2,
souemt1,
souemu1,
soufis1,
souful1,
sougrc1,
souhyl1,
soulap1,
soulog1,
soumar,
soupoc1,
souscr1,
soushr2,
soushr3,
sousun1,
sousun2,
soutch1,
souwhi1,
souwpw1,
spacoq1,
spacot1,
spadro1,
spaeag1,
spahon1,
spakoo1,
spaown1,
spaspa1,
spbant1,
spbant3,
spbant4,
spbant5,
spbant6,
spbduc,
spbfan1,
spbibi1,
spblap1,
spblau1,
spbmel1,
spbori,
spbpar1,
spbpel1,
spbpuf1,
spbpuf3,
spbsan1,
spbscb1,
spbtho1,
spbtou1,
spbtyr1,
spbwoo1,
spbwoo2,
spbwre1,
spbwre2,
spcant1,
spcbar1,
spceup1,
spchon1,
spcpic1,
spctan1,
spcwoo1,
spebar1,
spebul1,
specha2,
specha3,
specha4,
speduc2,
speeid,
spefin1,
speflo1,
speful1,
spegui1,
spehao1,
spehum1,
spemon1,
spemon3,
spemou1,
spemou2,
speowl1,
speowl2,
spepar1,
spepar2,
spepet1,
spepic1,
spepig1,
spepri1,
sperai1,
spered1,
spespi1,
spespi2,
spetan1,
spetea3,
spetet1,
spetin1,
spetyr1,
spewar2,
spewar3,
spewea1,
spewea2,
spfant1,
spfbar1,
spfgal1,
spfpar1,
spfpar2,
spfswi1,
spfwea1,
spgpig1,
spgsta1,
spgthr1,
sphlar1,
spibab1,
spibir1,
spigua1,
spimac1,
spipig1,
spipig2,
spipig3,
spispi1,
spitap2,
spiwaa1,
spiwoo1,
spjbab1,
splast1,
splfai1,
splsun2,
spmthr1,
spnbab1,
spnbul1,
spnthr1,
spoant1,
spoant5,
spoant6,
spobam1,
spobar1,
spober1,
spobow1,
spobut2,
spobuw1,
spobuw2,
spobuw3,
spocat1,
spocat2,
spocra1,
spocra2,
spocre2,
spocre3,
spocro1,
spodov,
spofan1,
spofly1,
spofly3,
spofor1,
spogre1,
spohar1,
spohon2,
spohon3,
spokes1,
spokin1,
spolau1,
sponig1,
sponit2,
sponot1,
sponut1,
spoowl,
spoowl1,
spopar1,
spopic1,
spopuf1,
sporai,
spored,
sposan,
sposan1,
sposha1,
sposta1,
spotan1,
spothr1,
spotow,
spowoo1,
spowre1,
spqthr1,
sprgro,
sprpip,
sptant1,
sptbab1,
sptfla1,
sptfly1,
sptgos1,
spthum1,
spthum2,
sptkne1,
sptnig1,
sptwoo1,
spvear1,
spwant2,
spwant3,
spwbab1,
spwduc1,
spweye2,
spwfal2,
spwgoo1,
spwgro1,
spwlap1,
spwmon1,
spwowl1,
spwpar2,
spwpig1,
spwpig3,
spwqua1,
spwros2,
spwros3,
spwsta1,
spwthr1,
sqtbul1,
sqtdro1,
sqtkit1,
sqtnig1,
sqtsaw1,
squant1,
squcuc1,
squher1,
squpig1,
srbhor1,
srlbao1,
srldro1,
srlscb1,
srlswa1,
srlwoo1,
srwswa1,
sshpet1,
sstlar1,
sstlar3,
sstlar4,
sstspa,
stabus1,
stafin1,
stalar2,
stavir1,
stbant1,
stbant2,
stbbit1,
stbbul1,
stbcan1,
stbcin1,
stbcro1,
stbcus1,
stbear2,
stbeat1,
stbfan1,
stbflu1,
stbfly1,
stbher1,
stbhon2,
stbhon3,
stbkin1,
stbori,
stbree2,
stbrha1,
stbspi1,
stbspi2,
stbsta1,
stbtit2,
stbtre1,
stbtyr1,
stbwhy1,
stbwoo1,
stbwoo2,
stbwoo3,
stbwoo4,
stbwre1,
stbwre2,
stcant1,
stcant2,
stcant3,
stcant4,
stcgre1,
stcgre3,
stcgre4,
stcspa1,
stcspi1,
stcspi2,
stctre1,
stcwoo1,
stebul2,
stecan1,
stedov1,
steeag1,
steeid,
stejay,
stelio1,
stelor1,
stepet,
stfgle1,
stftho1,
stftyr1,
stgpig1,
stgsta1,
sthant1,
sthant2,
sthbrf1,
sthbrf2,
sthbrf3,
sthbrf4,
sthbrf5,
sthbrf6,
sthbrf7,
sthbrf8,
sthbul1,
sthcra1,
sthcuc1,
sthhon1,
sthhoo1,
sthmun1,
sthmun3,
sthplo1,
sthrai1,
sthsee2,
sthsee3,
sthspa1,
sthwhe1,
sthwoo1,
stisan,
stisha2,
stitap1,
stitch1,
stiwoo1,
stiwre1,
stlori1,
stlpar1,
stlwar,
stnfly1,
stnibi1,
stocis1,
stodov1,
stofly1,
stonec4,
stonec6,
stonec7,
stopar1,
stosto1,
stpfly1,
stptyr1,
strant2,
strant3,
strbab1,
strbar1,
strber1,
strbow1,
strbri1,
strbul1,
strbul2,
strcar1,
strcra1,
strcuc1,
stream1,
stream3,
strear1,
strfan1,
strfie1,
strflu1,
strfly1,
strgra1,
strgra2,
strher,
strher3,
strhon1,
strkin1,
strlau1,
strlau2,
strlau3,
strlor1,
strman2,
strman5,
strowl1,
strpar1,
strpip1,
strpri2,
strpri8,
strpuf1,
strros1,
strsal1,
strsee1,
strshe,
strsof1,
strspa1,
strspi1,
strsta1,
strswa2,
strtho1,
strthr1,
strtre1,
strtuf1,
strwar1,
strwea1,
strwea2,
strwoo,
strwoo1,
strwoo2,
strwoo5,
strwoo6,
strxen1,
stryuh1,
stsbab1,
stseag,
stsnig1,
stsowl1,
stsrha2,
stswar1,
sttant1,
sttant3,
sttant5,
sttbab1,
sttbar1,
sttbul1,
sttcan1,
sttful1,
sttful2,
stther1,
stther2,
stthum1,
sttjer1,
sttspa1,
sttspi1,
sttspi2,
sttswa2,
stttyr1,
stttyr2,
sttwhy1,
sttwoo1,
sttwre1,
sttyuh1,
stuqua1,
stusta1,
stusun1,
stvhum2,
stvpar1,
stwbab1,
stwbab2,
stwbab3,
stwnig1,
stwqua1,
stybul1,
styfin1,
styowl1,
subbrw1,
subbul1,
subbus1,
subdor1,
subfly,
subfly1,
subfly2,
subfly3,
subfly4,
subhea1,
submes1,
subnut1,
subpar1,
subsni1,
subtyr1,
subwar1,
subwar2,
subwar3,
subwar4,
subwar8,
subwhi1,
sucant1,
succoc,
sufdov1,
sugcuc1,
sugdov1,
sugpig2,
sugspa1,
suhcuc1,
suhpar1,
suifly1,
suklau1,
sulbab1,
sulboo1,
sulcud1,
sulcud2,
sulcus1,
sulcus2,
suldro1,
sulfly1,
sulgob1,
sulgos1,
sulhae1,
sulhap1,
sulhor1,
sulhor2,
suljuf1,
sulkin1,
sulmyn1,
sulmyz1,
sulnig1,
sulowl1,
sulpit1,
sulpit3,
sulsco2,
sulsco3,
sulscr1,
sulthr1,
sultit1,
sulwar1,
sulwhe1,
sulwoo1,
sulwoo2,
sumbab1,
sumboo1,
sumbut1,
sumcoc1,
sumcus1,
sumdro1,
sumfly1,
sumhor1,
sumlau1,
sumlea1,
summyz1,
sumtan,
sumtre1,
sumtro1,
sumwrb1,
sumwre1,
sunasi1,
sunbit1,
sunbul2,
suncou1,
suncuc2,
suncus1,
sunfor1,
sunfro1,
sungre1,
sunhon1,
sunlap1,
sunlar1,
sunlau1,
sunmin1,
sunpar1,
sunrob1,
suntea1,
sunthr1,
sunwar1,
supfai1,
suphem1,
suplyr1,
supowl1,
suppar1,
suppit1,
supsta1,
supsun2,
supwre1,
surcin1,
surfbi,
surfly1,
sursco,
surtan1,
surtro1,
suseag1,
susowl1,
susowl2,
sutfin1,
sutspi1,
suwpar1,
swafly1,
swafly3,
swafra1,
swafra2,
swagoo1,
swagre1,
swahar1,
swahaw,
swanig1,
swapri1,
swaspa,
swaspa1,
swaspa2,
swatan1,
swathr,
swawar,
swbhum1,
swewax1,
swewax3,
swfgle,
swfowl1,
swifra2,
swipar1,
swiphe1,
swirai1,
swisni1,
swiwhe1,
swspet,
swtcot1,
swtcot2,
swtgul1,
swthum1,
swtkit,
swtman1,
swtnig1,
swwpuf1,
swwqua1,
swyrob1,
sybhor1,
syknig1,
sykwar2,
syrser1,
syrwoo1,
szepar1,
tabbab1,
tabcis1,
tabdro1,
tabfan1,
tabfly1,
tabher1,
tabhon1,
tabowl1,
tabpar1,
tabsco1,
tabscr1,
tabsee1,
tabtan1,
tabtin1,
tabwar1,
tacant1,
taccat1,
taceup1,
tacfly1,
tacgre1,
tacgrt1,
tachon1,
tacnig1,
tacpyt1,
tacsun1,
tactan1,
tactap1,
tactin1,
tafdov1,
tafgna1,
tafowl1,
tafpri1,
tafqua1,
tagbut1,
taghon1,
tagwea1,
tahkin1,
tahmof1,
tahmon2,
tahpet1,
tahrai1,
tahrew1,
tahswa2,
taibap1,
taibar1,
taibar2,
taibeg1,
taibuw1,
taifal1,
taifis1,
taifly1,
taiful1,
taihwa1,
taipar1,
taiscb1,
taithr1,
taiwrb1,
taiyuh1,
takahe2,
takahe3,
talbuh1,
talkin1,
talowl1,
talrai1,
tamcon1,
tamcro,
tamdov1,
tancoc1,
tancud1,
tanfin1,
tangrd1,
tanhen1,
tanmaw1,
tanscr1,
tansee1,
tansta1,
tapowl1,
tarbab1,
tarcis1,
tarhor1,
tartyr1,
tasbla,
tasscr1,
tastho1,
tatdot1,
tatlea1,
tatspi1,
tattin1,
tattou1,
tawant1,
taweag1,
tawfro1,
tawgra2,
tawgra3,
tawlar1,
tawowl1,
tawowl3,
tawpip1,
tawqua1,
tawstr1,
tawwoo1,
tbgdov1,
tbgpig2,
tbsfin1,
tbwbab1,
tebfin1,
tembab1,
temcou1,
temlar1,
temsee1,
temsti,
temsun1,
temtra1,
temwhi1,
tenswi1,
tenwar,
tepant1,
tepgol1,
tepgre1,
teppar1,
tepred1,
tepspi1,
tepswi1,
teptin1,
tepwre1,
terbro1,
tersan,
tesfly1,
thamno2,
thbcou1,
thbcuc1,
thbeup1,
thbflo1,
thbflo3,
thbgra1,
thbgra4,
thbhon1,
thbkin,
thblar1,
thbmin1,
thbmur,
thbpar,
thbpig1,
thbplo1,
thbrav1,
thbros1,
thbsal1,
thbsee1,
thbsis1,
thbspi1,
thbvir,
thbvir2,
thbwar1,
thbwar2,
thelar1,
thiant1,
thitin1,
thlant2,
thlant3,
thlsch2,
thlsch3,
thlsch4,
thlsch7,
thlsch8,
thlwre1,
thrbab1,
thrnig1,
thsfly2,
thshem1,
thstch1,
thswar1,
thswar2,
thswar5,
thswar9,
thtjac1,
thtpar1,
thtray1,
thwbel,
tibbab1,
tibbla1,
tibbun1,
tibfly2,
tibfly3,
tibfly4,
tiblar1,
tibpar1,
tibros1,
tibsan1,
tibser1,
tibsno1,
tibsno2,
ticdor1,
ticthr1,
tigshr1,
tiipig1,
tildac1,
tilwar1,
tilwar2,
timbus1,
timcud1,
timfri1,
timgrp1,
timori1,
timspa4,
timstu1,
timwhe1,
timwre1,
tincis1,
tincis3,
tingre1,
tinhaw1,
tinmon1,
tinsun2,
titber1,
titgre1,
tithyl1,
titman1,
tobcat2,
tobhum1,
tobpig1,
tobwre1,
tocspa1,
toctou1,
todant1,
todmot1,
todsir1,
toghao1,
togwhe1,
tolblo1,
toldov1,
tomtit1,
tonwhi1,
toogre1,
toppig1,
topwhy1,
torcro2,
torcro3,
torduc1,
torfly1,
torimp1,
torimp2,
torlar1,
torsco1,
tortyr1,
toubar1,
tousun1,
towshe1,
towshe2,
towshe3,
towsol,
towwar,
tracha1,
trbfin1,
trbhor1,
tremar2,
trepip,
treswa,
tribla,
tribrf1,
tribun1,
tricis1,
trieup1,
triher,
trimoo2,
trimoo3,
trimot1,
trimun,
tripar1,
tripet1,
trista1,
tritap1,
trithr1,
triwar1,
trobou1,
trobou2,
trogna1,
trokin,
tromoc,
tropar,
tropew1,
tropew2,
tropig1,
trosee1,
troshe1,
troshe4,
trpgua1,
trsowl,
trspet,
trufin2,
truhor1,
truman1,
trumon1,
truswa,
truter,
trweye1,
tsasun1,
tsctap1,
tsiwor1,
tuasan1,
tubmot1,
tucpar1,
tufant1,
tufcoq1,
tufduc,
tuffly,
tufjay1,
tufpuf,
tuftit,
tugjay1,
tui1,
tuipar1,
tulwoo1,
tumfin1,
tumhum1,
tumspa1,
tumswa1,
tumtyr2,
tunbeg1,
tunswa,
tuqdov1,
turbou1,
turcot1,
turdac1,
turere1,
turjay1,
turpar1,
turtan1,
turvul,
turwar1,
tutbar1,
tutpuf1,
tutspi1,
tuttyr1,
twbplo1,
twbwar1,
twbwar2,
twite1,
twwbop1,
tylvan1,
tylwar1,
tyrmet1,
tyrwoo1,
uapmon1,
udzpar1,
udzpar2,
ugawow1,
ulahaw,
ultfly1,
ultgro1,
ultkin1,
ultlor1,
ulubus1,
unafly1,
undant1,
undant2,
undtin1,
uniant1,
uniant2,
unibla2,
unicra1,
unifin1,
unijay1,
uniswi1,
unitap1,
unithr1,
unitre1,
uniwoo1,
unstit1,
upcwar1,
uplant1,
uplbuz1,
uplgoo1,
uplpip1,
uplsan,
upmtap1,
uraowl1,
urityr1,
urssun2,
usaaka1,
usabul1,
usahyl1,
usathr1,
usawea1,
useowl1,
ussfly1,
uswowl1,
uvbsun1,
vabtyr1,
vadvan1,
vahsun1,
vanfly1,
vanmon1,
vanscr1,
vanwhe1,
varant1,
varant2,
varbun,
varcha1,
varcha3,
vardwk1,
vardwk11,
vardwk12,
vardwk13,
vardwk14,
vardwk15,
vardwk2,
vardwk4,
vardwk5,
vardwk6,
vardwk7,
vardwk8,
vardwk9,
varfai1,
varfai5,
varfly,
vargos1,
varhon1,
varind1,
varlau1,
varlor1,
varoys1,
varpic1,
varpit2,
varpit3,
varpit4,
varsch1,
varsee3,
varsit1,
varsit8,
varsol1,
varsun2,
varthr,
vartin1,
vartit1,
vartit2,
vartit3,
vartit4,
vartri1,
vartri3,
varwhe1,
vaspar1,
vauswi,
vddhor1,
vebbri1,
vebtyr1,
vebtyr2,
veeowl1,
veery,
vefeup1,
vefgra1,
vefnut1,
vefowl1,
vegfin2,
veggul1,
vehpar1,
velasi1,
veldov1,
vemdro1,
vemdro5,
venflo1,
venfly1,
venpet1,
vensyl1,
ventro1,
venwoq1,
vepcor1,
verbar1,
verbat1,
vercar1,
vercou1,
verdin,
vereag1,
vereme1,
verfly1,
verfly4,
verfly7,
verfly8,
verhum1,
verman1,
verpar1,
versco2,
versco5,
vertan1,
vesowl,
vesspa,
vibhum1,
vibhyl1,
vibspa1,
vibsta2,
vibsta3,
vibsun2,
vichum,
vichum1,
vichum2,
vicpig1,
vicrif1,
vicwoo2,
viebar1,
viecut1,
viegre2,
viewax1,
viewea1,
vifbri1,
vigswa,
vihhum1,
vilbrf1,
vilind,
viltap1,
vilthi2,
vilthi3,
vilwea1,
vimwea1,
vinbun1,
vindov1,
vinlor1,
vinpar1,
vinros2,
vinros3,
viocou1,
viocuc1,
vioeup1,
viojay1,
viosab1,
viotro2,
viotro3,
viotur1,
viowoo1,
viowoo3,
viqdov1,
virdac1,
virmet1,
virrai,
virrai1,
virwar,
visblf1,
visbro1,
visbul1,
visfan1,
vispyb1,
viswar1,
vitmet1,
vitpar1,
vitsta1,
vitsun1,
vitsyl1,
vitwar1,
vivnil1,
vogbow2,
vogmel1,
vogscr1,
vogwhi1,
volhum1,
voljun1,
volswi1,
vosbop1,
vulgui1,
vulpar1,
wafdov1,
waheag3,
wahhon1,
wahpar1,
wahpar2,
waicis1,
waicis2,
wairai1,
wakmyz1,
walcus1,
waldra1,
waldro1,
walfai1,
walhae1,
wallcr1,
walsta1,
walsta2,
walwhi1,
wanalb,
wanalb2,
wanalb3,
wanalb5,
wantat1,
waonig1,
wardor1,
warfin1,
warfly1,
warlin1,
wartro1,
warvir,
warwhe1,
washon1,
wasowl1,
watant1,
watbro1,
watbrt1,
watcra2,
watcur1,
waterc1,
watgua1,
watibi1,
watjac1,
watkne1,
watlap1,
watpip1,
watplo1,
watrai1,
watsta1,
watswi1,
wavalb,
wavwoo1,
wawduc1,
wawwhe1,
wbbfly1,
wbbrob1,
wbbwea1,
wbcfly1,
wbctyr1,
wbffly1,
wbgbir1,
wbgdov1,
wbgtyr1,
wbhori1,
wbipig1,
wbmgem1,
wbnher1,
wbopar1,
wbptyr1,
wbrcha1,
wbrcha2,
wbsbab1,
wbsbab2,
wbseag1,
wbspet1,
wbswea1,
wbtfan1,
wbtspi1,
wbtwar1,
wbwbab1,
wbweye1,
wbwwre1,
wcfdov1,
wcfgle1,
wcptit1,
wcrcha1,
wcttyr1,
wcweye1,
weawae1,
webcuc1,
webhum2,
webhum3,
webwar1,
webwoo1,
weclew1,
wecpig1,
wecsun1,
wectan1,
weebil1,
wefgle1,
wegdov1,
wegspa1,
weiwoo1,
weka1,
welswa1,
wemcha1,
wemhar1,
wenher1,
weowar1,
weowar2,
wepdov1,
werher,
wermar2,
wesant1,
wesbeg1,
wesblu,
wesblu1,
wesbow1,
wesbri1,
wescap1,
wescit1,
wescor1,
weseme1,
wesger1,
wesgre,
wesgul,
weskin,
wesmea,
wesmog1,
wesowl1,
wespar1,
wespet1,
wesple1,
wespuf1,
wesros1,
wessan,
wesspi,
wesspi1,
westan,
westho1,
westin1,
westra1,
weswah1,
weswhi1,
weswhi2,
weswhi4,
weteag1,
wetfig1,
wethil1,
wetjer2,
wetpig1,
wetsab2,
wetsab3,
wetshe,
wettyr1,
wewpew,
weywea1,
wfbcha1,
wfbeat1,
wfcdov1,
wfgtyr1,
wfqdov,
wfqdov1,
wfsowl2,
wfspet,
wfwduc1,
wfweye1,
whbant1,
whbant2,
whbant3,
whbant4,
whbant5,
whbant6,
whbant7,
whbbab1,
whbbab2,
whbbab3,
whbbla2,
whbblt1,
whbbul2,
whbbus2,
whbbus4,
whbcan1,
whbcha1,
whbcha2,
whbcin1,
whbcon1,
whbcou1,
whbcou3,
whbcra1,
whbcro2,
whbcus1,
whbcus2,
whbcus4,
whbdac1,
whbdro1,
whbduc1,
whbeme1,
whbfan1,
whbfan2,
whbfin1,
whbflo1,
whbfly1,
whbfog1,
whbfrd1,
whbful1,
whbgre1,
whbgua1,
whbgui1,
whbhaw2,
whbhel1,
whbher1,
whbher2,
whbher3,
whbhum1,
whbkin1,
whblau1,
whbman1,
whbman2,
whbmes2,
whbmin2,
whbmin3,
whbmoc1,
whbmon1,
whbmou1,
whbmun1,
whbneg2,
whbnot1,
whbnut,
whbnut1,
whbowl1,
whbpar1,
whbpic1,
whbpic2,
whbpic3,
whbpig1,
whbpit1,
whbpur1,
whbred1,
whbrob1,
whbrob2,
whbros1,
whbscr1,
whbscr3,
whbsee1,
whbsee2,
whbsha1,
whbsho1,
whbsho12,
whbsho3,
whbsho4,
whbsho5,
whbsho6,
whbspi1,
whbspi2,
whbsta1,
whbsun2,
whbswa2,
whbswa3,
whbtai1,
whbtan1,
whbtap1,
whbtap2,
whbthr1,
whbthr2,
whbtit4,
whbtit5,
whbtot1,
whbtre1,
whbtre2,
whbtri1,
whbtyr1,
whbtyr2,
whbvul1,
whbwag1,
whbwar2,
whbwat1,
whbwea1,
whbwhe1,
whbwhe3,
whbwhi1,
whbwhi2,
whbwoo1,
whbwoo2,
whbwoo4,
whbwoo5,
whbwoo6,
whbwoo7,
whbwoo8,
whbwre1,
whbyuh1,
whcalb1,
whcale1,
whcant1,
whcbab1,
whcbar1,
whcbit1,
whcbla1,
whcbul1,
whcbul2,
whccoq1,
whccot1,
whcdip1,
whcela1,
whcela4,
whceme1,
whcfor1,
whcfor3,
whcgua1,
whchon2,
whchor2,
whchor3,
whcjac1,
whcjay2,
whckit1,
whckoe1,
whclau1,
whclau2,
whcman1,
whcman2,
whcmon1,
whcmon2,
whcmun1,
whcmyz1,
whcnut1,
whcoli1,
whcpar,
whcpar1,
whcpet1,
whcpig1,
whcpig2,
whcpin,
whcpri2,
whcpuf1,
whcred1,
whcsap1,
whcsee,
whcsee1,
whcshr1,
whcspa,
whcspa1,
whcsta1,
whcsta2,
whcsta3,
whcswi,
whcswi1,
whcswi2,
whctan1,
whctap1,
whcter1,
whcthi1,
whcthr1,
whctin1,
whctit1,
whctur1,
whctur2,
whctyr1,
whcwoo1,
whcyuh1,
wheant1,
whebar1,
whebul1,
whebuz1,
whecat1,
whecon1,
whedov1,
wheduc1,
whegul2,
whehon1,
whehum,
wheimp1,
wheimp2,
whejac1,
whemon1,
wheori1,
whepar2,
whephe1,
whepuf1,
wherob1,
whesib1,
wheslf1,
whesol1,
whesta2,
whetai1,
whethr1,
whevir,
whfant1,
whfant2,
whfant4,
whfant6,
whfcha1,
whfdov2,
whffal1,
whfher1,
whfhon1,
whfibi,
whfman1,
whfnun1,
whfnun2,
whfpar1,
whfplo1,
whfred1,
whfred2,
whfrob1,
whfsta2,
whfsun1,
whfswi1,
whfter1,
whftit2,
whfwoo1,
whgfly1,
whghon1,
whgpig1,
whhbab2,
whhbar1,
whhbul1,
whhduc1,
whhlap1,
whhmou1,
whhmun1,
whhpet1,
whhpig1,
whhsaw1,
whhsta2,
whhstd1,
whhvan1,
whhvul1,
whhwoo,
whhwoo1,
whhwre1,
whiant1,
whiauk,
whibel2,
whibro1,
whicis1,
whicoc1,
whieap2,
whiflo1,
whifly1,
whihaw1,
whihel1,
whiher1,
whiibi,
whiimp1,
whikit1,
whimbr,
whimbr3,
whimon1,
whinch1,
whipit1,
whispi1,
whisto1,
whiswi1,
whiteh1,
whiter,
whiter2,
whitre1,
whitro1,
whiwag,
whiwar1,
whiwar2,
whiwoo1,
whiwre1,
whiyuh1,
whlant1,
whlant2,
whlgna2,
whlgna3,
whlhon1,
whlori1,
whlspi1,
whltan1,
whltyr1,
whlwar1,
whmant2,
whmbar1,
whmtyr1,
whnbab1,
whncra1,
whncro1,
whnfri1,
whnhaw2,
whnhon2,
whnhon3,
whnjac1,
whnjay1,
whnlau1,
whnlor2,
whnmon1,
whnmyn1,
whnpar1,
whnpar2,
whnpet,
whnpig1,
whnpuf2,
whnrav1,
whnrob1,
whnroc1,
whnsee1,
whnswi1,
whnwoo1,
whnxen1,
whnyuh1,
whocra,
whoswa,
whpant1,
whphon1,
whqbus1,
whrbab2,
whrcha1,
whrcus1,
whrfal1,
whrfly,
whrhaw1,
whrkin1,
whrman1,
whrmon2,
whrmun,
whrnee1,
whrrob2,
whrsan,
whrsee,
whrsha,
whrsha2,
whrshr1,
whrsir1,
whrsno1,
whrswa1,
whrswi1,
whrswi2,
whrtan1,
whrtri1,
whrvul1,
whsant1,
whsant2,
whsant4,
whsblt1,
whsbul1,
whsfai1,
whsflo1,
whsflu1,
whsfri1,
whshil1,
whshon1,
whsibi1,
whsowl1,
whsrob1,
whssta2,
whstan1,
whswar1,
whswar2,
whswoo1,
whswoo2,
whtant1,
whtant2,
whtbab1,
whtbar1,
whtblc1,
whtbul1,
whtbus1,
whtcac2,
whtcan1,
whtcar1,
whtcis1,
whtcot1,
whtcra1,
whtdip1,
whtdov,
whteag,
whtear1,
whteme1,
whtfan1,
whtflo1,
whtfly1,
whtfly2,
whtfra2,
whtger1,
whtgol1,
whtgra1,
whtgre2,
whtgre3,
whthaw,
whthaw1,
whthil2,
whthil3,
whthon1,
whthon2,
whthor1,
whthum1,
whthum2,
whtior1,
whtjac1,
whtjay1,
whtjay2,
whtkin1,
whtkin2,
whtkit,
whtlap1,
whtlar1,
whtlau1,
whtman1,
whtmog2,
whtmon1,
whtmon2,
whtnee,
whtnig1,
whtnig3,
whtnut1,
whtoxy1,
whtpew1,
whtpla1,
whtpta1,
whtque1,
whtrai1,
whtred1,
whtrob1,
whtrob2,
whtrob3,
whtsab1,
whtsco1,
whtsee1,
whtshr1,
whtsic1,
whtspa,
whtspa1,
whtsta1,
whtsto2,
whtsun1,
whtswa1,
whtswa2,
whtswa3,
whtswi,
whtswi1,
whttap1,
whtthr2,
whttin1,
whttit1,
whttou1,
whttow1,
whttre2,
whttre3,
whttro,
whttro1,
whttyr1,
whttyr2,
whtwar1,
whtwhe1,
whtwoo1,
whtwoo2,
whtwrb1,
whveup1,
whvmyn,
whvmyn1,
whvplu1,
whvsha1,
whvwhi1,
whwapa1,
whwbec1,
whwblt1,
whwblt2,
whwblt3,
whwcho1,
whwcin1,
whwcoo1,
whwcot1,
whwcro,
whwcus1,
whwdov,
whwduc1,
whwfai1,
whwfan1,
whwflu1,
whwgro1,
whwgua1,
whwher1,
whwlar1,
whwlau1,
whwmag1,
whwnig1,
whwpar,
whwpic1,
whwpot1,
whwpuf1,
whwred2,
whwrob2,
whwsan1,
whwsco,
whwsco1,
whwsco4,
whwsno1,
whwspi1,
whwswa1,
whwtan1,
whwter,
whwtit2,
whwtri1,
whwtri2,
whwwar1,
whwwid1,
whwwoo1,
whybar1,
wibant1,
wibhor1,
wibpip1,
wibsee1,
wibwre1,
wictho2,
wilant1,
wilfin3,
wilfly,
wilhon2,
willar1,
willet1,
wilpha,
wilplo,
wilpta,
wilsap,
wilsni1,
wiltit1,
wiltur,
wilwag1,
wincis1,
wincis3,
wincis4,
wincis5,
wincis6,
winwre3,
winwre4,
wisbou1,
wiscis1,
wispet,
withum1,
witman1,
witman2,
witswa1,
wiwduc1,
wlswar,
wlwwar,
wnbfin1,
woewar1,
wofdov1,
wonpig1,
wonsto1,
wooant1,
woobat1,
wooduc,
woofin1,
wookin1,
woolar1,
woopip1,
woorai1,
woosan,
wooscj2,
wooshr1,
woosni1,
woosto,
woothr,
woowar,
worspa,
wqrpig1,
wrbfin1,
wrbhor1,
wrbhor2,
wrehor1,
wrenth1,
wrenti,
wrihor1,
wrihor2,
wrlrus1,
wrspet,
wrybil1,
wsfeye1,
wsfrai1,
wstdro1,
wsweye1,
wtathr1,
wtbeat1,
wtbfly1,
wtbswa1,
wtcfly1,
wtfgle1,
wtgdov1,
wtgfin1,
wtmbab1,
wtmgem1,
wtmjay1,
wtqdov1,
wtrcha1,
wtrthr1,
wtsfin1,
wtstan1,
wtstyr1,
wtweye1,
wvbsun1,
wvspet1,
wvvear1,
wwbfin1,
wwccha1,
wwcdov1,
wwdfin1,
wwstan1,
wwswar1,
wynlau1,
xanhum,
xanmur1,
xanmur2,
xavgre1,
xigjay1,
y00475,
y00478,
y00599,
yaglor2,
yapant1,
yapmon1,
yapwhe1,
ybbwar1,
ybfdov1,
ybfdov2,
ybsvir1,
ybtfly1,
ybttyr1,
ybweye1,
ycnher,
ycppar1,
yebant1,
yebant2,
yebant3,
yebapa1,
yebasi1,
yebbab1,
yebbar1,
yebbar2,
yebboa1,
yebbou1,
yebbow1,
yebbrf1,
yebbru1,
yebbul2,
yebbul3,
yebbun,
yebbun1,
yebbuw2,
yebcac1,
yebcam1,
yebcar,
yebcha,
yebcho1,
yebcht1,
yebcot1,
yebcra1,
yebcuc,
yebdac1,
yebduc1,
yebela1,
yebere1,
yebfan1,
yebfin1,
yebflo1,
yebflo2,
yebfly,
yebfly1,
yebfly2,
yebfly4,
yebger1,
yebgre1,
yebgre3,
yebgre4,
yebgro1,
yebhyl1,
yebjac1,
yebkin1,
yeblon1,
yebloo,
yeblor1,
yeblor2,
yebmag,
yebmag1,
yebmal1,
yebmel1,
yebnun1,
yebnut1,
yebori1,
yeboxp1,
yeboxy1,
yebpar1,
yebpin1,
yebpip2,
yebpri1,
yebrat1,
yebrob1,
yebsap,
yebsat1,
yebsee1,
yebsee2,
yebshr1,
yebsis1,
yebspa1,
yebspo1,
yebsto1,
yebtai1,
yebtan1,
yebtan2,
yebtea1,
yebter2,
yebtit3,
yebtit4,
yebtou1,
yebtur1,
yebtyr1,
yebtyr2,
yebwaa1,
yebwar1,
yebwar2,
yebwar3,
yebwax2,
yebwhe1,
yebwhi1,
yecbar1,
yecbis,
yeccan1,
yecchl1,
yeccoc1,
yecela1,
yeceup1,
yechel1,
yechor1,
yeclov,
yecmac,
yecman2,
yecpar,
yecred1,
yecspi2,
yectan1,
yectit1,
yectyr1,
yecwea1,
yecwoo1,
yeebab1,
yeebul1,
yeecus1,
yeehon1,
yeejun,
yeejun2,
yeepar1,
yeepen1,
yeespi1,
yeesta1,
yeetou1,
yeewoo1,
yefbar1,
yefcan,
yeffla1,
yeffly1,
yefgra1,
yefgul,
yefhon1,
yefhon2,
yefmyn1,
yefpar2,
yefpar3,
yefpar4,
yefpar5,
yefpig1,
yefsis1,
yeftin1,
yefwoo1,
yegfin1,
yeggro1,
yeghon1,
yegtyr1,
yegvir,
yehbla,
yehbla2,
yehbrf1,
yehcar1,
yehman2,
yehpar,
yehpar2,
yehwar1,
yekcur1,
yelbis1,
yelbit,
yelbul1,
yelbun1,
yelbut1,
yelcan1,
yelcar1,
yelcha1,
yelfly1,
yelfly2,
yelfly4,
yelgro,
yelgul1,
yelhon1,
yellon1,
yellow2,
yellow3,
yellow5,
yellow6,
yelori1,
yelpar1,
yelpig1,
yelpip2,
yelpip3,
yelrai,
yelrob1,
yeltho1,
yelthr1,
yeltin1,
yeltit2,
yeltyr1,
yelwar,
yelwar1,
yelwat1,
yelwea1,
yelwea2,
yelwhe1,
yemacc1,
yemfly1,
yemfly2,
yemlin1,
yemser1,
yemthr1,
yemwar1,
yemwea1,
yenalb,
yenalb3,
yengre1,
yenpar1,
yenspu1,
yeofly1,
yephon1,
yeptit1,
yerant1,
yercac1,
yerere1,
yerflo1,
yerhon1,
yermar1,
yermun1,
yerser1,
yersis1,
yertho1,
yertin1,
yerwar,
yerwar2,
yesbar1,
yesbla1,
yesbul1,
yesflo1,
yesgra1,
yesgre2,
yesgro2,
yeshon1,
yeslor1,
yesnic1,
yespar1,
yespet1,
yestan1,
yeswar1,
yeswid2,
yetant1,
yetbul1,
yetbun1,
yetcuc1,
yeteup1,
yetfin1,
yetfly2,
yetful1,
yetgre1,
yethon1,
yethon2,
yethon3,
yetlau1,
yetlea1,
yetlon1,
yetmin1,
yetnic1,
yetori1,
yetpet1,
yetpip1,
yetsan1,
yetscr1,
yetser1,
yetspa1,
yettan1,
yettin1,
yetvir,
yetwar,
yetwar3,
yetwhi1,
yetwoo1,
yetwoo2,
yetwow1,
yevbul1,
yevere1,
yevflo1,
yevmyz1,
yevpig1,
yevwar1,
yevwoo1,
yewbla2,
yewbul1,
yewcac1,
yewgre1,
yewlap2,
yewtan1,
yewvir1,
yfweye1,
ygbtan1,
ysbfin1,
ysweye1,
ytbcoc1,
ytbtan1,
ythpar1,
ytweye1,
yucfly1,
yucjay1,
yucnig1,
yucpoo1,
yucvir,
yucwoo,
yucwre1,
yunman1,
yunnut1,
yuntyr1,
yupowl1,
yuttyr1,
ywcpar,
zambul1,
zanbis1,
zanbou1,
zapfly1,
zaprai1,
zapspa1,
zapwre1,
zebdov,
zebfin2,
zebwax2,
zelant1,
zendov,
zenhon1,
zigher1,
zimant1,
zimtap1,
zimwoo2,
zitcis1,
zittyr1,
zoeimp1,
zothaw,
