bird_genera,comment
abeillia,
abroscopus,
aburria,
acanthagenys,
acanthidops,
acanthis,
acanthisitta,
acanthiza,
acanthorhynchus,
acanthornis,
accipiter,
aceros,
achaetops,
acridotheres,
acrobatornis,
acrocephalus,
acropternis,
acryllium,
actenoides,
actinodura,
actitis,
actophilornis,
adelomyia,
aechmophorus,
aegithalos,
aegithina,
aegolius,
aegotheles,
aegypius,
aepypodius,
aerodramus,
aeronautes,
aethia,
aethopyga,
afropavo,
agamia,
agapornis,
agelaioides,
agelaius,
agelastes,
agelasticus,
aglaeactis,
aglaiocercus,
agraphospiza,
agricola,
agriornis,
agropsar,
aidemosyne,
ailuroedus,
aimophila,
aix,
akialoa,
akletos,
alaemon,
alauda,
alaudala,
alca,
alcedo,
alcippe,
aleadryas,
alectoris,
alectroenas,
alectrurus,
alectura,
alethe,
alipiopsitta,
alisterus,
alle,
allenia,
alopecoenas,
alophoixus,
alopochelidon,
alopochen,
amadina,
amalocichla,
amandava,
amaurolimnas,
amaurornis,
amaurospiza,
amazilia,
amazilis,
amazona,
amazonetta,
amblycercus,
amblyornis,
amblyospiza,
amblyramphus,
ammodramus,
ammomanes,
ammomanopsis,
ammonastes,
ammoperdix,
ammospiza,
ampeliceps,
ampelioides,
ampelion,
ampelornis,
amphispiza,
amphispizopsis,
amytornis,
anabacerthia,
anabathmis,
anabazenops,
anairetes,
analisoma,
anaplectes,
anarhynchus,
anas,
anastomus,
ancistrops,
andigena,
androdon,
andropadus,
androphobus,
anhima,
anhinga,
anisognathus,
anodorhynchus,
anomalospiza,
anopetia,
anorrhinus,
anous,
anser,
anseranas,
anthipes,
anthobaphes,
anthocephala,
anthochaera,
anthornis,
anthoscopus,
anthracoceros,
anthracothorax,
anthreptes,
anthropoides,
anthus,
antigone,
antilophia,
antrostomus,
anumara,
anumbius,
anurolimnas,
apalis,
apaloderma,
apalopteron,
aphanapteryx,
aphanotriccus,
aphelocephala,
aphelocoma,
aphrastura,
aphrodroma,
aplonis,
aprositornis,
aprosmictus,
aptenodytes,
apteryx,
apus,
aquila,
ara,
arachnothera,
aramides,
aramidopsis,
aramus,
aratinga,
arborophila,
arcanator,
archboldia,
archilochus,
ardea,
ardenna,
ardeola,
ardeotis,
arenaria,
argusianus,
argya,
arizelocichla,
arremon,
arremonops,
arses,
artamella,
artamus,
artemisiospiza,
artisornis,
arundinax,
arundinicola,
asarcornis,
asemospiza,
ashbyia,
asio,
aspatha,
asthenes,
astrapia,
atalotriccus,
atelornis,
athene,
atimastillas,
atlantisia,
atlapetes,
atrichornis,
atronanus,
attagis,
atticora,
attila,
augastes,
aulacorhynchus,
auriparus,
automolus,
aviceda,
avocettula,
aythya,
baeolophus,
baeopogon,
balaeniceps,
balearica,
bambusicola,
bangsia,
barnardius,
bartramia,
baryphthengus,
basileuterus,
basilinna,
basilornis,
batara,
bathilda,
bathmocercus,
batis,
batrachostomus,
berenicornis,
berlepschia,
bermuteo,
bernieria,
bias,
biatas,
biziura,
bleda,
blythipicus,
boissonneaua,
bolbopsittacus,
bolborhynchus,
bolemoreus,
bombycilla,
bonasa,
bostrychia,
botaurus,
brachycope,
brachygalba,
brachypodius,
brachypteracias,
brachypteryx,
brachyramphus,
bradornis,
bradypterus,
branta,
brotogeris,
brunhilda,
bubalornis,
bubo,
bubulcus,
bucanetes,
buccanodon,
bucco,
bucephala,
buceros,
bucorvus,
bugeranus,
bulweria,
buphagus,
burhinus,
busarellus,
butastur,
buteo,
buteogallus,
buthraupis,
butorides,
bycanistes,
cacatua,
cacicus,
cacomantis,
cairina,
calamanthus,
calamonastes,
calamonastides,
calamornis,
calamospiza,
calandrella,
calcarius,
calendulauda,
calicalicus,
calidris,
caligavis,
callacanthis,
callaeas,
calliope,
callipepla,
calliphlox,
callocephalon,
callonetta,
calochaetes,
calocitta,
caloenas,
calonectris,
caloperdix,
caloramphus,
calothorax,
calypte,
calyptocichla,
calyptomena,
calyptophilus,
calyptorhynchus,
calyptura,
camarhynchus,
camaroptera,
campephaga,
campephilus,
campethera,
campicoloides,
campochaera,
campocolinus,
camptorhynchus,
camptostoma,
campylopterus,
campylorhamphus,
campylorhynchus,
canachites,
canirallus,
cantorchilus,
capito,
caprimulgus,
capsiempis,
caracara,
cardellina,
cardinalis,
carduelis,
cariama,
caridonax,
carpococcyx,
carpodacus,
carpodectes,
carpornis,
carpospiza,
carterornis,
caryothraustes,
casiornis,
cassiculus,
castanozoster,
casuarius,
catamblyrhynchus,
catamenia,
cataponera,
catharopeza,
cathartes,
catharus,
catherpes,
catreus,
catriscus,
cecropis,
celebesia,
celeus,
centrocercus,
centronyx,
centropus,
cephalopterus,
cephalopyrus,
cepphus,
ceratogymna,
ceratopipra,
cercibis,
cercococcyx,
cercomacra,
cercomacroides,
cercotrichas,
cereopsis,
cerorhinca,
certhia,
certhiasomus,
certhiaxis,
certhidea,
certhilauda,
certhionyx,
ceryle,
cettia,
ceuthmochares,
ceyx,
chaetocercus,
chaetops,
chaetoptila,
chaetorhynchus,
chaetura,
chalcomitra,
chalcoparia,
chalcophaps,
chalcopsitta,
chalcostigma,
chalcothraupis,
chalybura,
chamaea,
chamaepetes,
chamaetylas,
chamaeza,
charadrius,
charitospiza,
charminetta,
charmosyna,
charmosynoides,
charmosynopsis,
chasiempis,
chauna,
chelictinia,
chelidoptera,
chelidorhynx,
chenonetta,
chenorhamphus,
cheramoeca,
chersomanes,
chersophilus,
chionis,
chionomesa,
chiroxiphia,
chlamydera,
chlamydochaera,
chlamydotis,
chleuasicus,
chlidonias,
chloebia,
chloephaga,
chlorestes,
chloridops,
chloris,
chloroceryle,
chlorochrysa,
chlorocichla,
chlorodrepanis,
chlorophanes,
chlorophonia,
chloropicus,
chloropipo,
chloropsis,
chlorornis,
chlorospingus,
chlorostilbon,
chlorothraupis,
cholornis,
chondestes,
chondrohierax,
chordeiles,
chroicocephalus,
chrysococcyx,
chrysocolaptes,
chrysocorythus,
chrysolampis,
chrysolophus,
chrysomma,
chrysomus,
chrysophlegma,
chrysothlypis,
chrysuronia,
chunga,
ciccaba,
cichladusa,
cichlocolaptes,
cichlopsis,
cicinnurus,
ciconia,
cinclidium,
cinclocerthia,
cinclodes,
cincloramphus,
cinclosoma,
cinclus,
cinnycerthia,
cinnyricinclus,
cinnyris,
circaetus,
circus,
ciridops,
cissa,
cissomela,
cissopis,
cisticola,
cistothorus,
cittura,
cladorhynchus,
clamator,
clanga,
clangula,
claravis,
cleptornis,
clibanornis,
climacteris,
clytoceyx,
clytoctantes,
clytolaema,
clytomyias,
clytorhynchus,
clytospiza,
cnemarchus,
cnemathraupis,
cnemophilus,
cnemoscopus,
cnemotriccus,
cnipodectes,
coccopygia,
coccothraustes,
coccycua,
coccyzus,
cochlearius,
cochoa,
coeligena,
coenocorypha,
coereba,
colaptes,
colibri,
colinus,
colius,
collocalia,
colluricincla,
colonia,
colorhamphus,
columba,
columbina,
compsothraupis,
conioptilon,
conirostrum,
conopias,
conopophaga,
conopophila,
conostoma,
conothraupis,
contopus,
conuropsis,
copsychus,
coracias,
coracina,
coracopsis,
coracornis,
coragyps,
corapipo,
corcorax,
cormobates,
corthylio,
corvus,
corydon,
coryphaspiza,
coryphistera,
coryphospingus,
corythaeola,
corythaixoides,
corythopis,
corythornis,
coscoroba,
cossypha,
cossyphicula,
cotinga,
coturnicops,
coturnix,
coua,
cracticus,
cranioleuca,
crateroscelis,
crax,
creagrus,
creatophora,
creurgops,
crex,
crinifer,
criniger,
crithagra,
crossleyia,
crossoptilon,
crotophaga,
crypsirina,
cryptillas,
cryptoleucopteryx,
cryptopezus,
cryptophaps,
cryptopipo,
cryptospiza,
cryptosylvicola,
crypturellus,
cuculus,
culicicapa,
culicivora,
curaeus,
curruca,
cursorius,
cutia,
cyanerpes,
cyanicterus,
cyanistes,
cyanochen,
cyanocitta,
cyanocompsa,
cyanocorax,
cyanoderma,
cyanograucalus,
cyanolanius,
cyanolimnas,
cyanoliseus,
cyanoloxia,
cyanolyca,
cyanomitra,
cyanopica,
cyanopsitta,
cyanoptila,
cyanoramphus,
cyclarhis,
cyclopsitta,
cygnus,
cymbilaimus,
cymbirhynchus,
cynanthus,
cyornis,
cyphorhinus,
cypseloides,
cypsiurus,
cypsnagra,
cyrtonyx,
dacelo,
dacnis,
dactylortyx,
daphoenositta,
daption,
daptrius,
dasycrotapha,
dasylophus,
dasyornis,
deconychura,
delacourella,
deleornis,
delichon,
dendragapus,
dendrexetastes,
dendrocincla,
dendrocitta,
dendrocolaptes,
dendrocopos,
dendrocoptes,
dendrocygna,
dendroma,
dendronanthus,
dendroplex,
dendrortyx,
deroptyus,
diaphorapteryx,
dicaeum,
dichrozona,
dicrurus,
didunculus,
diglossa,
dinemellia,
dinopium,
diomedea,
diopsittaca,
discosura,
diuca,
dives,
dolichonyx,
doliornis,
donacobius,
donacospiza,
doricha,
doryfera,
drepanis,
drepanoptila,
drepanorhynchus,
drepanornis,
dreptes,
dromaius,
dromas,
dromococcyx,
drymocichla,
drymodes,
drymophila,
drymornis,
drymotoxeres,
dryobates,
dryocopus,
dryolimnas,
dryoscopus,
dryotriorchis,
dubusia,
ducula,
dulus,
dumetella,
dumetia,
dysithamnus,
dysmorodrepanis,
eclectus,
ectopistes,
edolisoma,
egretta,
elachura,
elaenia,
elanoides,
elanus,
elaphrornis,
electron,
eleoscytalopus,
eleothreptus,
elliotomyia,
elminia,
elseyornis,
emarginata,
emberiza,
emberizoides,
embernagra,
emblema,
eminia,
empidonax,
empidonomus,
enicognathus,
enicurus,
enodes,
ensifera,
entomodestes,
entomyzon,
eolophus,
eophona,
eopsaltria,
eos,
ephippiorhynchus,
epimachus,
epinecrophylla,
epthianura,
eremalauda,
eremomela,
eremophila,
eremopterix,
eriocnemis,
erithacus,
erpornis,
erythrocercus,
erythrogenys,
erythrogonys,
erythromachus,
erythropitta,
erythrotriorchis,
erythrura,
esacus,
estrilda,
eubucco,
euchrepomis,
eucometis,
eudocimus,
eudromia,
eudynamys,
eudyptes,
eudyptula,
eugenes,
eugerygone,
eugralla,
eulacestoma,
eulampis,
eulidia,
eulipoa,
eumomota,
eumyias,
euneornis,
eunymphicus,
euodice,
eupetes,
eupetomena,
euphagus,
eupherusa,
euphonia,
euplectes,
eupodotis,
eupsittula,
euptilotis,
eurillas,
eurocephalus,
eurostopodus,
euryceros,
eurylaimus,
euryptila,
eurypyga,
eurystomus,
euscarthmus,
euschistospiza,
eutoxeres,
eutrichomyias,
eutriorchis,
falcipennis,
falco,
falculea,
falcunculus,
ferminia,
ficedula,
florisuga,
fluvicola,
formicarius,
formicivora,
forpus,
foudia,
foulehaio,
francolinus,
fraseria,
fratercula,
frederickena,
fregata,
fregetta,
fregilupus,
fringilla,
fulica,
fulmarus,
fulvetta,
furnarius,
gactornis,
galbalcyrhynchus,
galbula,
galerida,
gallicolumba,
gallicrex,
gallinago,
gallinula,
gallirallus,
galloperdix,
gallus,
gampsonyx,
gampsorhynchus,
garrodia,
garrulax,
garrulus,
gavia,
gavicalis,
gecinulus,
gelochelidon,
geocerthia,
geococcyx,
geocolaptes,
geoffroyus,
geokichla,
geopelia,
geophaps,
geositta,
geospiza,
geospizopsis,
geothlypis,
geotrygon,
geranoaetus,
geranospiza,
geronticus,
gerygone,
glareola,
glaucestrilda,
glaucidium,
glaucis,
gliciphila,
glossopsitta,
glossoptila,
glycichaera,
glyphorynchus,
gnorimopsar,
goldmania,
goodfellowia,
gorsachius,
goura,
gracula,
gracupica,
grafisia,
grallaria,
grallaricula,
grallina,
graminicola,
grammatoptila,
granatellus,
granatina,
grandala,
grantiella,
graueria,
graydidascalus,
grus,
guadalcanaria,
guaruba,
gubernatrix,
gubernetes,
guira,
gulosus,
guttera,
guyramemua,
gygis,
gymnasio,
gymnobucco,
gymnocichla,
gymnocrex,
gymnoderus,
gymnogyps,
gymnomystax,
gymnomyza,
gymnophaps,
gymnopithys,
gymnorhina,
gymnorhinus,
gymnoris,
gypaetus,
gypohierax,
gyps,
gypsophila,
habia,
haematoderus,
haematopus,
haematortyx,
haemorhous,
hafferia,
halcyon,
haliaeetus,
haliastur,
halobaena,
hamirostra,
hapalocrex,
hapalopsittaca,
hapaloptila,
haplophaedia,
haplospiza,
harpactes,
harpagus,
harpia,
harpyopsis,
hartertula,
hartlaubius,
hedydipna,
heinrichia,
heleia,
heliactin,
heliangelus,
helicolestes,
heliobletus,
heliodoxa,
heliomaster,
heliopais,
heliornis,
heliothryx,
hellmayrea,
helmitheros,
helopsaltes,
hemicircus,
hemignathus,
hemimacronyx,
hemiphaga,
hemiprocne,
hemipus,
hemithraupis,
hemitriccus,
hemixos,
henicopernis,
henicophaps,
henicorhina,
herpetotheres,
herpsilochmus,
heteralocha,
heterocercus,
heteromirafra,
heteromunia,
heteromyias,
heteronetta,
heterophasia,
heterospingus,
heteroxolmis,
hieraaetus,
hierococcyx,
himantopus,
himantornis,
himatione,
hippolais,
hirundapus,
hirundinea,
hirundo,
histrionicus,
histurgops,
horizocerus,
horornis,
houbaropsis,
humblotia,
hydrobates,
hydrochous,
hydrocoloeus,
hydrophasianus,
hydroprogne,
hydropsalis,
hydrornis,
hylacola,
hylexetastes,
hylia,
hyliota,
hylocharis,
hylocichla,
hylocitrea,
hylomanes,
hylonympha,
hylopezus,
hylophilus,
hylophylax,
hylopsar,
hylorchilus,
hymenolaimus,
hymenops,
hypargos,
hypergerus,
hypnelus,
hypocharmosyna,
hypocnemis,
hypocnemoides,
hypocolius,
hypocryptadius,
hypoedaleus,
hypopyrrhus,
hypositta,
hypothymis,
hypsipetes,
ianthocincla,
ibidorhyncha,
ibycter,
ichthyaetus,
icteria,
icterus,
ictinaetus,
ictinia,
idiopsar,
iduna,
ifrita,
ilicura,
illadopsis,
incana,
incaspiza,
indicator,
inezia,
iodopleura,
iole,
irania,
irediparra,
irena,
iridophanes,
iridosornis,
isleria,
ispidina,
ithaginis,
ixobrychus,
ixonotus,
ixoreus,
ixos,
ixothraupis,
jabiru,
jacamaralcyon,
jacamerops,
jacana,
jubula,
junco,
jynx,
kakamega,
kaupifalco,
kenopia,
ketupa,
klais,
kleinothraupis,
knipolegus,
kurochkinegramma,
lacedo,
lafresnaya,
lagonosticta,
lagopus,
lalage,
lampornis,
lamprolaima,
lamprolia,
lampropsar,
lamprospiza,
lamprotornis,
laniarius,
laniellus,
laniisoma,
lanio,
laniocera,
lanioturdus,
lanius,
larosterna,
larus,
larvivora,
laterallus,
lathamus,
lathrotriccus,
laticilla,
legatus,
leiopicus,
leioptila,
leiothlypis,
leiothrix,
leipoa,
leistes,
leonardina,
lepidocolaptes,
lepidopygia,
lepidothrix,
leptasthenura,
leptocoma,
leptodon,
leptopoecile,
leptopogon,
leptopterus,
leptoptilos,
leptosittaca,
leptosomus,
leptotila,
leptotrygon,
lerwa,
lesbia,
lessonia,
leucippus,
leucocarbo,
leucochloris,
leucogeranus,
leucolia,
leucopeza,
leucophaeus,
leucopsar,
leucopternis,
leucosarcia,
leucosticte,
lewinia,
lichenostomus,
lichmera,
limnoctites,
limnodromus,
limnornis,
limnothlypis,
limosa,
linaria,
linurgus,
liocichla,
lioparus,
liosceles,
lipaugus,
lissotis,
loboparadisea,
lobotos,
lochmias,
locustella,
loddigesia,
lonchura,
lophaetus,
lophoceros,
lophochroa,
lophodytes,
lophoictinia,
lopholaimus,
lophonetta,
lophophanes,
lophophorus,
lophopsittacus,
lophorina,
lophornis,
lophospingus,
lophostrix,
lophotibis,
lophotriccus,
lophotriorchis,
lophura,
loriculus,
loriotus,
lorius,
loxia,
loxigilla,
loxioides,
loxipasser,
loxops,
lullula,
lurocalis,
luscinia,
lybius,
lycocorax,
lymnocryptes,
lyncornis,
lyrurus,
macgregoria,
machaerirhynchus,
machaeropterus,
macheiramphus,
machetornis,
machlolophus,
mackenziaena,
macroagelaius,
macrocephalon,
macronectes,
macronus,
macronyx,
macropsalis,
macropygia,
macrosphenus,
madanga,
magumma,
malacocincla,
malaconotus,
malacopteron,
malacoptila,
malacorhynchus,
malcorus,
malia,
malimbus,
malindangia,
malurus,
manacus,
mandingoa,
manorina,
manucodia,
mareca,
margarobyas,
margaroperdix,
margarops,
margarornis,
marmaronetta,
mascarinus,
masius,
mayrimunia,
mayrornis,
mazaria,
mearnsia,
mecocerculus,
megabyas,
megaceryle,
megacrex,
megadyptes,
megalurus,
megapodius,
megarynchus,
megascops,
megastictus,
megatriorchis,
megaxenops,
megazosterops,
meiglyptes,
melaenornis,
melampitta,
melamprosops,
melanerpes,
melaniparus,
melanitta,
melanocharis,
melanochlora,
melanocichla,
melanocorypha,
melanodera,
melanodryas,
melanopareia,
melanoperdix,
melanoptila,
melanorectes,
melanospiza,
melanotis,
meleagris,
meliarchus,
melichneutes,
melidectes,
melidora,
melierax,
melignomon,
melilestes,
meliphacator,
meliphaga,
melipotes,
melithreptus,
melitograis,
mellisuga,
melocichla,
melopsittacus,
melopyrrha,
melospiza,
melozone,
mentocrex,
menura,
merganetta,
mergellus,
mergus,
meropogon,
merops,
merulaxis,
mesembrinibis,
mesitornis,
metabolus,
metallura,
metopidius,
metopothrix,
metriopelia,
micrastur,
micrathene,
microbates,
microcarbo,
microcerculus,
microchera,
microdynamis,
microeca,
microgoura,
microhierax,
microligea,
micromacronus,
micromonacha,
micronisus,
microparra,
micropsitta,
micropternus,
microptilotis,
micropygia,
microrhopias,
microspingus,
microstilbon,
microxenops,
milvago,
milvus,
mimus,
minla,
mino,
mionectes,
mirafra,
mitrephanes,
mitrospingus,
mitu,
mixornis,
mniotilta,
modulatrix,
moho,
mohoua,
molothrus,
momotus,
monachella,
monarcha,
monasa,
monias,
montecincla,
monticola,
montifringilla,
morococcyx,
morphnarchus,
morphnus,
morus,
motacilla,
moupinia,
mulleripicus,
mundia,
muscicapa,
muscigralla,
muscipipra,
muscisaxicola,
musophaga,
mustelirallus,
myadestes,
mycerobas,
mycteria,
myiagra,
myiarchus,
myiobius,
myioborus,
myiodynastes,
myiomela,
myiopagis,
myiophobus,
myiopsitta,
myiornis,
myiotheretes,
myiothlypis,
myiotriccus,
myiozetetes,
myophonus,
myornis,
myrmeciza,
myrmecocichla,
myrmelastes,
myrmia,
myrmoborus,
myrmochanes,
myrmoderus,
myrmophylax,
myrmorchilus,
myrmornis,
myrmothera,
myrmotherula,
myrtis,
mystacornis,
myza,
myzomela,
myzornis,
nannococcyx,
nannopsittaca,
nannopterum,
napothera,
nasica,
neafrapus,
necropsar,
necropsittacus,
necrosyrtes,
nectarinia,
nemosia,
nengetus,
neochmia,
neocichla,
neocossyphus,
neoctantes,
neodrepanis,
neolalage,
neolestes,
neomixis,
neomorphus,
neopelma,
neophedina,
neophema,
neophron,
neopipo,
neopsittacus,
neosuthora,
neothraupis,
neotis,
neoxolmis,
nephelomyias,
nephelornis,
nesillas,
nesocharis,
nesoctites,
nesoenas,
nesofregetta,
nesophlox,
nesopsar,
nesoptilotis,
nesospingus,
nesospiza,
nesotriccus,
nestor,
netta,
nettapus,
newtonia,
nicator,
nigrita,
nilaus,
niltava,
ninox,
nipponia,
nisaetus,
nok,
nomonyx,
nonnula,
northiella,
notharchus,
nothocercus,
nothocrax,
nothoprocta,
nothura,
notiomystis,
notopholia,
nucifraga,
numenius,
numida,
nyctanassa,
nyctibius,
nycticorax,
nycticryphes,
nyctidromus,
nyctiphrynus,
nyctipolus,
nyctiprogne,
nyctyornis,
nymphicus,
nystalus,
oceanites,
ochetorhynchus,
ochthoeca,
ochthornis,
ocreatus,
ocyceros,
ocyphaps,
odontophorus,
odontorchilus,
oedistoma,
oena,
oenanthe,
ognorhynchus,
oncostoma,
oneillornis,
onychognathus,
onychoprion,
onychorhynchus,
ophrysia,
opisthocomus,
opisthoprora,
oporornis,
orchesticus,
oreocharis,
oreoica,
oreolais,
oreomystis,
oreonympha,
oreophasis,
oreophilais,
oreopholus,
oreopsar,
oreopsittacus,
oreornis,
oreortyx,
oreoscoptes,
oreoscopus,
oreostruthus,
oreothlypis,
oreothraupis,
oreotrochilus,
oressochen,
origma,
oriolia,
oriolus,
oriturus,
ornithion,
ornorectes,
orochelidon,
ortalis,
orthogonys,
orthonyx,
orthopsittaca,
orthorhyncus,
orthotomus,
ortygornis,
ortygospiza,
ortyxelos,
otidiphaps,
otis,
otocichla,
otus,
oxylabes,
oxypogon,
oxyruncus,
oxyura,
pachycare,
pachycephala,
pachycephalopsis,
pachycoccyx,
pachyphantes,
pachyptila,
pachyramphus,
pachysylvia,
padda,
pagodroma,
pagophila,
palmeria,
paludipasser,
pampa,
pandion,
panterpe,
panurus,
panyptila,
papasula,
parabuteo,
paraclaravis,
paradigalla,
paradisaea,
paradoxornis,
paragallinula,
paramythia,
parayuhina,
pardalotus,
pardirallus,
parkerthraustes,
parkesia,
parmoptila,
paroaria,
paroreomyza,
parotia,
parus,
parvipsitta,
passer,
passerculus,
passerella,
passerina,
pastor,
patagioenas,
patagona,
pauxi,
pavo,
pedionomus,
pelagodroma,
pelargopsis,
pelecanoides,
pelecanus,
peliperdix,
pellorneum,
peltohyas,
peltops,
penelope,
penelopides,
penelopina,
peneothello,
percnostola,
perdicula,
perdix,
pericrocotus,
periparus,
periporphyrus,
perisoreus,
perissocephalus,
pernis,
petrochelidon,
petroica,
petronia,
petrophassa,
peucaea,
peucedramus,
pezopetes,
pezophaps,
pezoporus,
phacellodomus,
phaenicophaeus,
phaenicophilus,
phaenostictus,
phaeochroa,
phaeomyias,
phaeoptila,
phaethon,
phaethornis,
phaetusa,
phainopepla,
phainoptila,
phalacrocorax,
phalaenoptilus,
phalaropus,
phalcoboenus,
phapitreron,
phaps,
pharomachrus,
phasianus,
phedina,
phegornis,
phelpsia,
pheucticus,
pheugopedius,
phibalura,
philemon,
philentoma,
philepitta,
philesturnus,
philetairus,
philodice,
philortyx,
philydor,
phimosus,
phlegopsis,
phleocryptes,
phlogophilus,
phodilus,
phoebastria,
phoebetria,
phoenicircus,
phoeniconaias,
phoenicoparrus,
phoenicopterus,
phoeniculus,
phoenicurus,
pholia,
pholidornis,
phonipara,
phonygammus,
phragmacia,
phrygilus,
phylidonyris,
phyllastrephus,
phyllergates,
phyllolais,
phyllomyias,
phylloscartes,
phylloscopus,
phytotoma,
piaya,
pica,
picathartes,
picoides,
piculus,
picumnus,
picus,
piezorina,
pilherodius,
pinarochroa,
pinarocorys,
pinaroloxias,
pinarornis,
pinguinus,
pinicola,
pionites,
pionopsitta,
pionus,
pipile,
pipilo,
pipra,
pipraeidea,
pipreola,
piprites,
piranga,
pitangus,
pithecophaga,
pithys,
pitohui,
pitta,
pittasoma,
pityriasis,
platalea,
platycercus,
platylophus,
platyrinchus,
platysmurus,
platyspiza,
platysteira,
plectorhyncha,
plectrophenax,
plectropterus,
plegadis,
plocepasser,
ploceus,
pluvialis,
pluvianellus,
pluvianus,
pnoepyga,
podargus,
podica,
podiceps,
podilymbus,
podoces,
poecile,
poecilodryas,
poecilostreptus,
poecilotriccus,
poeoptera,
poephila,
pogoniulus,
pogonocichla,
poicephalus,
poikilocarbo,
polemaetus,
polihierax,
poliocephalus,
poliocrania,
poliolais,
poliolimnas,
polioptila,
polyboroides,
polyerata,
polyonymus,
polyplectron,
polysticta,
polystictus,
polytelis,
polytmus,
pomarea,
pomatorhinus,
pomatostomus,
poodytes,
pooecetes,
poospiza,
poospizopsis,
porphyrio,
porphyriops,
porphyrolaema,
porzana,
premnoplex,
premnornis,
primolius,
prinia,
prioniturus,
prionochilus,
prionops,
priotelus,
probosciger,
procarduelis,
procellaria,
procnias,
prodotiscus,
progne,
promerops,
prosobonia,
prosopeia,
prosthemadera,
protonotaria,
prunella,
psalidoprocne,
psaltria,
psaltriparus,
psarisomus,
psarocolius,
psephotus,
pseudasthenes,
pseudastur,
pseudelaenia,
pseudeos,
pseudhirundo,
pseudibis,
pseudobias,
pseudobulweria,
pseudocalyptomena,
pseudochelidon,
pseudocolaptes,
pseudocolopteryx,
pseudoleistes,
pseudonestor,
pseudonigrita,
pseudopipra,
pseudopodoces,
pseudorectes,
pseudosaltator,
pseudoseisura,
pseudospingus,
pseudotriccus,
psilopogon,
psilopsiagon,
psilorhamphus,
psilorhinus,
psiloscops,
psittacara,
psittacella,
psittacula,
psittaculirostris,
psittacus,
psitteuteles,
psittinus,
psittiparus,
psittirostra,
psittrichas,
psophia,
psophocichla,
psophodes,
pteridophora,
pternistis,
pterocles,
pterodroma,
pteroglossus,
pteronetta,
pterophanes,
pteroptochos,
pterorhinus,
pteruthius,
ptilinopus,
ptiliogonys,
ptilocichla,
ptilonorhynchus,
ptilopachus,
ptiloprora,
ptilopsis,
ptiloris,
ptilorrhoa,
ptilostomus,
ptilotula,
ptiloxena,
ptychoramphus,
ptyonoprogne,
pucrasia,
puffinus,
pulsatrix,
purnella,
purpureicephalus,
pycnonotus,
pycnoptilus,
pycnopygius,
pygarrhichas,
pygiptila,
pygochelidon,
pygoscelis,
pyrenestes,
pyriglena,
pyrilia,
pyrocephalus,
pyroderus,
pyrope,
pyrrhocorax,
pyrrholaemus,
pyrrhomyias,
pyrrhoplectes,
pyrrhula,
pyrrhura,
pyrroglaux,
pytilia,
quelea,
querula,
quiscalus,
radjah,
rallina,
rallus,
ramphastos,
ramphocaenus,
ramphocelus,
ramphocinclus,
ramphocoris,
ramphodon,
ramphomicron,
ramphotrigon,
ramsayornis,
randia,
raphus,
rauenia,
recurvirostra,
regulus,
reinwardtipicus,
reinwardtoena,
remiz,
rhabdornis,
rhabdotorrhinus,
rhagologus,
rhamphococcyx,
rhaphidura,
rhea,
rhegmatorhina,
rheinardia,
rhinocrypta,
rhinopomastus,
rhinoptilus,
rhinortha,
rhipidura,
rhizothera,
rhodacanthis,
rhodinocichla,
rhodonessa,
rhodopechys,
rhodophoneus,
rhodopis,
rhodospingus,
rhodospiza,
rhodostethia,
rhodothraupis,
rhopias,
rhopophilus,
rhopornis,
rhopospina,
rhynchocyclus,
rhynchophanes,
rhynchopsitta,
rhynchortyx,
rhynchospiza,
rhynchostruthus,
rhynchotus,
rhynochetos,
rhyticeros,
rhytipterna,
riccordia,
ridgwayia,
rigidipenna,
riparia,
rissa,
robsonius,
rollandia,
rollulus,
roraimia,
rostratula,
rostrhamus,
rougetius,
rowettia,
rubigula,
rukia,
rupicola,
rupornis,
ruwenzorornis,
rynchops,
sagittarius,
sakesphorus,
salpinctes,
salpornis,
saltator,
saltatricula,
salvadorina,
sapayoa,
sappho,
sarcogyps,
sarcophanops,
sarcops,
sarcoramphus,
sarkidiornis,
saroglossa,
sarothrura,
sasia,
satrapa,
saucerottia,
saudareos,
saundersilarus,
saxicola,
sayornis,
sceloglaux,
scelorchilus,
scenopoeetes,
scepomycter,
schetba,
schiffornis,
schistes,
schistochlamys,
schistolais,
schoenicola,
schoeniophylax,
schoeniparus,
schoutedenapus,
sciaphylax,
scissirostrum,
sclateria,
scleroptila,
sclerurus,
scolopax,
scopus,
scotocerca,
scotopelia,
scytalopus,
scythrops,
seiurus,
selasphorus,
selenidera,
seleucidis,
semioptera,
semnornis,
sephanoides,
sericornis,
sericossypha,
sericulus,
serilophus,
serinus,
serpophaga,
setopagis,
setophaga,
setornis,
sheppardia,
sholicola,
sialia,
sibirionetta,
sicalis,
sinosuthora,
siphonorhis,
sipia,
sipodotus,
siptornis,
sirystes,
sitta,
sittasomus,
sittiparus,
smicrornis,
smithornis,
smutsornis,
snowornis,
somateria,
spartonoica,
spatula,
speculanas,
speculipastor,
spelaeornis,
spermestes,
spermophaga,
sphecotheres,
spheniscus,
sphenoeacus,
sphenopsis,
sphyrapicus,
spiloptila,
spilornis,
spindalis,
spinus,
spiza,
spizaetus,
spizella,
spizelloides,
spiziapteryx,
spizixos,
spizocorys,
spodiopsar,
spodiornis,
sporathraupis,
sporophila,
sporopipes,
stachyris,
stactolaema,
stagonopleura,
staphida,
starnoenas,
steatornis,
stelgidillas,
stelgidopteryx,
stenostira,
stephanoaetus,
stephanophorus,
stephanoxis,
stercorarius,
sterna,
sternoclyta,
sternula,
sterrhoptilus,
stictonetta,
stigmatura,
stilpnia,
stiltia,
stiphrornis,
stipiturus,
stizoptera,
stomiopera,
strepera,
streptocitta,
streptopelia,
streptoprocne,
stresemannia,
strigops,
strix,
struthidea,
struthio,
sturnella,
sturnia,
sturnornis,
sturnus,
sublegatus,
sugomel,
suiriri,
sula,
surnia,
surniculus,
suthora,
swynnertonia,
sylvia,
sylvietta,
sylviorthorhynchus,
sylviparus,
syma,
symposiachrus,
synallaxis,
syndactyla,
synoicus,
synorhacma,
synthliboramphus,
sypheotides,
syrigma,
syrmaticus,
syrrhaptes,
syrtidicola,
systellura,
taccocua,
tachornis,
tachuris,
tachybaptus,
tachycineta,
tachyeres,
tachyphonus,
tadorna,
taenioptynx,
taeniopygia,
taeniotriccus,
talaphorus,
talegalla,
tangara,
tanygnathus,
tanysiptera,
taoniscus,
tapera,
taphrolesbia,
taphrospilus,
taraba,
tarphonomus,
tarsiger,
tauraco,
tchagra,
telacanthura,
teledromas,
telespiza,
telophorus,
temnurus,
tephrodornis,
tephrophilus,
tephrozosterops,
terathopius,
terenotriccus,
terenura,
teretistris,
terpsiphone,
territornis,
tersina,
tesia,
tetrao,
tetraogallus,
tetraophasis,
tetrastes,
tetrax,
thalassarche,
thalasseus,
thalassoica,
thalassornis,
thalurania,
thamnistes,
thamnolaea,
thamnomanes,
thamnophilus,
thamnornis,
thaumasius,
thaumastura,
thectocercus,
theristicus,
thescelocichla,
thinocorus,
thinornis,
thlypopsis,
thraupis,
threnetes,
threskiornis,
thripadectes,
thripophaga,
thryomanes,
thryophilus,
thryorchilus,
thryothorus,
tiaris,
tichodroma,
tickellia,
tigriornis,
tigrisoma,
tilmatura,
timalia,
timeliopsis,
tinamotis,
tinamus,
tityra,
tmetothylacus,
tockus,
todiramphus,
todirostrum,
todus,
tolmomyias,
topaza,
torgos,
torreornis,
touit,
toxorhamphus,
toxostoma,
trachyphonus,
tragopan,
traversia,
tregellasia,
treron,
tribonyx,
trichodere,
trichoglossus,
tricholaema,
tricholestes,
trichothraupis,
triclaria,
trigonoceps,
tringa,
trochalopteron,
trochilus,
trochocercus,
troglodytes,
trogon,
tropicoperdix,
trugon,
tumbezia,
tunchiornis,
turacoena,
turdinus,
turdoides,
turdus,
turnagra,
turnix,
turtur,
tylas,
tympanuchus,
tyranneutes,
tyrannopsis,
tyrannulus,
tyrannus,
tyto,
upucerthia,
upupa,
uraeginthus,
uranomitra,
uratelornis,
uria,
urile,
urochroa,
urocissa,
urocolius,
urocynchramus,
urodynamis,
uroglaux,
urolais,
uromyias,
uropelia,
uropsalis,
uropsila,
urosphena,
urosticte,
urothraupis,
urotriorchis,
vanellus,
vanga,
vauriella,
vermivora,
verreauxia,
vidua,
vini,
vireo,
vireolanius,
viridonia,
volatinia,
vosea,
vultur,
wetmorethraupis,
willisornis,
xanthocephalus,
xanthomixis,
xanthopsar,
xanthotis,
xema,
xenerpestes,
xenicus,
xenocopsychus,
xenodacnis,
xenoglaux,
xenoligea,
xenoperdix,
xenopipo,
xenopirostris,
xenops,
xenopsaris,
xenornis,
xenospingus,
xenospiza,
xenotriccus,
xenus,
xiphidiopicus,
xiphocolaptes,
xipholena,
xiphorhynchus,
xolmis,
yuhina,
yungipicus,
zanclostomus,
zapornia,
zaratornis,
zavattariornis,
zebrilus,
zeledonia,
zenaida,
zentrygon,
zimmerius,
zonerodius,
zonotrichia,
zoonavena,
zoothera,
zosterops,
zosterornis,
